11.1248 	INFO 	Loaded monitor calibration from ['2025_02_12 09:50']
11.1388 	WARNING 	User requested fullscreen with size [1024  768], but screen is actually [1920, 1080]. Using actual size
13.0698 	EXP 	Created window1 = Window(allowGUI=False, allowStencil=False, autoLog=True, backendConf=UNKNOWN, backgroundFit=<method-wrapper '__getattribute__' of attributeSetter object at 0x0000027111C37A90>, backgroundImage=<method-wrapper '__getattribute__' of attributeSetter object at 0x0000027111C37AF0>, bitsMode=UNKNOWN, blendMode='avg', bpc=(8, 8, 8), color=array([0, 0, 0]), colorSpace='rgb', depthBits=8, fullscr=True, gamma=None, gammaErrorPolicy='raise', infoMsg=UNKNOWN, lms=UNKNOWN, monitor=<psychopy.monitors.calibTools.Monitor object at 0x0000027111CCD150>, multiSample=False, name='window1', numSamples=2, pos=[0.0, 0.0], screen=0, size=array([1920, 1080]), stencilBits=0, stereo=False, title='PsychoPy', units='height', useFBO=True, useRetina=False, viewOri=0.0, viewPos=None, viewScale=None, waitBlanking=True, winType='pyglet')
13.0700 	EXP 	window1: backgroundImage = ''
13.0700 	EXP 	window1: backgroundFit = 'none'
13.2610 	EXP 	window1: Attempting to measure frame rate of screen (0) ...
13.2611 	EXP 	window1: recordFrameIntervals = False
13.4275 	EXP 	window1: recordFrameIntervals = True
13.6111 	EXP 	Screen (0) actual frame rate measured at 60.02Hz
13.6112 	EXP 	window1: recordFrameIntervals = False
18.2239 	INFO 	keyboard.Keyboard is using iohub backend.
18.2240 	INFO 	keyboard.Keyboard is using iohub backend.
18.2241 	EXP 	Motor Seq Learning main code: status = STARTED
18.2286 	EXP 	Created fixation = ShapeStim(__class__=<class 'psychopy.visual.shape.ShapeStim'>, anchor=('center', 'center'), autoDraw=False, autoLog=True, closeShape=True, color=method-wrapper(...), colorSpace='rgb', contrast=None, depth=0.0, draggable=True, fillColor=array([0.0039, 0.0039, 0.0039]), fillColorSpace='rgb', fillRGB=array([0.0039, 0.0039, 0.0039]), interpolate=True, lineColor=array([0.0039, 0.0039, 0.0039]), lineColorSpace='rgb', lineRGB=array([0.0039, 0.0039, 0.0039]), lineWidth=1.0, name='fixation', opacity=1, ori=0.0, pos=array([0., 0.]), size=array([10., 10.]), units='pix', vertices=ndarray(...), win=Window(...), windingRule=None)
18.2308 	EXP 	Created line1 = Rect(__class__=<class 'psychopy.visual.rect.Rect'>, anchor=('center', 'center'), autoDraw=False, autoLog=True, closeShape=True, color=method-wrapper(...), colorSpace='rgb', contrast=None, depth=-1.0, draggable=False, fillColor=array([1, 1, 1]), fillColorSpace='rgb', fillRGB=array([1, 1, 1]), interpolate=True, lineColor=array([1., 1., 1.]), lineColorSpace='rgb', lineRGB=array([1, 1, 1]), lineWidth=1.0, name='line1', opacity=1, ori=90.0, pos=array([-150.,    0.]), size=array([100.,  10.]), units='pix', vertices=ndarray(...), win=Window(...))
18.2329 	EXP 	Created line2 = Rect(__class__=<class 'psychopy.visual.rect.Rect'>, anchor=('center', 'center'), autoDraw=False, autoLog=True, closeShape=True, color=method-wrapper(...), colorSpace='rgb', contrast=None, depth=-2.0, draggable=False, fillColor=array([1, 1, 1]), fillColorSpace='rgb', fillRGB=array([1, 1, 1]), interpolate=True, lineColor=array([1., 1., 1.]), lineColorSpace='rgb', lineRGB=array([1, 1, 1]), lineWidth=1.0, name='line2', opacity=1, ori=90.0, pos=array([-50.,   0.]), size=array([100.,  10.]), units='pix', vertices=ndarray(...), win=Window(...))
18.2353 	EXP 	Created line3 = Rect(__class__=<class 'psychopy.visual.rect.Rect'>, anchor=('center', 'center'), autoDraw=False, autoLog=True, closeShape=True, color=method-wrapper(...), colorSpace='rgb', contrast=None, depth=-3.0, draggable=False, fillColor=array([1, 1, 1]), fillColorSpace='rgb', fillRGB=array([1, 1, 1]), interpolate=True, lineColor=array([1., 1., 1.]), lineColorSpace='rgb', lineRGB=array([1, 1, 1]), lineWidth=1.0, name='line3', opacity=1, ori=90.0, pos=array([50.,  0.]), size=array([100.,  10.]), units='pix', vertices=ndarray(...), win=Window(...))
18.2378 	EXP 	Created line4 = Rect(__class__=<class 'psychopy.visual.rect.Rect'>, anchor=('center', 'center'), autoDraw=False, autoLog=True, closeShape=True, color=method-wrapper(...), colorSpace='rgb', contrast=None, depth=-4.0, draggable=False, fillColor=array([1, 1, 1]), fillColorSpace='rgb', fillRGB=array([1, 1, 1]), interpolate=True, lineColor=array([1., 1., 1.]), lineColorSpace='rgb', lineRGB=array([1, 1, 1]), lineWidth=1.0, name='line4', opacity=1, ori=90.0, pos=array([150.,   0.]), size=array([100.,  10.]), units='pix', vertices=ndarray(...), win=Window(...))
18.2410 	EXP 	Created probe = ShapeStim(__class__=<class 'psychopy.visual.shape.ShapeStim'>, anchor=('center', 'center'), autoDraw=False, autoLog=True, closeShape=True, color=method-wrapper(...), colorSpace='rgb', contrast=None, depth=-5.0, draggable=False, fillColor=array([1, 1, 1]), fillColorSpace='rgb', fillRGB=array([1, 1, 1]), interpolate=True, lineColor=array([1., 1., 1.]), lineColorSpace='rgb', lineRGB=array([1, 1, 1]), lineWidth=1.0, name='probe', opacity=1, ori=0.0, pos=array([0., 0.]), size=array([10., 10.]), units='pix', vertices=ndarray(...), win=Window(...), windingRule=None)
18.2437 	EXP 	Created fixation = ShapeStim(__class__=<class 'psychopy.visual.shape.ShapeStim'>, anchor=('center', 'center'), autoDraw=False, autoLog=True, closeShape=True, color=method-wrapper(...), colorSpace='rgb', contrast=None, depth=0.0, draggable=True, fillColor=array([0.0039, 0.0039, 0.0039]), fillColorSpace='rgb', fillRGB=array([0.0039, 0.0039, 0.0039]), interpolate=True, lineColor=array([0.0039, 0.0039, 0.0039]), lineColorSpace='rgb', lineRGB=array([0.0039, 0.0039, 0.0039]), lineWidth=1.0, name='fixation', opacity=1, ori=0.0, pos=array([0., 0.]), size=array([10., 10.]), units='pix', vertices=ndarray(...), win=Window(...), windingRule=None)
18.2461 	EXP 	Created line1 = Rect(__class__=<class 'psychopy.visual.rect.Rect'>, anchor=('center', 'center'), autoDraw=False, autoLog=True, closeShape=True, color=method-wrapper(...), colorSpace='rgb', contrast=None, depth=-1.0, draggable=False, fillColor=array([1, 1, 1]), fillColorSpace='rgb', fillRGB=array([1, 1, 1]), interpolate=True, lineColor=array([1., 1., 1.]), lineColorSpace='rgb', lineRGB=array([1, 1, 1]), lineWidth=1.0, name='line1', opacity=1, ori=90.0, pos=array([-150.,    0.]), size=array([100.,  10.]), units='pix', vertices=ndarray(...), win=Window(...))
18.2485 	EXP 	Created line2 = Rect(__class__=<class 'psychopy.visual.rect.Rect'>, anchor=('center', 'center'), autoDraw=False, autoLog=True, closeShape=True, color=method-wrapper(...), colorSpace='rgb', contrast=None, depth=-2.0, draggable=False, fillColor=array([1, 1, 1]), fillColorSpace='rgb', fillRGB=array([1, 1, 1]), interpolate=True, lineColor=array([1., 1., 1.]), lineColorSpace='rgb', lineRGB=array([1, 1, 1]), lineWidth=1.0, name='line2', opacity=1, ori=90.0, pos=array([-50.,   0.]), size=array([100.,  10.]), units='pix', vertices=ndarray(...), win=Window(...))
18.2511 	EXP 	Created line3 = Rect(__class__=<class 'psychopy.visual.rect.Rect'>, anchor=('center', 'center'), autoDraw=False, autoLog=True, closeShape=True, color=method-wrapper(...), colorSpace='rgb', contrast=None, depth=-3.0, draggable=False, fillColor=array([1, 1, 1]), fillColorSpace='rgb', fillRGB=array([1, 1, 1]), interpolate=True, lineColor=array([1., 1., 1.]), lineColorSpace='rgb', lineRGB=array([1, 1, 1]), lineWidth=1.0, name='line3', opacity=1, ori=90.0, pos=array([50.,  0.]), size=array([100.,  10.]), units='pix', vertices=ndarray(...), win=Window(...))
18.2541 	EXP 	Created line4 = Rect(__class__=<class 'psychopy.visual.rect.Rect'>, anchor=('center', 'center'), autoDraw=False, autoLog=True, closeShape=True, color=method-wrapper(...), colorSpace='rgb', contrast=None, depth=-4.0, draggable=False, fillColor=array([1, 1, 1]), fillColorSpace='rgb', fillRGB=array([1, 1, 1]), interpolate=True, lineColor=array([1., 1., 1.]), lineColorSpace='rgb', lineRGB=array([1, 1, 1]), lineWidth=1.0, name='line4', opacity=1, ori=90.0, pos=array([150.,   0.]), size=array([100.,  10.]), units='pix', vertices=ndarray(...), win=Window(...))
18.2574 	EXP 	Created probe = ShapeStim(__class__=<class 'psychopy.visual.shape.ShapeStim'>, anchor=('center', 'center'), autoDraw=False, autoLog=True, closeShape=True, color=method-wrapper(...), colorSpace='rgb', contrast=None, depth=-5.0, draggable=False, fillColor=array([1, 1, 1]), fillColorSpace='rgb', fillRGB=array([1, 1, 1]), interpolate=True, lineColor=array([1., 1., 1.]), lineColorSpace='rgb', lineRGB=array([1, 1, 1]), lineWidth=1.0, name='probe', opacity=1, ori=0.0, pos=array([0., 0.]), size=array([10., 10.]), units='pix', vertices=ndarray(...), win=Window(...), windingRule=None)
0.0095 	EXP 	Imported Mot_SeqLearning.csv as conditions, 4 conditions, 2 params
0.0104 	EXP 	New trial (rep=0, index=0): <Trial 0 (0 in rep 0) data={'pos': -50, 'corr_resp': 'x', 'thisN': 0, 'thisTrialN': 0, 'thisRepN': 0}>
0.0148 	EXP 	fixation: autoDraw = True
1.0150 	EXP 	fixation: autoDraw = False
1.0150 	EXP 	line1: autoDraw = True
1.0150 	EXP 	line2: autoDraw = True
1.0150 	EXP 	line3: autoDraw = True
1.0150 	EXP 	line4: autoDraw = True
2.0139 	INFO 	Keyboard events cleared
2.0133 	EXP 	probe: autoDraw = True
3.2819 	DATA 	Keypress: x
3.3023 	EXP 	New trial (rep=0, index=1): <Trial 1 (1 in rep 0) data={'pos': 150, 'corr_resp': 'v', 'thisN': 1, 'thisTrialN': 1, 'thisRepN': 0}>
3.3121 	EXP 	fixation: autoDraw = False
3.3121 	EXP 	line1: autoDraw = False
3.3121 	EXP 	line2: autoDraw = False
3.3121 	EXP 	line3: autoDraw = False
3.3121 	EXP 	line4: autoDraw = False
3.3121 	EXP 	probe: autoDraw = False
3.3121 	EXP 	fixation: autoDraw = True
4.3112 	EXP 	fixation: autoDraw = False
4.3112 	EXP 	line1: autoDraw = True
4.3112 	EXP 	line2: autoDraw = True
4.3112 	EXP 	line3: autoDraw = True
4.3112 	EXP 	line4: autoDraw = True
5.3113 	INFO 	Keyboard events cleared
5.3105 	EXP 	probe: autoDraw = True
6.0784 	EXP 	New trial (rep=0, index=2): <Trial 2 (2 in rep 0) data={'pos': 50, 'corr_resp': 'c', 'thisN': 2, 'thisTrialN': 2, 'thisRepN': 0}>
6.0800 	DATA 	Keypress: v
6.0928 	EXP 	fixation: autoDraw = False
6.0928 	EXP 	line1: autoDraw = False
6.0928 	EXP 	line2: autoDraw = False
6.0928 	EXP 	line3: autoDraw = False
6.0928 	EXP 	line4: autoDraw = False
6.0928 	EXP 	probe: autoDraw = False
6.0928 	EXP 	fixation: autoDraw = True
7.0922 	EXP 	fixation: autoDraw = False
7.0922 	EXP 	line1: autoDraw = True
7.0922 	EXP 	line2: autoDraw = True
7.0922 	EXP 	line3: autoDraw = True
7.0922 	EXP 	line4: autoDraw = True
8.0918 	INFO 	Keyboard events cleared
8.0914 	EXP 	probe: autoDraw = True
8.5596 	EXP 	New trial (rep=0, index=3): <Trial 3 (3 in rep 0) data={'pos': -150, 'corr_resp': 'z', 'thisN': 3, 'thisTrialN': 3, 'thisRepN': 0}>
8.5615 	DATA 	Keypress: c
8.5743 	EXP 	fixation: autoDraw = False
8.5743 	EXP 	line1: autoDraw = False
8.5743 	EXP 	line2: autoDraw = False
8.5743 	EXP 	line3: autoDraw = False
8.5743 	EXP 	line4: autoDraw = False
8.5743 	EXP 	probe: autoDraw = False
8.5743 	EXP 	fixation: autoDraw = True
9.5736 	EXP 	fixation: autoDraw = False
9.5736 	EXP 	line1: autoDraw = True
9.5736 	EXP 	line2: autoDraw = True
9.5736 	EXP 	line3: autoDraw = True
9.5736 	EXP 	line4: autoDraw = True
10.5735 	INFO 	Keyboard events cleared
10.5729 	EXP 	probe: autoDraw = True
10.9914 	EXP 	New trial (rep=1, index=0): <Trial 4 (0 in rep 1) data={'pos': -50, 'corr_resp': 'x', 'thisN': 4, 'thisTrialN': 0, 'thisRepN': 1}>
10.9934 	DATA 	Keypress: z
11.0060 	EXP 	fixation: autoDraw = False
11.0060 	EXP 	line1: autoDraw = False
11.0060 	EXP 	line2: autoDraw = False
11.0060 	EXP 	line3: autoDraw = False
11.0060 	EXP 	line4: autoDraw = False
11.0060 	EXP 	probe: autoDraw = False
11.0060 	EXP 	fixation: autoDraw = True
12.0051 	EXP 	fixation: autoDraw = False
12.0051 	EXP 	line1: autoDraw = True
12.0051 	EXP 	line2: autoDraw = True
12.0051 	EXP 	line3: autoDraw = True
12.0051 	EXP 	line4: autoDraw = True
13.0050 	INFO 	Keyboard events cleared
13.0044 	EXP 	probe: autoDraw = True
13.5721 	EXP 	New trial (rep=1, index=1): <Trial 5 (1 in rep 1) data={'pos': 150, 'corr_resp': 'v', 'thisN': 5, 'thisTrialN': 1, 'thisRepN': 1}>
13.5736 	DATA 	Keypress: x
13.5871 	EXP 	fixation: autoDraw = False
13.5871 	EXP 	line1: autoDraw = False
13.5871 	EXP 	line2: autoDraw = False
13.5871 	EXP 	line3: autoDraw = False
13.5871 	EXP 	line4: autoDraw = False
13.5871 	EXP 	probe: autoDraw = False
13.5871 	EXP 	fixation: autoDraw = True
14.5862 	EXP 	fixation: autoDraw = False
14.5862 	EXP 	line1: autoDraw = True
14.5862 	EXP 	line2: autoDraw = True
14.5862 	EXP 	line3: autoDraw = True
14.5862 	EXP 	line4: autoDraw = True
15.5859 	INFO 	Keyboard events cleared
15.5853 	EXP 	probe: autoDraw = True
16.0373 	EXP 	New trial (rep=1, index=2): <Trial 6 (2 in rep 1) data={'pos': 50, 'corr_resp': 'c', 'thisN': 6, 'thisTrialN': 2, 'thisRepN': 1}>
16.0394 	DATA 	Keypress: v
16.0516 	EXP 	fixation: autoDraw = False
16.0516 	EXP 	line1: autoDraw = False
16.0516 	EXP 	line2: autoDraw = False
16.0516 	EXP 	line3: autoDraw = False
16.0516 	EXP 	line4: autoDraw = False
16.0516 	EXP 	probe: autoDraw = False
16.0516 	EXP 	fixation: autoDraw = True
17.0509 	EXP 	fixation: autoDraw = False
17.0509 	EXP 	line1: autoDraw = True
17.0509 	EXP 	line2: autoDraw = True
17.0509 	EXP 	line3: autoDraw = True
17.0509 	EXP 	line4: autoDraw = True
18.0506 	INFO 	Keyboard events cleared
18.0499 	EXP 	probe: autoDraw = True
18.5015 	EXP 	New trial (rep=1, index=3): <Trial 7 (3 in rep 1) data={'pos': -150, 'corr_resp': 'z', 'thisN': 7, 'thisTrialN': 3, 'thisRepN': 1}>
18.5038 	DATA 	Keypress: c
18.5162 	EXP 	fixation: autoDraw = False
18.5162 	EXP 	line1: autoDraw = False
18.5162 	EXP 	line2: autoDraw = False
18.5162 	EXP 	line3: autoDraw = False
18.5162 	EXP 	line4: autoDraw = False
18.5162 	EXP 	probe: autoDraw = False
18.5162 	EXP 	fixation: autoDraw = True
19.5152 	EXP 	line1: autoDraw = True
19.5152 	EXP 	line2: autoDraw = True
19.5152 	EXP 	line3: autoDraw = True
19.5152 	EXP 	line4: autoDraw = True
19.5320 	EXP 	fixation: autoDraw = False
20.5151 	INFO 	Keyboard events cleared
20.5145 	EXP 	probe: autoDraw = True
21.0491 	EXP 	New trial (rep=2, index=0): <Trial 8 (0 in rep 2) data={'pos': -50, 'corr_resp': 'x', 'thisN': 8, 'thisTrialN': 0, 'thisRepN': 2}>
21.0507 	DATA 	Keypress: z
21.0639 	EXP 	fixation: autoDraw = False
21.0639 	EXP 	line1: autoDraw = False
21.0639 	EXP 	line2: autoDraw = False
21.0639 	EXP 	line3: autoDraw = False
21.0639 	EXP 	line4: autoDraw = False
21.0639 	EXP 	probe: autoDraw = False
21.0639 	EXP 	fixation: autoDraw = True
22.0632 	EXP 	fixation: autoDraw = False
22.0632 	EXP 	line1: autoDraw = True
22.0632 	EXP 	line2: autoDraw = True
22.0632 	EXP 	line3: autoDraw = True
22.0632 	EXP 	line4: autoDraw = True
23.0628 	INFO 	Keyboard events cleared
23.0622 	EXP 	probe: autoDraw = True
23.9150 	DATA 	Keypress: x
23.9304 	EXP 	New trial (rep=2, index=1): <Trial 9 (1 in rep 2) data={'pos': 150, 'corr_resp': 'v', 'thisN': 9, 'thisTrialN': 1, 'thisRepN': 2}>
23.9448 	EXP 	fixation: autoDraw = False
23.9448 	EXP 	line1: autoDraw = False
23.9448 	EXP 	line2: autoDraw = False
23.9448 	EXP 	line3: autoDraw = False
23.9448 	EXP 	line4: autoDraw = False
23.9448 	EXP 	probe: autoDraw = False
23.9448 	EXP 	fixation: autoDraw = True
24.9438 	EXP 	fixation: autoDraw = False
24.9438 	EXP 	line1: autoDraw = True
24.9438 	EXP 	line2: autoDraw = True
24.9438 	EXP 	line3: autoDraw = True
24.9438 	EXP 	line4: autoDraw = True
25.9437 	INFO 	Keyboard events cleared
25.9430 	EXP 	probe: autoDraw = True
26.3781 	EXP 	New trial (rep=2, index=2): <Trial 10 (2 in rep 2) data={'pos': 50, 'corr_resp': 'c', 'thisN': 10, 'thisTrialN': 2, 'thisRepN': 2}>
26.3800 	DATA 	Keypress: v
26.3927 	EXP 	fixation: autoDraw = False
26.3927 	EXP 	line1: autoDraw = False
26.3927 	EXP 	line2: autoDraw = False
26.3927 	EXP 	line3: autoDraw = False
26.3927 	EXP 	line4: autoDraw = False
26.3927 	EXP 	probe: autoDraw = False
26.3927 	EXP 	fixation: autoDraw = True
27.3919 	EXP 	fixation: autoDraw = False
27.3919 	EXP 	line1: autoDraw = True
27.3919 	EXP 	line2: autoDraw = True
27.3919 	EXP 	line3: autoDraw = True
27.3919 	EXP 	line4: autoDraw = True
28.3912 	INFO 	Keyboard events cleared
28.3908 	EXP 	probe: autoDraw = True
29.1418 	EXP 	New trial (rep=2, index=3): <Trial 11 (3 in rep 2) data={'pos': -150, 'corr_resp': 'z', 'thisN': 11, 'thisTrialN': 3, 'thisRepN': 2}>
29.1435 	DATA 	Keypress: c
29.1569 	EXP 	fixation: autoDraw = False
29.1569 	EXP 	line1: autoDraw = False
29.1569 	EXP 	line2: autoDraw = False
29.1569 	EXP 	line3: autoDraw = False
29.1569 	EXP 	line4: autoDraw = False
29.1569 	EXP 	probe: autoDraw = False
29.1569 	EXP 	fixation: autoDraw = True
30.1559 	EXP 	line1: autoDraw = True
30.1559 	EXP 	line2: autoDraw = True
30.1559 	EXP 	line3: autoDraw = True
30.1559 	EXP 	line4: autoDraw = True
30.1727 	EXP 	fixation: autoDraw = False
31.1555 	INFO 	Keyboard events cleared
31.1550 	EXP 	probe: autoDraw = True
31.9081 	DATA 	Keypress: z
31.9230 	EXP 	New trial (rep=3, index=0): <Trial 12 (0 in rep 3) data={'pos': -50, 'corr_resp': 'x', 'thisN': 12, 'thisTrialN': 0, 'thisRepN': 3}>
31.9378 	EXP 	fixation: autoDraw = False
31.9378 	EXP 	line1: autoDraw = False
31.9378 	EXP 	line2: autoDraw = False
31.9378 	EXP 	line3: autoDraw = False
31.9378 	EXP 	line4: autoDraw = False
31.9378 	EXP 	probe: autoDraw = False
31.9378 	EXP 	fixation: autoDraw = True
32.9369 	EXP 	fixation: autoDraw = False
32.9369 	EXP 	line1: autoDraw = True
32.9369 	EXP 	line2: autoDraw = True
32.9369 	EXP 	line3: autoDraw = True
32.9369 	EXP 	line4: autoDraw = True
33.9368 	INFO 	Keyboard events cleared
33.9361 	EXP 	probe: autoDraw = True
34.5546 	EXP 	New trial (rep=3, index=1): <Trial 13 (1 in rep 3) data={'pos': 150, 'corr_resp': 'v', 'thisN': 13, 'thisTrialN': 1, 'thisRepN': 3}>
34.5565 	DATA 	Keypress: x
34.5688 	EXP 	fixation: autoDraw = False
34.5688 	EXP 	line1: autoDraw = False
34.5688 	EXP 	line2: autoDraw = False
34.5688 	EXP 	line3: autoDraw = False
34.5688 	EXP 	line4: autoDraw = False
34.5688 	EXP 	probe: autoDraw = False
34.5688 	EXP 	fixation: autoDraw = True
35.5679 	EXP 	fixation: autoDraw = False
35.5679 	EXP 	line1: autoDraw = True
35.5679 	EXP 	line2: autoDraw = True
35.5679 	EXP 	line3: autoDraw = True
35.5679 	EXP 	line4: autoDraw = True
36.5678 	INFO 	Keyboard events cleared
36.5671 	EXP 	probe: autoDraw = True
37.3518 	EXP 	New trial (rep=3, index=2): <Trial 14 (2 in rep 3) data={'pos': 50, 'corr_resp': 'c', 'thisN': 14, 'thisTrialN': 2, 'thisRepN': 3}>
37.3537 	DATA 	Keypress: v
37.3663 	EXP 	fixation: autoDraw = False
37.3663 	EXP 	line1: autoDraw = False
37.3663 	EXP 	line2: autoDraw = False
37.3663 	EXP 	line3: autoDraw = False
37.3663 	EXP 	line4: autoDraw = False
37.3663 	EXP 	probe: autoDraw = False
37.3663 	EXP 	fixation: autoDraw = True
38.3656 	EXP 	fixation: autoDraw = False
38.3656 	EXP 	line1: autoDraw = True
38.3656 	EXP 	line2: autoDraw = True
38.3656 	EXP 	line3: autoDraw = True
38.3656 	EXP 	line4: autoDraw = True
39.3655 	INFO 	Keyboard events cleared
39.3648 	EXP 	probe: autoDraw = True
39.9829 	EXP 	New trial (rep=3, index=3): <Trial 15 (3 in rep 3) data={'pos': -150, 'corr_resp': 'z', 'thisN': 15, 'thisTrialN': 3, 'thisRepN': 3}>
39.9849 	DATA 	Keypress: c
39.9975 	EXP 	fixation: autoDraw = False
39.9975 	EXP 	line1: autoDraw = False
39.9975 	EXP 	line2: autoDraw = False
39.9975 	EXP 	line3: autoDraw = False
39.9975 	EXP 	line4: autoDraw = False
39.9975 	EXP 	probe: autoDraw = False
39.9975 	EXP 	fixation: autoDraw = True
40.9965 	EXP 	fixation: autoDraw = False
40.9965 	EXP 	line1: autoDraw = True
40.9965 	EXP 	line2: autoDraw = True
40.9965 	EXP 	line3: autoDraw = True
40.9965 	EXP 	line4: autoDraw = True
41.9961 	INFO 	Keyboard events cleared
41.9956 	EXP 	probe: autoDraw = True
42.3633 	EXP 	New trial (rep=4, index=0): <Trial 16 (0 in rep 4) data={'pos': -50, 'corr_resp': 'x', 'thisN': 16, 'thisTrialN': 0, 'thisRepN': 4}>
42.3646 	DATA 	Keypress: z
42.3786 	EXP 	fixation: autoDraw = False
42.3786 	EXP 	line1: autoDraw = False
42.3786 	EXP 	line2: autoDraw = False
42.3786 	EXP 	line3: autoDraw = False
42.3786 	EXP 	line4: autoDraw = False
42.3786 	EXP 	probe: autoDraw = False
42.3786 	EXP 	fixation: autoDraw = True
43.3779 	EXP 	fixation: autoDraw = False
43.3779 	EXP 	line1: autoDraw = True
43.3779 	EXP 	line2: autoDraw = True
43.3779 	EXP 	line3: autoDraw = True
43.3779 	EXP 	line4: autoDraw = True
44.3777 	INFO 	Keyboard events cleared
44.3771 	EXP 	probe: autoDraw = True
44.8285 	EXP 	New trial (rep=4, index=1): <Trial 17 (1 in rep 4) data={'pos': 150, 'corr_resp': 'v', 'thisN': 17, 'thisTrialN': 1, 'thisRepN': 4}>
44.8304 	DATA 	Keypress: x
44.8432 	EXP 	fixation: autoDraw = False
44.8432 	EXP 	line1: autoDraw = False
44.8432 	EXP 	line2: autoDraw = False
44.8432 	EXP 	line3: autoDraw = False
44.8432 	EXP 	line4: autoDraw = False
44.8432 	EXP 	probe: autoDraw = False
44.8432 	EXP 	fixation: autoDraw = True
45.8423 	EXP 	fixation: autoDraw = False
45.8423 	EXP 	line1: autoDraw = True
45.8423 	EXP 	line2: autoDraw = True
45.8423 	EXP 	line3: autoDraw = True
45.8423 	EXP 	line4: autoDraw = True
46.8422 	INFO 	Keyboard events cleared
46.8415 	EXP 	probe: autoDraw = True
47.3285 	DATA 	Keypress: v
47.3429 	EXP 	New trial (rep=4, index=2): <Trial 18 (2 in rep 4) data={'pos': 50, 'corr_resp': 'c', 'thisN': 18, 'thisTrialN': 2, 'thisRepN': 4}>
47.3578 	EXP 	fixation: autoDraw = False
47.3578 	EXP 	line1: autoDraw = False
47.3578 	EXP 	line2: autoDraw = False
47.3578 	EXP 	line3: autoDraw = False
47.3578 	EXP 	line4: autoDraw = False
47.3578 	EXP 	probe: autoDraw = False
47.3578 	EXP 	fixation: autoDraw = True
48.3569 	EXP 	line1: autoDraw = True
48.3569 	EXP 	line2: autoDraw = True
48.3569 	EXP 	line3: autoDraw = True
48.3569 	EXP 	line4: autoDraw = True
48.3735 	EXP 	fixation: autoDraw = False
49.3567 	INFO 	Keyboard events cleared
49.3560 	EXP 	probe: autoDraw = True
49.7743 	EXP 	New trial (rep=4, index=3): <Trial 19 (3 in rep 4) data={'pos': -150, 'corr_resp': 'z', 'thisN': 19, 'thisTrialN': 3, 'thisRepN': 4}>
49.7763 	DATA 	Keypress: c
49.7888 	EXP 	fixation: autoDraw = False
49.7888 	EXP 	line1: autoDraw = False
49.7888 	EXP 	line2: autoDraw = False
49.7888 	EXP 	line3: autoDraw = False
49.7888 	EXP 	line4: autoDraw = False
49.7888 	EXP 	probe: autoDraw = False
49.7888 	EXP 	fixation: autoDraw = True
50.7881 	EXP 	fixation: autoDraw = False
50.7881 	EXP 	line1: autoDraw = True
50.7881 	EXP 	line2: autoDraw = True
50.7881 	EXP 	line3: autoDraw = True
50.7881 	EXP 	line4: autoDraw = True
51.7878 	INFO 	Keyboard events cleared
51.7873 	EXP 	probe: autoDraw = True
52.1218 	EXP 	New trial (rep=5, index=0): <Trial 20 (0 in rep 5) data={'pos': -50, 'corr_resp': 'x', 'thisN': 20, 'thisTrialN': 0, 'thisRepN': 5}>
52.1234 	DATA 	Keypress: z
52.1369 	EXP 	fixation: autoDraw = False
52.1369 	EXP 	line1: autoDraw = False
52.1369 	EXP 	line2: autoDraw = False
52.1369 	EXP 	line3: autoDraw = False
52.1369 	EXP 	line4: autoDraw = False
52.1369 	EXP 	probe: autoDraw = False
52.1369 	EXP 	fixation: autoDraw = True
53.1359 	EXP 	fixation: autoDraw = False
53.1359 	EXP 	line1: autoDraw = True
53.1359 	EXP 	line2: autoDraw = True
53.1359 	EXP 	line3: autoDraw = True
53.1359 	EXP 	line4: autoDraw = True
54.1356 	INFO 	Keyboard events cleared
54.1351 	EXP 	probe: autoDraw = True
54.5863 	EXP 	New trial (rep=5, index=1): <Trial 21 (1 in rep 5) data={'pos': 150, 'corr_resp': 'v', 'thisN': 21, 'thisTrialN': 1, 'thisRepN': 5}>
54.5879 	DATA 	Keypress: x
54.6013 	EXP 	fixation: autoDraw = False
54.6013 	EXP 	line1: autoDraw = False
54.6013 	EXP 	line2: autoDraw = False
54.6013 	EXP 	line3: autoDraw = False
54.6013 	EXP 	line4: autoDraw = False
54.6013 	EXP 	probe: autoDraw = False
54.6013 	EXP 	fixation: autoDraw = True
55.6005 	EXP 	fixation: autoDraw = False
55.6005 	EXP 	line1: autoDraw = True
55.6005 	EXP 	line2: autoDraw = True
55.6005 	EXP 	line3: autoDraw = True
55.6005 	EXP 	line4: autoDraw = True
56.6002 	INFO 	Keyboard events cleared
56.5996 	EXP 	probe: autoDraw = True
57.0013 	EXP 	New trial (rep=5, index=2): <Trial 22 (2 in rep 5) data={'pos': 50, 'corr_resp': 'c', 'thisN': 22, 'thisTrialN': 2, 'thisRepN': 5}>
57.0032 	DATA 	Keypress: v
57.0160 	EXP 	fixation: autoDraw = False
57.0160 	EXP 	line1: autoDraw = False
57.0160 	EXP 	line2: autoDraw = False
57.0160 	EXP 	line3: autoDraw = False
57.0160 	EXP 	line4: autoDraw = False
57.0160 	EXP 	probe: autoDraw = False
57.0160 	EXP 	fixation: autoDraw = True
58.0150 	EXP 	line1: autoDraw = True
58.0150 	EXP 	line2: autoDraw = True
58.0150 	EXP 	line3: autoDraw = True
58.0150 	EXP 	line4: autoDraw = True
58.0318 	EXP 	fixation: autoDraw = False
59.0150 	INFO 	Keyboard events cleared
59.0142 	EXP 	probe: autoDraw = True
59.3988 	EXP 	New trial (rep=5, index=3): <Trial 23 (3 in rep 5) data={'pos': -150, 'corr_resp': 'z', 'thisN': 23, 'thisTrialN': 3, 'thisRepN': 5}>
59.4004 	DATA 	Keypress: c
59.4137 	EXP 	fixation: autoDraw = False
59.4137 	EXP 	line1: autoDraw = False
59.4137 	EXP 	line2: autoDraw = False
59.4137 	EXP 	line3: autoDraw = False
59.4137 	EXP 	line4: autoDraw = False
59.4137 	EXP 	probe: autoDraw = False
59.4137 	EXP 	fixation: autoDraw = True
60.4130 	EXP 	fixation: autoDraw = False
60.4130 	EXP 	line1: autoDraw = True
60.4130 	EXP 	line2: autoDraw = True
60.4130 	EXP 	line3: autoDraw = True
60.4130 	EXP 	line4: autoDraw = True
61.4127 	INFO 	Keyboard events cleared
61.4120 	EXP 	probe: autoDraw = True
61.8630 	EXP 	New trial (rep=6, index=0): <Trial 24 (0 in rep 6) data={'pos': -50, 'corr_resp': 'x', 'thisN': 24, 'thisTrialN': 0, 'thisRepN': 6}>
61.8643 	DATA 	Keypress: z
61.8782 	EXP 	fixation: autoDraw = False
61.8782 	EXP 	line1: autoDraw = False
61.8782 	EXP 	line2: autoDraw = False
61.8782 	EXP 	line3: autoDraw = False
61.8782 	EXP 	line4: autoDraw = False
61.8782 	EXP 	probe: autoDraw = False
61.8782 	EXP 	fixation: autoDraw = True
62.8776 	EXP 	fixation: autoDraw = False
62.8776 	EXP 	line1: autoDraw = True
62.8776 	EXP 	line2: autoDraw = True
62.8776 	EXP 	line3: autoDraw = True
62.8776 	EXP 	line4: autoDraw = True
63.8773 	INFO 	Keyboard events cleared
63.8766 	EXP 	probe: autoDraw = True
64.4275 	EXP 	New trial (rep=6, index=1): <Trial 25 (1 in rep 6) data={'pos': 150, 'corr_resp': 'v', 'thisN': 25, 'thisTrialN': 1, 'thisRepN': 6}>
64.4289 	DATA 	Keypress: z
64.4428 	EXP 	fixation: autoDraw = False
64.4428 	EXP 	line1: autoDraw = False
64.4428 	EXP 	line2: autoDraw = False
64.4428 	EXP 	line3: autoDraw = False
64.4428 	EXP 	line4: autoDraw = False
64.4428 	EXP 	probe: autoDraw = False
64.4428 	EXP 	fixation: autoDraw = True
65.4421 	EXP 	fixation: autoDraw = False
65.4421 	EXP 	line1: autoDraw = True
65.4421 	EXP 	line2: autoDraw = True
65.4421 	EXP 	line3: autoDraw = True
65.4421 	EXP 	line4: autoDraw = True
66.4417 	INFO 	Keyboard events cleared
66.4411 	EXP 	probe: autoDraw = True
67.2266 	DATA 	Keypress: v
67.2420 	EXP 	New trial (rep=6, index=2): <Trial 26 (2 in rep 6) data={'pos': 50, 'corr_resp': 'c', 'thisN': 26, 'thisTrialN': 2, 'thisRepN': 6}>
67.2570 	EXP 	fixation: autoDraw = False
67.2570 	EXP 	line1: autoDraw = False
67.2570 	EXP 	line2: autoDraw = False
67.2570 	EXP 	line3: autoDraw = False
67.2570 	EXP 	line4: autoDraw = False
67.2570 	EXP 	probe: autoDraw = False
67.2570 	EXP 	fixation: autoDraw = True
68.2561 	EXP 	fixation: autoDraw = False
68.2561 	EXP 	line1: autoDraw = True
68.2561 	EXP 	line2: autoDraw = True
68.2561 	EXP 	line3: autoDraw = True
68.2561 	EXP 	line4: autoDraw = True
69.2559 	INFO 	Keyboard events cleared
69.2553 	EXP 	probe: autoDraw = True
69.8079 	DATA 	Keypress: c
69.8232 	EXP 	New trial (rep=6, index=3): <Trial 27 (3 in rep 6) data={'pos': -150, 'corr_resp': 'z', 'thisN': 27, 'thisTrialN': 3, 'thisRepN': 6}>
69.8380 	EXP 	fixation: autoDraw = False
69.8380 	EXP 	line1: autoDraw = False
69.8380 	EXP 	line2: autoDraw = False
69.8380 	EXP 	line3: autoDraw = False
69.8380 	EXP 	line4: autoDraw = False
69.8380 	EXP 	probe: autoDraw = False
69.8380 	EXP 	fixation: autoDraw = True
70.8371 	EXP 	fixation: autoDraw = False
70.8371 	EXP 	line1: autoDraw = True
70.8371 	EXP 	line2: autoDraw = True
70.8371 	EXP 	line3: autoDraw = True
70.8371 	EXP 	line4: autoDraw = True
71.8369 	INFO 	Keyboard events cleared
71.8363 	EXP 	probe: autoDraw = True
72.9223 	DATA 	Keypress: z
72.9375 	EXP 	New trial (rep=7, index=0): <Trial 28 (0 in rep 7) data={'pos': -50, 'corr_resp': 'x', 'thisN': 28, 'thisTrialN': 0, 'thisRepN': 7}>
72.9520 	EXP 	fixation: autoDraw = False
72.9520 	EXP 	line1: autoDraw = False
72.9520 	EXP 	line2: autoDraw = False
72.9520 	EXP 	line3: autoDraw = False
72.9520 	EXP 	line4: autoDraw = False
72.9520 	EXP 	probe: autoDraw = False
72.9520 	EXP 	fixation: autoDraw = True
73.9512 	EXP 	fixation: autoDraw = False
73.9512 	EXP 	line1: autoDraw = True
73.9512 	EXP 	line2: autoDraw = True
73.9512 	EXP 	line3: autoDraw = True
73.9512 	EXP 	line4: autoDraw = True
74.9508 	INFO 	Keyboard events cleared
74.9502 	EXP 	probe: autoDraw = True
75.4369 	DATA 	Keypress: x
75.4518 	EXP 	New trial (rep=7, index=1): <Trial 29 (1 in rep 7) data={'pos': 150, 'corr_resp': 'v', 'thisN': 29, 'thisTrialN': 1, 'thisRepN': 7}>
75.4664 	EXP 	fixation: autoDraw = False
75.4664 	EXP 	line1: autoDraw = False
75.4664 	EXP 	line2: autoDraw = False
75.4664 	EXP 	line3: autoDraw = False
75.4664 	EXP 	line4: autoDraw = False
75.4664 	EXP 	probe: autoDraw = False
75.4664 	EXP 	fixation: autoDraw = True
76.4657 	EXP 	fixation: autoDraw = False
76.4657 	EXP 	line1: autoDraw = True
76.4657 	EXP 	line2: autoDraw = True
76.4657 	EXP 	line3: autoDraw = True
76.4657 	EXP 	line4: autoDraw = True
77.4653 	INFO 	Keyboard events cleared
77.4648 	EXP 	probe: autoDraw = True
77.9326 	EXP 	New trial (rep=7, index=2): <Trial 30 (2 in rep 7) data={'pos': 50, 'corr_resp': 'c', 'thisN': 30, 'thisTrialN': 2, 'thisRepN': 7}>
77.9343 	DATA 	Keypress: v
77.9477 	EXP 	fixation: autoDraw = False
77.9477 	EXP 	line1: autoDraw = False
77.9477 	EXP 	line2: autoDraw = False
77.9477 	EXP 	line3: autoDraw = False
77.9477 	EXP 	line4: autoDraw = False
77.9477 	EXP 	probe: autoDraw = False
77.9477 	EXP 	fixation: autoDraw = True
78.9468 	EXP 	fixation: autoDraw = False
78.9468 	EXP 	line1: autoDraw = True
78.9468 	EXP 	line2: autoDraw = True
78.9468 	EXP 	line3: autoDraw = True
78.9468 	EXP 	line4: autoDraw = True
79.9466 	INFO 	Keyboard events cleared
79.9459 	EXP 	probe: autoDraw = True
80.3977 	EXP 	New trial (rep=7, index=3): <Trial 31 (3 in rep 7) data={'pos': -150, 'corr_resp': 'z', 'thisN': 31, 'thisTrialN': 3, 'thisRepN': 7}>
80.3996 	DATA 	Keypress: c
80.4121 	EXP 	fixation: autoDraw = False
80.4121 	EXP 	line1: autoDraw = False
80.4121 	EXP 	line2: autoDraw = False
80.4121 	EXP 	line3: autoDraw = False
80.4121 	EXP 	line4: autoDraw = False
80.4121 	EXP 	probe: autoDraw = False
80.4121 	EXP 	fixation: autoDraw = True
81.4114 	EXP 	fixation: autoDraw = False
81.4114 	EXP 	line1: autoDraw = True
81.4114 	EXP 	line2: autoDraw = True
81.4114 	EXP 	line3: autoDraw = True
81.4114 	EXP 	line4: autoDraw = True
82.4112 	INFO 	Keyboard events cleared
82.4106 	EXP 	probe: autoDraw = True
82.7964 	DATA 	Keypress: z
82.8117 	EXP 	New trial (rep=8, index=0): <Trial 32 (0 in rep 8) data={'pos': -50, 'corr_resp': 'x', 'thisN': 32, 'thisTrialN': 0, 'thisRepN': 8}>
82.8266 	EXP 	fixation: autoDraw = False
82.8266 	EXP 	line1: autoDraw = False
82.8266 	EXP 	line2: autoDraw = False
82.8266 	EXP 	line3: autoDraw = False
82.8266 	EXP 	line4: autoDraw = False
82.8266 	EXP 	probe: autoDraw = False
82.8266 	EXP 	fixation: autoDraw = True
83.8258 	EXP 	fixation: autoDraw = False
83.8258 	EXP 	line1: autoDraw = True
83.8258 	EXP 	line2: autoDraw = True
83.8258 	EXP 	line3: autoDraw = True
83.8258 	EXP 	line4: autoDraw = True
84.8255 	INFO 	Keyboard events cleared
84.8249 	EXP 	probe: autoDraw = True
85.7261 	EXP 	New trial (rep=8, index=1): <Trial 33 (1 in rep 8) data={'pos': 150, 'corr_resp': 'v', 'thisN': 33, 'thisTrialN': 1, 'thisRepN': 8}>
85.7280 	DATA 	Keypress: x
85.7408 	EXP 	fixation: autoDraw = False
85.7408 	EXP 	line1: autoDraw = False
85.7408 	EXP 	line2: autoDraw = False
85.7408 	EXP 	line3: autoDraw = False
85.7408 	EXP 	line4: autoDraw = False
85.7408 	EXP 	probe: autoDraw = False
85.7408 	EXP 	fixation: autoDraw = True
86.7400 	EXP 	fixation: autoDraw = False
86.7400 	EXP 	line1: autoDraw = True
86.7400 	EXP 	line2: autoDraw = True
86.7400 	EXP 	line3: autoDraw = True
86.7400 	EXP 	line4: autoDraw = True
87.7397 	INFO 	Keyboard events cleared
87.7390 	EXP 	probe: autoDraw = True
88.6588 	DATA 	Keypress: v
88.6736 	EXP 	New trial (rep=8, index=2): <Trial 34 (2 in rep 8) data={'pos': 50, 'corr_resp': 'c', 'thisN': 34, 'thisTrialN': 2, 'thisRepN': 8}>
88.6883 	EXP 	fixation: autoDraw = False
88.6883 	EXP 	line1: autoDraw = False
88.6883 	EXP 	line2: autoDraw = False
88.6883 	EXP 	line3: autoDraw = False
88.6883 	EXP 	line4: autoDraw = False
88.6883 	EXP 	probe: autoDraw = False
88.6883 	EXP 	fixation: autoDraw = True
89.6874 	EXP 	fixation: autoDraw = False
89.6874 	EXP 	line1: autoDraw = True
89.6874 	EXP 	line2: autoDraw = True
89.6874 	EXP 	line3: autoDraw = True
89.6874 	EXP 	line4: autoDraw = True
90.6872 	INFO 	Keyboard events cleared
90.6865 	EXP 	probe: autoDraw = True
91.4048 	EXP 	New trial (rep=8, index=3): <Trial 35 (3 in rep 8) data={'pos': -150, 'corr_resp': 'z', 'thisN': 35, 'thisTrialN': 3, 'thisRepN': 8}>
91.4068 	DATA 	Keypress: c
91.4192 	EXP 	fixation: autoDraw = False
91.4192 	EXP 	line1: autoDraw = False
91.4192 	EXP 	line2: autoDraw = False
91.4192 	EXP 	line3: autoDraw = False
91.4192 	EXP 	line4: autoDraw = False
91.4192 	EXP 	probe: autoDraw = False
91.4192 	EXP 	fixation: autoDraw = True
92.4184 	EXP 	fixation: autoDraw = False
92.4184 	EXP 	line1: autoDraw = True
92.4184 	EXP 	line2: autoDraw = True
92.4184 	EXP 	line3: autoDraw = True
92.4184 	EXP 	line4: autoDraw = True
93.4180 	INFO 	Keyboard events cleared
93.4174 	EXP 	probe: autoDraw = True
93.8522 	EXP 	New trial (rep=9, index=0): <Trial 36 (0 in rep 9) data={'pos': -50, 'corr_resp': 'x', 'thisN': 36, 'thisTrialN': 0, 'thisRepN': 9}>
93.8539 	DATA 	Keypress: z
93.8670 	EXP 	fixation: autoDraw = False
93.8670 	EXP 	line1: autoDraw = False
93.8670 	EXP 	line2: autoDraw = False
93.8670 	EXP 	line3: autoDraw = False
93.8670 	EXP 	line4: autoDraw = False
93.8670 	EXP 	probe: autoDraw = False
93.8670 	EXP 	fixation: autoDraw = True
94.8662 	EXP 	fixation: autoDraw = False
94.8662 	EXP 	line1: autoDraw = True
94.8662 	EXP 	line2: autoDraw = True
94.8662 	EXP 	line3: autoDraw = True
94.8662 	EXP 	line4: autoDraw = True
95.8661 	INFO 	Keyboard events cleared
95.8654 	EXP 	probe: autoDraw = True
96.3494 	EXP 	New trial (rep=9, index=1): <Trial 37 (1 in rep 9) data={'pos': 150, 'corr_resp': 'v', 'thisN': 37, 'thisTrialN': 1, 'thisRepN': 9}>
96.3506 	DATA 	Keypress: x
96.3650 	EXP 	fixation: autoDraw = False
96.3650 	EXP 	line1: autoDraw = False
96.3650 	EXP 	line2: autoDraw = False
96.3650 	EXP 	line3: autoDraw = False
96.3650 	EXP 	line4: autoDraw = False
96.3650 	EXP 	probe: autoDraw = False
96.3650 	EXP 	fixation: autoDraw = True
97.3640 	EXP 	fixation: autoDraw = False
97.3640 	EXP 	line1: autoDraw = True
97.3640 	EXP 	line2: autoDraw = True
97.3640 	EXP 	line3: autoDraw = True
97.3640 	EXP 	line4: autoDraw = True
98.3638 	INFO 	Keyboard events cleared
98.3631 	EXP 	probe: autoDraw = True
99.1315 	EXP 	New trial (rep=9, index=2): <Trial 38 (2 in rep 9) data={'pos': 50, 'corr_resp': 'c', 'thisN': 38, 'thisTrialN': 2, 'thisRepN': 9}>
99.1334 	DATA 	Keypress: v
99.1458 	EXP 	fixation: autoDraw = False
99.1458 	EXP 	line1: autoDraw = False
99.1458 	EXP 	line2: autoDraw = False
99.1458 	EXP 	line3: autoDraw = False
99.1458 	EXP 	line4: autoDraw = False
99.1458 	EXP 	probe: autoDraw = False
99.1458 	EXP 	fixation: autoDraw = True
100.1448 	EXP 	fixation: autoDraw = False
100.1448 	EXP 	line1: autoDraw = True
100.1448 	EXP 	line2: autoDraw = True
100.1448 	EXP 	line3: autoDraw = True
100.1448 	EXP 	line4: autoDraw = True
101.1449 	INFO 	Keyboard events cleared
101.1441 	EXP 	probe: autoDraw = True
101.7959 	EXP 	New trial (rep=9, index=3): <Trial 39 (3 in rep 9) data={'pos': -150, 'corr_resp': 'z', 'thisN': 39, 'thisTrialN': 3, 'thisRepN': 9}>
101.7988 	DATA 	Keypress: c
101.8102 	EXP 	fixation: autoDraw = False
101.8102 	EXP 	line1: autoDraw = False
101.8102 	EXP 	line2: autoDraw = False
101.8102 	EXP 	line3: autoDraw = False
101.8102 	EXP 	line4: autoDraw = False
101.8102 	EXP 	probe: autoDraw = False
101.8102 	EXP 	fixation: autoDraw = True
102.8093 	EXP 	fixation: autoDraw = False
102.8093 	EXP 	line1: autoDraw = True
102.8093 	EXP 	line2: autoDraw = True
102.8093 	EXP 	line3: autoDraw = True
102.8093 	EXP 	line4: autoDraw = True
103.8093 	INFO 	Keyboard events cleared
103.8086 	EXP 	probe: autoDraw = True
104.5102 	EXP 	New trial (rep=10, index=0): <Trial 40 (0 in rep 10) data={'pos': -50, 'corr_resp': 'x', 'thisN': 40, 'thisTrialN': 0, 'thisRepN': 10}>
104.5128 	DATA 	Keypress: z
104.5245 	EXP 	fixation: autoDraw = False
104.5245 	EXP 	line1: autoDraw = False
104.5245 	EXP 	line2: autoDraw = False
104.5245 	EXP 	line3: autoDraw = False
104.5245 	EXP 	line4: autoDraw = False
104.5245 	EXP 	probe: autoDraw = False
104.5245 	EXP 	fixation: autoDraw = True
105.5235 	EXP 	fixation: autoDraw = False
105.5235 	EXP 	line1: autoDraw = True
105.5235 	EXP 	line2: autoDraw = True
105.5235 	EXP 	line3: autoDraw = True
105.5235 	EXP 	line4: autoDraw = True
106.5233 	INFO 	Keyboard events cleared
106.5227 	EXP 	probe: autoDraw = True
107.1400 	EXP 	New trial (rep=10, index=1): <Trial 41 (1 in rep 10) data={'pos': 150, 'corr_resp': 'v', 'thisN': 41, 'thisTrialN': 1, 'thisRepN': 10}>
107.1413 	DATA 	Keypress: x
107.1554 	EXP 	fixation: autoDraw = False
107.1554 	EXP 	line1: autoDraw = False
107.1554 	EXP 	line2: autoDraw = False
107.1554 	EXP 	line3: autoDraw = False
107.1554 	EXP 	line4: autoDraw = False
107.1554 	EXP 	probe: autoDraw = False
107.1554 	EXP 	fixation: autoDraw = True
108.1546 	EXP 	fixation: autoDraw = False
108.1546 	EXP 	line1: autoDraw = True
108.1546 	EXP 	line2: autoDraw = True
108.1546 	EXP 	line3: autoDraw = True
108.1546 	EXP 	line4: autoDraw = True
109.1543 	INFO 	Keyboard events cleared
109.1537 	EXP 	probe: autoDraw = True
109.5238 	DATA 	Keypress: v
109.5385 	EXP 	New trial (rep=10, index=2): <Trial 42 (2 in rep 10) data={'pos': 50, 'corr_resp': 'c', 'thisN': 42, 'thisTrialN': 2, 'thisRepN': 10}>
109.5534 	EXP 	fixation: autoDraw = False
109.5534 	EXP 	line1: autoDraw = False
109.5534 	EXP 	line2: autoDraw = False
109.5534 	EXP 	line3: autoDraw = False
109.5534 	EXP 	line4: autoDraw = False
109.5534 	EXP 	probe: autoDraw = False
109.5534 	EXP 	fixation: autoDraw = True
110.5525 	EXP 	fixation: autoDraw = False
110.5525 	EXP 	line1: autoDraw = True
110.5525 	EXP 	line2: autoDraw = True
110.5525 	EXP 	line3: autoDraw = True
110.5525 	EXP 	line4: autoDraw = True
111.5522 	INFO 	Keyboard events cleared
111.5516 	EXP 	probe: autoDraw = True
111.9363 	EXP 	New trial (rep=10, index=3): <Trial 43 (3 in rep 10) data={'pos': -150, 'corr_resp': 'z', 'thisN': 43, 'thisTrialN': 3, 'thisRepN': 10}>
111.9379 	DATA 	Keypress: c
111.9512 	EXP 	fixation: autoDraw = False
111.9512 	EXP 	line1: autoDraw = False
111.9512 	EXP 	line2: autoDraw = False
111.9512 	EXP 	line3: autoDraw = False
111.9512 	EXP 	line4: autoDraw = False
111.9512 	EXP 	probe: autoDraw = False
111.9512 	EXP 	fixation: autoDraw = True
112.9506 	EXP 	fixation: autoDraw = False
112.9506 	EXP 	line1: autoDraw = True
112.9506 	EXP 	line2: autoDraw = True
112.9506 	EXP 	line3: autoDraw = True
112.9506 	EXP 	line4: autoDraw = True
113.9503 	INFO 	Keyboard events cleared
113.9496 	EXP 	probe: autoDraw = True
114.4841 	EXP 	New trial (rep=11, index=0): <Trial 44 (0 in rep 11) data={'pos': -50, 'corr_resp': 'x', 'thisN': 44, 'thisTrialN': 0, 'thisRepN': 11}>
114.4859 	DATA 	Keypress: z
114.4990 	EXP 	fixation: autoDraw = False
114.4990 	EXP 	line1: autoDraw = False
114.4990 	EXP 	line2: autoDraw = False
114.4990 	EXP 	line3: autoDraw = False
114.4990 	EXP 	line4: autoDraw = False
114.4990 	EXP 	probe: autoDraw = False
114.4990 	EXP 	fixation: autoDraw = True
115.4984 	EXP 	fixation: autoDraw = False
115.4984 	EXP 	line1: autoDraw = True
115.4984 	EXP 	line2: autoDraw = True
115.4984 	EXP 	line3: autoDraw = True
115.4984 	EXP 	line4: autoDraw = True
116.4978 	INFO 	Keyboard events cleared
116.4973 	EXP 	probe: autoDraw = True
116.9486 	EXP 	New trial (rep=11, index=1): <Trial 45 (1 in rep 11) data={'pos': 150, 'corr_resp': 'v', 'thisN': 45, 'thisTrialN': 1, 'thisRepN': 11}>
116.9502 	DATA 	Keypress: x
116.9636 	EXP 	fixation: autoDraw = False
116.9636 	EXP 	line1: autoDraw = False
116.9636 	EXP 	line2: autoDraw = False
116.9636 	EXP 	line3: autoDraw = False
116.9636 	EXP 	line4: autoDraw = False
116.9636 	EXP 	probe: autoDraw = False
116.9636 	EXP 	fixation: autoDraw = True
117.9628 	EXP 	fixation: autoDraw = False
117.9628 	EXP 	line1: autoDraw = True
117.9628 	EXP 	line2: autoDraw = True
117.9628 	EXP 	line3: autoDraw = True
117.9628 	EXP 	line4: autoDraw = True
118.9624 	INFO 	Keyboard events cleared
118.9619 	EXP 	probe: autoDraw = True
119.4467 	EXP 	New trial (rep=11, index=2): <Trial 46 (2 in rep 11) data={'pos': 50, 'corr_resp': 'c', 'thisN': 46, 'thisTrialN': 2, 'thisRepN': 11}>
119.4486 	DATA 	Keypress: v
119.4614 	EXP 	fixation: autoDraw = False
119.4614 	EXP 	line1: autoDraw = False
119.4614 	EXP 	line2: autoDraw = False
119.4614 	EXP 	line3: autoDraw = False
119.4614 	EXP 	line4: autoDraw = False
119.4614 	EXP 	probe: autoDraw = False
119.4614 	EXP 	fixation: autoDraw = True
120.4605 	EXP 	fixation: autoDraw = False
120.4605 	EXP 	line1: autoDraw = True
120.4605 	EXP 	line2: autoDraw = True
120.4605 	EXP 	line3: autoDraw = True
120.4605 	EXP 	line4: autoDraw = True
121.4599 	INFO 	Keyboard events cleared
121.4595 	EXP 	probe: autoDraw = True
121.9939 	EXP 	New trial (rep=11, index=3): <Trial 47 (3 in rep 11) data={'pos': -150, 'corr_resp': 'z', 'thisN': 47, 'thisTrialN': 3, 'thisRepN': 11}>
121.9953 	DATA 	Keypress: c
122.0093 	EXP 	fixation: autoDraw = False
122.0093 	EXP 	line1: autoDraw = False
122.0093 	EXP 	line2: autoDraw = False
122.0093 	EXP 	line3: autoDraw = False
122.0093 	EXP 	line4: autoDraw = False
122.0093 	EXP 	probe: autoDraw = False
122.0093 	EXP 	fixation: autoDraw = True
123.0084 	EXP 	fixation: autoDraw = False
123.0084 	EXP 	line1: autoDraw = True
123.0084 	EXP 	line2: autoDraw = True
123.0084 	EXP 	line3: autoDraw = True
123.0084 	EXP 	line4: autoDraw = True
124.0076 	INFO 	Keyboard events cleared
124.0068 	EXP 	probe: autoDraw = True
124.4252 	EXP 	New trial (rep=12, index=0): <Trial 48 (0 in rep 12) data={'pos': -50, 'corr_resp': 'x', 'thisN': 48, 'thisTrialN': 0, 'thisRepN': 12}>
124.4271 	DATA 	Keypress: z
124.4396 	EXP 	fixation: autoDraw = False
124.4396 	EXP 	line1: autoDraw = False
124.4396 	EXP 	line2: autoDraw = False
124.4396 	EXP 	line3: autoDraw = False
124.4396 	EXP 	line4: autoDraw = False
124.4396 	EXP 	probe: autoDraw = False
124.4396 	EXP 	fixation: autoDraw = True
125.4389 	EXP 	fixation: autoDraw = False
125.4389 	EXP 	line1: autoDraw = True
125.4389 	EXP 	line2: autoDraw = True
125.4389 	EXP 	line3: autoDraw = True
125.4389 	EXP 	line4: autoDraw = True
126.4385 	INFO 	Keyboard events cleared
126.4380 	EXP 	probe: autoDraw = True
126.8895 	EXP 	New trial (rep=12, index=1): <Trial 49 (1 in rep 12) data={'pos': 150, 'corr_resp': 'v', 'thisN': 49, 'thisTrialN': 1, 'thisRepN': 12}>
126.8912 	DATA 	Keypress: x
126.9042 	EXP 	fixation: autoDraw = False
126.9042 	EXP 	line1: autoDraw = False
126.9042 	EXP 	line2: autoDraw = False
126.9042 	EXP 	line3: autoDraw = False
126.9042 	EXP 	line4: autoDraw = False
126.9042 	EXP 	probe: autoDraw = False
126.9042 	EXP 	fixation: autoDraw = True
127.9036 	EXP 	fixation: autoDraw = False
127.9036 	EXP 	line1: autoDraw = True
127.9036 	EXP 	line2: autoDraw = True
127.9036 	EXP 	line3: autoDraw = True
127.9036 	EXP 	line4: autoDraw = True
128.9034 	INFO 	Keyboard events cleared
128.9027 	EXP 	probe: autoDraw = True
129.2381 	EXP 	New trial (rep=12, index=2): <Trial 50 (2 in rep 12) data={'pos': 50, 'corr_resp': 'c', 'thisN': 50, 'thisTrialN': 2, 'thisRepN': 12}>
129.2400 	DATA 	Keypress: v
129.2527 	EXP 	fixation: autoDraw = False
129.2527 	EXP 	line1: autoDraw = False
129.2527 	EXP 	line2: autoDraw = False
129.2527 	EXP 	line3: autoDraw = False
129.2527 	EXP 	line4: autoDraw = False
129.2527 	EXP 	probe: autoDraw = False
129.2527 	EXP 	fixation: autoDraw = True
130.2520 	EXP 	fixation: autoDraw = False
130.2520 	EXP 	line1: autoDraw = True
130.2520 	EXP 	line2: autoDraw = True
130.2520 	EXP 	line3: autoDraw = True
130.2520 	EXP 	line4: autoDraw = True
131.2519 	INFO 	Keyboard events cleared
131.2512 	EXP 	probe: autoDraw = True
131.7360 	EXP 	New trial (rep=12, index=3): <Trial 51 (3 in rep 12) data={'pos': -150, 'corr_resp': 'z', 'thisN': 51, 'thisTrialN': 3, 'thisRepN': 12}>
131.7379 	DATA 	Keypress: c
131.7507 	EXP 	fixation: autoDraw = False
131.7507 	EXP 	line1: autoDraw = False
131.7507 	EXP 	line2: autoDraw = False
131.7507 	EXP 	line3: autoDraw = False
131.7507 	EXP 	line4: autoDraw = False
131.7507 	EXP 	probe: autoDraw = False
131.7507 	EXP 	fixation: autoDraw = True
132.7497 	EXP 	fixation: autoDraw = False
132.7497 	EXP 	line1: autoDraw = True
132.7497 	EXP 	line2: autoDraw = True
132.7497 	EXP 	line3: autoDraw = True
132.7497 	EXP 	line4: autoDraw = True
133.7498 	INFO 	Keyboard events cleared
133.7491 	EXP 	probe: autoDraw = True
134.1839 	EXP 	New trial (rep=13, index=0): <Trial 52 (0 in rep 13) data={'pos': -50, 'corr_resp': 'x', 'thisN': 52, 'thisTrialN': 0, 'thisRepN': 13}>
134.1862 	DATA 	Keypress: z
134.1985 	EXP 	fixation: autoDraw = False
134.1985 	EXP 	line1: autoDraw = False
134.1985 	EXP 	line2: autoDraw = False
134.1985 	EXP 	line3: autoDraw = False
134.1985 	EXP 	line4: autoDraw = False
134.1985 	EXP 	probe: autoDraw = False
134.1985 	EXP 	fixation: autoDraw = True
135.1977 	EXP 	fixation: autoDraw = False
135.1977 	EXP 	line1: autoDraw = True
135.1977 	EXP 	line2: autoDraw = True
135.1977 	EXP 	line3: autoDraw = True
135.1977 	EXP 	line4: autoDraw = True
136.1976 	INFO 	Keyboard events cleared
136.1969 	EXP 	probe: autoDraw = True
136.5653 	EXP 	New trial (rep=13, index=1): <Trial 53 (1 in rep 13) data={'pos': 150, 'corr_resp': 'v', 'thisN': 53, 'thisTrialN': 1, 'thisRepN': 13}>
136.5672 	DATA 	Keypress: x
136.5798 	EXP 	fixation: autoDraw = False
136.5798 	EXP 	line1: autoDraw = False
136.5798 	EXP 	line2: autoDraw = False
136.5798 	EXP 	line3: autoDraw = False
136.5798 	EXP 	line4: autoDraw = False
136.5798 	EXP 	probe: autoDraw = False
136.5798 	EXP 	fixation: autoDraw = True
137.5791 	EXP 	fixation: autoDraw = False
137.5791 	EXP 	line1: autoDraw = True
137.5791 	EXP 	line2: autoDraw = True
137.5791 	EXP 	line3: autoDraw = True
137.5791 	EXP 	line4: autoDraw = True
138.5786 	INFO 	Keyboard events cleared
138.5780 	EXP 	probe: autoDraw = True
138.9464 	EXP 	New trial (rep=13, index=2): <Trial 54 (2 in rep 13) data={'pos': 50, 'corr_resp': 'c', 'thisN': 54, 'thisTrialN': 2, 'thisRepN': 13}>
138.9483 	DATA 	Keypress: v
138.9612 	EXP 	fixation: autoDraw = False
138.9612 	EXP 	line1: autoDraw = False
138.9612 	EXP 	line2: autoDraw = False
138.9612 	EXP 	line3: autoDraw = False
138.9612 	EXP 	line4: autoDraw = False
138.9612 	EXP 	probe: autoDraw = False
138.9612 	EXP 	fixation: autoDraw = True
139.9601 	EXP 	fixation: autoDraw = False
139.9601 	EXP 	line1: autoDraw = True
139.9601 	EXP 	line2: autoDraw = True
139.9601 	EXP 	line3: autoDraw = True
139.9601 	EXP 	line4: autoDraw = True
140.9602 	INFO 	Keyboard events cleared
140.9594 	EXP 	probe: autoDraw = True
141.2777 	EXP 	New trial (rep=13, index=3): <Trial 55 (3 in rep 13) data={'pos': -150, 'corr_resp': 'z', 'thisN': 55, 'thisTrialN': 3, 'thisRepN': 13}>
141.2797 	DATA 	Keypress: c
141.2925 	EXP 	fixation: autoDraw = False
141.2925 	EXP 	line1: autoDraw = False
141.2925 	EXP 	line2: autoDraw = False
141.2925 	EXP 	line3: autoDraw = False
141.2925 	EXP 	line4: autoDraw = False
141.2925 	EXP 	probe: autoDraw = False
141.2925 	EXP 	fixation: autoDraw = True
142.2915 	EXP 	line1: autoDraw = True
142.2915 	EXP 	line2: autoDraw = True
142.2915 	EXP 	line3: autoDraw = True
142.2915 	EXP 	line4: autoDraw = True
142.3083 	EXP 	fixation: autoDraw = False
143.2914 	INFO 	Keyboard events cleared
143.2907 	EXP 	probe: autoDraw = True
143.8091 	EXP 	New trial (rep=14, index=0): <Trial 56 (0 in rep 14) data={'pos': -50, 'corr_resp': 'x', 'thisN': 56, 'thisTrialN': 0, 'thisRepN': 14}>
143.8110 	DATA 	Keypress: x
143.8236 	EXP 	fixation: autoDraw = False
143.8236 	EXP 	line1: autoDraw = False
143.8236 	EXP 	line2: autoDraw = False
143.8236 	EXP 	line3: autoDraw = False
143.8236 	EXP 	line4: autoDraw = False
143.8236 	EXP 	probe: autoDraw = False
143.8236 	EXP 	fixation: autoDraw = True
144.8227 	EXP 	fixation: autoDraw = False
144.8227 	EXP 	line1: autoDraw = True
144.8227 	EXP 	line2: autoDraw = True
144.8227 	EXP 	line3: autoDraw = True
144.8227 	EXP 	line4: autoDraw = True
145.8225 	INFO 	Keyboard events cleared
145.8218 	EXP 	probe: autoDraw = True
146.3233 	EXP 	New trial (rep=14, index=1): <Trial 57 (1 in rep 14) data={'pos': 150, 'corr_resp': 'v', 'thisN': 57, 'thisTrialN': 1, 'thisRepN': 14}>
146.3253 	DATA 	Keypress: x
146.3380 	EXP 	fixation: autoDraw = False
146.3380 	EXP 	line1: autoDraw = False
146.3380 	EXP 	line2: autoDraw = False
146.3380 	EXP 	line3: autoDraw = False
146.3380 	EXP 	line4: autoDraw = False
146.3380 	EXP 	probe: autoDraw = False
146.3380 	EXP 	fixation: autoDraw = True
147.3371 	EXP 	fixation: autoDraw = False
147.3371 	EXP 	line1: autoDraw = True
147.3371 	EXP 	line2: autoDraw = True
147.3371 	EXP 	line3: autoDraw = True
147.3371 	EXP 	line4: autoDraw = True
148.3369 	INFO 	Keyboard events cleared
148.3362 	EXP 	probe: autoDraw = True
148.6880 	EXP 	New trial (rep=14, index=2): <Trial 58 (2 in rep 14) data={'pos': 50, 'corr_resp': 'c', 'thisN': 58, 'thisTrialN': 2, 'thisRepN': 14}>
148.6900 	DATA 	Keypress: v
148.7025 	EXP 	fixation: autoDraw = False
148.7025 	EXP 	line1: autoDraw = False
148.7025 	EXP 	line2: autoDraw = False
148.7025 	EXP 	line3: autoDraw = False
148.7025 	EXP 	line4: autoDraw = False
148.7025 	EXP 	probe: autoDraw = False
148.7025 	EXP 	fixation: autoDraw = True
149.7017 	EXP 	fixation: autoDraw = False
149.7017 	EXP 	line1: autoDraw = True
149.7017 	EXP 	line2: autoDraw = True
149.7017 	EXP 	line3: autoDraw = True
149.7017 	EXP 	line4: autoDraw = True
150.7014 	INFO 	Keyboard events cleared
150.7008 	EXP 	probe: autoDraw = True
151.1042 	DATA 	Keypress: c
151.1193 	EXP 	New trial (rep=14, index=3): <Trial 59 (3 in rep 14) data={'pos': -150, 'corr_resp': 'z', 'thisN': 59, 'thisTrialN': 3, 'thisRepN': 14}>
151.1337 	EXP 	fixation: autoDraw = False
151.1337 	EXP 	line1: autoDraw = False
151.1337 	EXP 	line2: autoDraw = False
151.1337 	EXP 	line3: autoDraw = False
151.1337 	EXP 	line4: autoDraw = False
151.1337 	EXP 	probe: autoDraw = False
151.1337 	EXP 	fixation: autoDraw = True
152.1330 	EXP 	fixation: autoDraw = False
152.1330 	EXP 	line1: autoDraw = True
152.1330 	EXP 	line2: autoDraw = True
152.1330 	EXP 	line3: autoDraw = True
152.1330 	EXP 	line4: autoDraw = True
153.1330 	INFO 	Keyboard events cleared
153.1322 	EXP 	probe: autoDraw = True
153.4841 	EXP 	New trial (rep=15, index=0): <Trial 60 (0 in rep 15) data={'pos': -50, 'corr_resp': 'x', 'thisN': 60, 'thisTrialN': 0, 'thisRepN': 15}>
153.4861 	DATA 	Keypress: z
153.4985 	EXP 	fixation: autoDraw = False
153.4985 	EXP 	line1: autoDraw = False
153.4985 	EXP 	line2: autoDraw = False
153.4985 	EXP 	line3: autoDraw = False
153.4985 	EXP 	line4: autoDraw = False
153.4985 	EXP 	probe: autoDraw = False
153.4985 	EXP 	fixation: autoDraw = True
154.4976 	EXP 	fixation: autoDraw = False
154.4976 	EXP 	line1: autoDraw = True
154.4976 	EXP 	line2: autoDraw = True
154.4976 	EXP 	line3: autoDraw = True
154.4976 	EXP 	line4: autoDraw = True
155.4974 	INFO 	Keyboard events cleared
155.4967 	EXP 	probe: autoDraw = True
155.9155 	EXP 	New trial (rep=15, index=1): <Trial 61 (1 in rep 15) data={'pos': 150, 'corr_resp': 'v', 'thisN': 61, 'thisTrialN': 1, 'thisRepN': 15}>
155.9174 	DATA 	Keypress: x
155.9298 	EXP 	fixation: autoDraw = False
155.9298 	EXP 	line1: autoDraw = False
155.9298 	EXP 	line2: autoDraw = False
155.9298 	EXP 	line3: autoDraw = False
155.9298 	EXP 	line4: autoDraw = False
155.9298 	EXP 	probe: autoDraw = False
155.9298 	EXP 	fixation: autoDraw = True
156.9287 	EXP 	line1: autoDraw = True
156.9287 	EXP 	line2: autoDraw = True
156.9287 	EXP 	line3: autoDraw = True
156.9287 	EXP 	line4: autoDraw = True
156.9455 	EXP 	fixation: autoDraw = False
157.9285 	INFO 	Keyboard events cleared
157.9279 	EXP 	probe: autoDraw = True
158.3461 	EXP 	New trial (rep=15, index=2): <Trial 62 (2 in rep 15) data={'pos': 50, 'corr_resp': 'c', 'thisN': 62, 'thisTrialN': 2, 'thisRepN': 15}>
158.3480 	DATA 	Keypress: v
158.3610 	EXP 	fixation: autoDraw = False
158.3610 	EXP 	line1: autoDraw = False
158.3610 	EXP 	line2: autoDraw = False
158.3610 	EXP 	line3: autoDraw = False
158.3610 	EXP 	line4: autoDraw = False
158.3610 	EXP 	probe: autoDraw = False
158.3610 	EXP 	fixation: autoDraw = True
159.3600 	EXP 	line1: autoDraw = True
159.3600 	EXP 	line2: autoDraw = True
159.3600 	EXP 	line3: autoDraw = True
159.3600 	EXP 	line4: autoDraw = True
159.3767 	EXP 	fixation: autoDraw = False
160.3597 	INFO 	Keyboard events cleared
160.3591 	EXP 	probe: autoDraw = True
160.7442 	EXP 	New trial (rep=15, index=3): <Trial 63 (3 in rep 15) data={'pos': -150, 'corr_resp': 'z', 'thisN': 63, 'thisTrialN': 3, 'thisRepN': 15}>
160.7462 	DATA 	Keypress: c
160.7587 	EXP 	fixation: autoDraw = False
160.7587 	EXP 	line1: autoDraw = False
160.7587 	EXP 	line2: autoDraw = False
160.7587 	EXP 	line3: autoDraw = False
160.7587 	EXP 	line4: autoDraw = False
160.7587 	EXP 	probe: autoDraw = False
160.7587 	EXP 	fixation: autoDraw = True
161.7578 	EXP 	fixation: autoDraw = False
161.7578 	EXP 	line1: autoDraw = True
161.7578 	EXP 	line2: autoDraw = True
161.7578 	EXP 	line3: autoDraw = True
161.7578 	EXP 	line4: autoDraw = True
162.7577 	INFO 	Keyboard events cleared
162.7570 	EXP 	probe: autoDraw = True
163.3251 	EXP 	New trial (rep=16, index=0): <Trial 64 (0 in rep 16) data={'pos': -50, 'corr_resp': 'x', 'thisN': 64, 'thisTrialN': 0, 'thisRepN': 16}>
163.3277 	DATA 	Keypress: z
163.3399 	EXP 	fixation: autoDraw = False
163.3399 	EXP 	line1: autoDraw = False
163.3399 	EXP 	line2: autoDraw = False
163.3399 	EXP 	line3: autoDraw = False
163.3399 	EXP 	line4: autoDraw = False
163.3399 	EXP 	probe: autoDraw = False
163.3399 	EXP 	fixation: autoDraw = True
164.3391 	EXP 	fixation: autoDraw = False
164.3391 	EXP 	line1: autoDraw = True
164.3391 	EXP 	line2: autoDraw = True
164.3391 	EXP 	line3: autoDraw = True
164.3391 	EXP 	line4: autoDraw = True
165.3389 	INFO 	Keyboard events cleared
165.3383 	EXP 	probe: autoDraw = True
165.9562 	EXP 	New trial (rep=16, index=1): <Trial 65 (1 in rep 16) data={'pos': 150, 'corr_resp': 'v', 'thisN': 65, 'thisTrialN': 1, 'thisRepN': 16}>
165.9586 	DATA 	Keypress: x
165.9708 	EXP 	fixation: autoDraw = False
165.9708 	EXP 	line1: autoDraw = False
165.9708 	EXP 	line2: autoDraw = False
165.9708 	EXP 	line3: autoDraw = False
165.9708 	EXP 	line4: autoDraw = False
165.9708 	EXP 	probe: autoDraw = False
165.9708 	EXP 	fixation: autoDraw = True
166.9699 	EXP 	fixation: autoDraw = False
166.9699 	EXP 	line1: autoDraw = True
166.9699 	EXP 	line2: autoDraw = True
166.9699 	EXP 	line3: autoDraw = True
166.9699 	EXP 	line4: autoDraw = True
167.9697 	INFO 	Keyboard events cleared
167.9691 	EXP 	probe: autoDraw = True
168.5709 	EXP 	New trial (rep=16, index=2): <Trial 66 (2 in rep 16) data={'pos': 50, 'corr_resp': 'c', 'thisN': 66, 'thisTrialN': 2, 'thisRepN': 16}>
168.5729 	DATA 	Keypress: v
168.5854 	EXP 	fixation: autoDraw = False
168.5854 	EXP 	line1: autoDraw = False
168.5854 	EXP 	line2: autoDraw = False
168.5854 	EXP 	line3: autoDraw = False
168.5854 	EXP 	line4: autoDraw = False
168.5854 	EXP 	probe: autoDraw = False
168.5854 	EXP 	fixation: autoDraw = True
169.5843 	EXP 	line1: autoDraw = True
169.5843 	EXP 	line2: autoDraw = True
169.5843 	EXP 	line3: autoDraw = True
169.5843 	EXP 	line4: autoDraw = True
169.6010 	EXP 	fixation: autoDraw = False
170.5841 	INFO 	Keyboard events cleared
170.5835 	EXP 	probe: autoDraw = True
171.1186 	EXP 	New trial (rep=16, index=3): <Trial 67 (3 in rep 16) data={'pos': -150, 'corr_resp': 'z', 'thisN': 67, 'thisTrialN': 3, 'thisRepN': 16}>
171.1206 	DATA 	Keypress: c
171.1331 	EXP 	fixation: autoDraw = False
171.1331 	EXP 	line1: autoDraw = False
171.1331 	EXP 	line2: autoDraw = False
171.1331 	EXP 	line3: autoDraw = False
171.1331 	EXP 	line4: autoDraw = False
171.1331 	EXP 	probe: autoDraw = False
171.1331 	EXP 	fixation: autoDraw = True
172.1321 	EXP 	line1: autoDraw = True
172.1321 	EXP 	line2: autoDraw = True
172.1321 	EXP 	line3: autoDraw = True
172.1321 	EXP 	line4: autoDraw = True
172.1489 	EXP 	fixation: autoDraw = False
173.1319 	INFO 	Keyboard events cleared
173.1313 	EXP 	probe: autoDraw = True
173.7827 	EXP 	New trial (rep=17, index=0): <Trial 68 (0 in rep 17) data={'pos': -50, 'corr_resp': 'x', 'thisN': 68, 'thisTrialN': 0, 'thisRepN': 17}>
173.7845 	DATA 	Keypress: z
173.7975 	EXP 	fixation: autoDraw = False
173.7975 	EXP 	line1: autoDraw = False
173.7975 	EXP 	line2: autoDraw = False
173.7975 	EXP 	line3: autoDraw = False
173.7975 	EXP 	line4: autoDraw = False
173.7975 	EXP 	probe: autoDraw = False
173.7975 	EXP 	fixation: autoDraw = True
174.7966 	EXP 	line1: autoDraw = True
174.7966 	EXP 	line2: autoDraw = True
174.7966 	EXP 	line3: autoDraw = True
174.7966 	EXP 	line4: autoDraw = True
174.8131 	EXP 	fixation: autoDraw = False
175.7962 	INFO 	Keyboard events cleared
175.7956 	EXP 	probe: autoDraw = True
176.3803 	EXP 	New trial (rep=17, index=1): <Trial 69 (1 in rep 17) data={'pos': 150, 'corr_resp': 'v', 'thisN': 69, 'thisTrialN': 1, 'thisRepN': 17}>
176.3818 	DATA 	Keypress: x
176.3950 	EXP 	fixation: autoDraw = False
176.3950 	EXP 	line1: autoDraw = False
176.3950 	EXP 	line2: autoDraw = False
176.3950 	EXP 	line3: autoDraw = False
176.3950 	EXP 	line4: autoDraw = False
176.3950 	EXP 	probe: autoDraw = False
176.3950 	EXP 	fixation: autoDraw = True
177.3942 	EXP 	fixation: autoDraw = False
177.3942 	EXP 	line1: autoDraw = True
177.3942 	EXP 	line2: autoDraw = True
177.3942 	EXP 	line3: autoDraw = True
177.3942 	EXP 	line4: autoDraw = True
178.3938 	INFO 	Keyboard events cleared
178.3933 	EXP 	probe: autoDraw = True
178.9778 	EXP 	New trial (rep=17, index=2): <Trial 70 (2 in rep 17) data={'pos': 50, 'corr_resp': 'c', 'thisN': 70, 'thisTrialN': 2, 'thisRepN': 17}>
178.9796 	DATA 	Keypress: v
178.9929 	EXP 	fixation: autoDraw = False
178.9929 	EXP 	line1: autoDraw = False
178.9929 	EXP 	line2: autoDraw = False
178.9929 	EXP 	line3: autoDraw = False
178.9929 	EXP 	line4: autoDraw = False
178.9929 	EXP 	probe: autoDraw = False
178.9929 	EXP 	fixation: autoDraw = True
179.9920 	EXP 	fixation: autoDraw = False
179.9920 	EXP 	line1: autoDraw = True
179.9920 	EXP 	line2: autoDraw = True
179.9920 	EXP 	line3: autoDraw = True
179.9920 	EXP 	line4: autoDraw = True
180.9917 	INFO 	Keyboard events cleared
180.9910 	EXP 	probe: autoDraw = True
181.4927 	EXP 	New trial (rep=17, index=3): <Trial 71 (3 in rep 17) data={'pos': -150, 'corr_resp': 'z', 'thisN': 71, 'thisTrialN': 3, 'thisRepN': 17}>
181.4945 	DATA 	Keypress: c
181.5073 	EXP 	fixation: autoDraw = False
181.5073 	EXP 	line1: autoDraw = False
181.5073 	EXP 	line2: autoDraw = False
181.5073 	EXP 	line3: autoDraw = False
181.5073 	EXP 	line4: autoDraw = False
181.5073 	EXP 	probe: autoDraw = False
181.5073 	EXP 	fixation: autoDraw = True
182.5064 	EXP 	fixation: autoDraw = False
182.5064 	EXP 	line1: autoDraw = True
182.5064 	EXP 	line2: autoDraw = True
182.5064 	EXP 	line3: autoDraw = True
182.5064 	EXP 	line4: autoDraw = True
183.5061 	INFO 	Keyboard events cleared
183.5056 	EXP 	probe: autoDraw = True
184.7228 	EXP 	New trial (rep=18, index=0): <Trial 72 (0 in rep 18) data={'pos': -50, 'corr_resp': 'x', 'thisN': 72, 'thisTrialN': 0, 'thisRepN': 18}>
184.7243 	DATA 	Keypress: z
184.7378 	EXP 	fixation: autoDraw = False
184.7378 	EXP 	line1: autoDraw = False
184.7378 	EXP 	line2: autoDraw = False
184.7378 	EXP 	line3: autoDraw = False
184.7378 	EXP 	line4: autoDraw = False
184.7378 	EXP 	probe: autoDraw = False
184.7378 	EXP 	fixation: autoDraw = True
185.7369 	EXP 	fixation: autoDraw = False
185.7369 	EXP 	line1: autoDraw = True
185.7369 	EXP 	line2: autoDraw = True
185.7369 	EXP 	line3: autoDraw = True
185.7369 	EXP 	line4: autoDraw = True
186.7365 	INFO 	Keyboard events cleared
186.7360 	EXP 	probe: autoDraw = True
187.4540 	EXP 	New trial (rep=18, index=1): <Trial 73 (1 in rep 18) data={'pos': 150, 'corr_resp': 'v', 'thisN': 73, 'thisTrialN': 1, 'thisRepN': 18}>
187.4556 	DATA 	Keypress: x
187.4687 	EXP 	fixation: autoDraw = False
187.4687 	EXP 	line1: autoDraw = False
187.4687 	EXP 	line2: autoDraw = False
187.4687 	EXP 	line3: autoDraw = False
187.4687 	EXP 	line4: autoDraw = False
187.4687 	EXP 	probe: autoDraw = False
187.4687 	EXP 	fixation: autoDraw = True
188.4679 	EXP 	fixation: autoDraw = False
188.4679 	EXP 	line1: autoDraw = True
188.4679 	EXP 	line2: autoDraw = True
188.4679 	EXP 	line3: autoDraw = True
188.4679 	EXP 	line4: autoDraw = True
189.4676 	INFO 	Keyboard events cleared
189.4670 	EXP 	probe: autoDraw = True
189.9524 	EXP 	New trial (rep=18, index=2): <Trial 74 (2 in rep 18) data={'pos': 50, 'corr_resp': 'c', 'thisN': 74, 'thisTrialN': 2, 'thisRepN': 18}>
189.9537 	DATA 	Keypress: v
189.9667 	EXP 	fixation: autoDraw = False
189.9667 	EXP 	line1: autoDraw = False
189.9667 	EXP 	line2: autoDraw = False
189.9667 	EXP 	line3: autoDraw = False
189.9667 	EXP 	line4: autoDraw = False
189.9667 	EXP 	probe: autoDraw = False
189.9667 	EXP 	fixation: autoDraw = True
190.9661 	EXP 	line1: autoDraw = True
190.9661 	EXP 	line2: autoDraw = True
190.9661 	EXP 	line3: autoDraw = True
190.9661 	EXP 	line4: autoDraw = True
190.9825 	EXP 	fixation: autoDraw = False
191.9652 	INFO 	Keyboard events cleared
191.9648 	EXP 	probe: autoDraw = True
192.3828 	EXP 	New trial (rep=18, index=3): <Trial 75 (3 in rep 18) data={'pos': -150, 'corr_resp': 'z', 'thisN': 75, 'thisTrialN': 3, 'thisRepN': 18}>
192.3845 	DATA 	Keypress: c
192.3979 	EXP 	fixation: autoDraw = False
192.3979 	EXP 	line1: autoDraw = False
192.3979 	EXP 	line2: autoDraw = False
192.3979 	EXP 	line3: autoDraw = False
192.3979 	EXP 	line4: autoDraw = False
192.3979 	EXP 	probe: autoDraw = False
192.3979 	EXP 	fixation: autoDraw = True
193.3968 	EXP 	fixation: autoDraw = False
193.3968 	EXP 	line1: autoDraw = True
193.3968 	EXP 	line2: autoDraw = True
193.3968 	EXP 	line3: autoDraw = True
193.3968 	EXP 	line4: autoDraw = True
194.3966 	INFO 	Keyboard events cleared
194.3960 	EXP 	probe: autoDraw = True
194.8136 	EXP 	New trial (rep=19, index=0): <Trial 76 (0 in rep 19) data={'pos': -50, 'corr_resp': 'x', 'thisN': 76, 'thisTrialN': 0, 'thisRepN': 19}>
194.8148 	DATA 	Keypress: z
194.8291 	EXP 	fixation: autoDraw = False
194.8291 	EXP 	line1: autoDraw = False
194.8291 	EXP 	line2: autoDraw = False
194.8291 	EXP 	line3: autoDraw = False
194.8291 	EXP 	line4: autoDraw = False
194.8291 	EXP 	probe: autoDraw = False
194.8291 	EXP 	fixation: autoDraw = True
195.8281 	EXP 	fixation: autoDraw = False
195.8281 	EXP 	line1: autoDraw = True
195.8281 	EXP 	line2: autoDraw = True
195.8281 	EXP 	line3: autoDraw = True
195.8281 	EXP 	line4: autoDraw = True
196.8279 	INFO 	Keyboard events cleared
196.8273 	EXP 	probe: autoDraw = True
197.3281 	EXP 	New trial (rep=19, index=1): <Trial 77 (1 in rep 19) data={'pos': 150, 'corr_resp': 'v', 'thisN': 77, 'thisTrialN': 1, 'thisRepN': 19}>
197.3295 	DATA 	Keypress: x
197.3435 	EXP 	fixation: autoDraw = False
197.3435 	EXP 	line1: autoDraw = False
197.3435 	EXP 	line2: autoDraw = False
197.3435 	EXP 	line3: autoDraw = False
197.3435 	EXP 	line4: autoDraw = False
197.3435 	EXP 	probe: autoDraw = False
197.3435 	EXP 	fixation: autoDraw = True
198.3428 	EXP 	fixation: autoDraw = False
198.3428 	EXP 	line1: autoDraw = True
198.3428 	EXP 	line2: autoDraw = True
198.3428 	EXP 	line3: autoDraw = True
198.3428 	EXP 	line4: autoDraw = True
199.3425 	INFO 	Keyboard events cleared
199.3418 	EXP 	probe: autoDraw = True
199.6783 	DATA 	Keypress: v
199.6935 	EXP 	New trial (rep=19, index=2): <Trial 78 (2 in rep 19) data={'pos': 50, 'corr_resp': 'c', 'thisN': 78, 'thisTrialN': 2, 'thisRepN': 19}>
199.7081 	EXP 	fixation: autoDraw = False
199.7081 	EXP 	line1: autoDraw = False
199.7081 	EXP 	line2: autoDraw = False
199.7081 	EXP 	line3: autoDraw = False
199.7081 	EXP 	line4: autoDraw = False
199.7081 	EXP 	probe: autoDraw = False
199.7081 	EXP 	fixation: autoDraw = True
200.7073 	EXP 	fixation: autoDraw = False
200.7073 	EXP 	line1: autoDraw = True
200.7073 	EXP 	line2: autoDraw = True
200.7073 	EXP 	line3: autoDraw = True
200.7073 	EXP 	line4: autoDraw = True
201.7071 	INFO 	Keyboard events cleared
201.7063 	EXP 	probe: autoDraw = True
202.0582 	EXP 	New trial (rep=19, index=3): <Trial 79 (3 in rep 19) data={'pos': -150, 'corr_resp': 'z', 'thisN': 79, 'thisTrialN': 3, 'thisRepN': 19}>
202.0600 	DATA 	Keypress: c
202.0725 	EXP 	fixation: autoDraw = False
202.0725 	EXP 	line1: autoDraw = False
202.0725 	EXP 	line2: autoDraw = False
202.0725 	EXP 	line3: autoDraw = False
202.0725 	EXP 	line4: autoDraw = False
202.0725 	EXP 	probe: autoDraw = False
202.0725 	EXP 	fixation: autoDraw = True
203.0718 	EXP 	fixation: autoDraw = False
203.0718 	EXP 	line1: autoDraw = True
203.0718 	EXP 	line2: autoDraw = True
203.0718 	EXP 	line3: autoDraw = True
203.0718 	EXP 	line4: autoDraw = True
204.0715 	INFO 	Keyboard events cleared
204.0709 	EXP 	probe: autoDraw = True
204.5453 	EXP 	Imported Mot_SeqLearning.csv as conditions, 4 conditions, 2 params
204.5470 	EXP 	New trial (rep=0, index=0): <Trial 0 (0 in rep 0) data={'pos': 50, 'corr_resp': 'c', 'thisN': 0, 'thisTrialN': 0, 'thisRepN': 0}>
204.5486 	DATA 	Keypress: z
204.5538 	EXP 	fixation: autoDraw = False
204.5538 	EXP 	line1: autoDraw = False
204.5538 	EXP 	line2: autoDraw = False
204.5538 	EXP 	line3: autoDraw = False
204.5538 	EXP 	line4: autoDraw = False
204.5538 	EXP 	probe: autoDraw = False
204.5538 	EXP 	fixation: autoDraw = True
205.5530 	EXP 	fixation: autoDraw = False
205.5530 	EXP 	line1: autoDraw = True
205.5530 	EXP 	line2: autoDraw = True
205.5530 	EXP 	line3: autoDraw = True
205.5530 	EXP 	line4: autoDraw = True
206.5525 	INFO 	Keyboard events cleared
206.5520 	EXP 	probe: autoDraw = True
207.0367 	EXP 	New trial (rep=0, index=1): <Trial 1 (1 in rep 0) data={'pos': -50, 'corr_resp': 'x', 'thisN': 1, 'thisTrialN': 1, 'thisRepN': 0}>
207.0381 	DATA 	Keypress: c
207.0516 	EXP 	fixation: autoDraw = False
207.0516 	EXP 	line1: autoDraw = False
207.0516 	EXP 	line2: autoDraw = False
207.0516 	EXP 	line3: autoDraw = False
207.0516 	EXP 	line4: autoDraw = False
207.0516 	EXP 	probe: autoDraw = False
207.0516 	EXP 	fixation: autoDraw = True
208.0507 	EXP 	fixation: autoDraw = False
208.0507 	EXP 	line1: autoDraw = True
208.0507 	EXP 	line2: autoDraw = True
208.0507 	EXP 	line3: autoDraw = True
208.0507 	EXP 	line4: autoDraw = True
209.0508 	INFO 	Keyboard events cleared
209.0501 	EXP 	probe: autoDraw = True
209.5843 	EXP 	New trial (rep=0, index=2): <Trial 2 (2 in rep 0) data={'pos': -150, 'corr_resp': 'z', 'thisN': 2, 'thisTrialN': 2, 'thisRepN': 0}>
209.5856 	DATA 	Keypress: x
209.5994 	EXP 	fixation: autoDraw = False
209.5994 	EXP 	line1: autoDraw = False
209.5994 	EXP 	line2: autoDraw = False
209.5994 	EXP 	line3: autoDraw = False
209.5994 	EXP 	line4: autoDraw = False
209.5994 	EXP 	probe: autoDraw = False
209.5994 	EXP 	fixation: autoDraw = True
210.5985 	EXP 	fixation: autoDraw = False
210.5985 	EXP 	line1: autoDraw = True
210.5985 	EXP 	line2: autoDraw = True
210.5985 	EXP 	line3: autoDraw = True
210.5985 	EXP 	line4: autoDraw = True
211.5981 	INFO 	Keyboard events cleared
211.5976 	EXP 	probe: autoDraw = True
211.9326 	EXP 	New trial (rep=1, index=3): <Trial 3 (3 in rep 1) data={'pos': -50, 'corr_resp': 'x', 'thisN': 3, 'thisTrialN': 3, 'thisRepN': 1}>
211.9344 	DATA 	Keypress: z
211.9475 	EXP 	fixation: autoDraw = False
211.9475 	EXP 	line1: autoDraw = False
211.9475 	EXP 	line2: autoDraw = False
211.9475 	EXP 	line3: autoDraw = False
211.9475 	EXP 	line4: autoDraw = False
211.9475 	EXP 	probe: autoDraw = False
211.9475 	EXP 	fixation: autoDraw = True
212.9466 	EXP 	fixation: autoDraw = False
212.9466 	EXP 	line1: autoDraw = True
212.9466 	EXP 	line2: autoDraw = True
212.9466 	EXP 	line3: autoDraw = True
212.9466 	EXP 	line4: autoDraw = True
213.9462 	INFO 	Keyboard events cleared
213.9456 	EXP 	probe: autoDraw = True
214.4970 	EXP 	New trial (rep=0, index=4): <Trial 4 (4 in rep 0) data={'pos': 150, 'corr_resp': 'v', 'thisN': 4, 'thisTrialN': 4, 'thisRepN': 0}>
214.4987 	DATA 	Keypress: x
214.5118 	EXP 	fixation: autoDraw = False
214.5118 	EXP 	line1: autoDraw = False
214.5118 	EXP 	line2: autoDraw = False
214.5118 	EXP 	line3: autoDraw = False
214.5118 	EXP 	line4: autoDraw = False
214.5118 	EXP 	probe: autoDraw = False
214.5118 	EXP 	fixation: autoDraw = True
215.5109 	EXP 	fixation: autoDraw = False
215.5109 	EXP 	line1: autoDraw = True
215.5109 	EXP 	line2: autoDraw = True
215.5109 	EXP 	line3: autoDraw = True
215.5109 	EXP 	line4: autoDraw = True
216.5105 	INFO 	Keyboard events cleared
216.5100 	EXP 	probe: autoDraw = True
216.8949 	EXP 	New trial (rep=1, index=5): <Trial 5 (5 in rep 1) data={'pos': 50, 'corr_resp': 'c', 'thisN': 5, 'thisTrialN': 5, 'thisRepN': 1}>
216.8966 	DATA 	Keypress: v
216.9097 	EXP 	fixation: autoDraw = False
216.9097 	EXP 	line1: autoDraw = False
216.9097 	EXP 	line2: autoDraw = False
216.9097 	EXP 	line3: autoDraw = False
216.9097 	EXP 	line4: autoDraw = False
216.9097 	EXP 	probe: autoDraw = False
216.9097 	EXP 	fixation: autoDraw = True
217.9090 	EXP 	fixation: autoDraw = False
217.9090 	EXP 	line1: autoDraw = True
217.9090 	EXP 	line2: autoDraw = True
217.9090 	EXP 	line3: autoDraw = True
217.9090 	EXP 	line4: autoDraw = True
218.9087 	INFO 	Keyboard events cleared
218.9080 	EXP 	probe: autoDraw = True
219.2947 	DATA 	Keypress: c
219.3100 	EXP 	New trial (rep=2, index=6): <Trial 6 (6 in rep 2) data={'pos': 50, 'corr_resp': 'c', 'thisN': 6, 'thisTrialN': 6, 'thisRepN': 2}>
219.3243 	EXP 	fixation: autoDraw = False
219.3243 	EXP 	line1: autoDraw = False
219.3243 	EXP 	line2: autoDraw = False
219.3243 	EXP 	line3: autoDraw = False
219.3243 	EXP 	line4: autoDraw = False
219.3243 	EXP 	probe: autoDraw = False
219.3243 	EXP 	fixation: autoDraw = True
220.3236 	EXP 	fixation: autoDraw = False
220.3236 	EXP 	line1: autoDraw = True
220.3236 	EXP 	line2: autoDraw = True
220.3236 	EXP 	line3: autoDraw = True
220.3236 	EXP 	line4: autoDraw = True
221.3232 	INFO 	Keyboard events cleared
221.3227 	EXP 	probe: autoDraw = True
221.6906 	EXP 	New trial (rep=1, index=7): <Trial 7 (7 in rep 1) data={'pos': -150, 'corr_resp': 'z', 'thisN': 7, 'thisTrialN': 7, 'thisRepN': 1}>
221.6922 	DATA 	Keypress: c
221.7055 	EXP 	fixation: autoDraw = False
221.7055 	EXP 	line1: autoDraw = False
221.7055 	EXP 	line2: autoDraw = False
221.7055 	EXP 	line3: autoDraw = False
221.7055 	EXP 	line4: autoDraw = False
221.7055 	EXP 	probe: autoDraw = False
221.7055 	EXP 	fixation: autoDraw = True
222.7047 	EXP 	fixation: autoDraw = False
222.7047 	EXP 	line1: autoDraw = True
222.7047 	EXP 	line2: autoDraw = True
222.7047 	EXP 	line3: autoDraw = True
222.7047 	EXP 	line4: autoDraw = True
223.7044 	INFO 	Keyboard events cleared
223.7037 	EXP 	probe: autoDraw = True
224.1554 	EXP 	New trial (rep=2, index=8): <Trial 8 (8 in rep 2) data={'pos': -50, 'corr_resp': 'x', 'thisN': 8, 'thisTrialN': 8, 'thisRepN': 2}>
224.1573 	DATA 	Keypress: z
224.1702 	EXP 	fixation: autoDraw = False
224.1702 	EXP 	line1: autoDraw = False
224.1702 	EXP 	line2: autoDraw = False
224.1702 	EXP 	line3: autoDraw = False
224.1702 	EXP 	line4: autoDraw = False
224.1702 	EXP 	probe: autoDraw = False
224.1702 	EXP 	fixation: autoDraw = True
225.1694 	EXP 	fixation: autoDraw = False
225.1694 	EXP 	line1: autoDraw = True
225.1694 	EXP 	line2: autoDraw = True
225.1694 	EXP 	line3: autoDraw = True
225.1694 	EXP 	line4: autoDraw = True
226.1689 	INFO 	Keyboard events cleared
226.1683 	EXP 	probe: autoDraw = True
226.7549 	DATA 	Keypress: x
226.7702 	EXP 	New trial (rep=1, index=9): <Trial 9 (9 in rep 1) data={'pos': 150, 'corr_resp': 'v', 'thisN': 9, 'thisTrialN': 9, 'thisRepN': 1}>
226.7844 	EXP 	fixation: autoDraw = False
226.7844 	EXP 	line1: autoDraw = False
226.7844 	EXP 	line2: autoDraw = False
226.7844 	EXP 	line3: autoDraw = False
226.7844 	EXP 	line4: autoDraw = False
226.7844 	EXP 	probe: autoDraw = False
226.7844 	EXP 	fixation: autoDraw = True
227.7836 	EXP 	fixation: autoDraw = False
227.7836 	EXP 	line1: autoDraw = True
227.7836 	EXP 	line2: autoDraw = True
227.7836 	EXP 	line3: autoDraw = True
227.7836 	EXP 	line4: autoDraw = True
228.7834 	INFO 	Keyboard events cleared
228.7827 	EXP 	probe: autoDraw = True
229.1180 	EXP 	New trial (rep=3, index=10): <Trial 10 (10 in rep 3) data={'pos': 50, 'corr_resp': 'c', 'thisN': 10, 'thisTrialN': 10, 'thisRepN': 3}>
229.1199 	DATA 	Keypress: v
229.1324 	EXP 	fixation: autoDraw = False
229.1324 	EXP 	line1: autoDraw = False
229.1324 	EXP 	line2: autoDraw = False
229.1324 	EXP 	line3: autoDraw = False
229.1324 	EXP 	line4: autoDraw = False
229.1324 	EXP 	probe: autoDraw = False
229.1324 	EXP 	fixation: autoDraw = True
230.1315 	EXP 	fixation: autoDraw = False
230.1315 	EXP 	line1: autoDraw = True
230.1315 	EXP 	line2: autoDraw = True
230.1315 	EXP 	line3: autoDraw = True
230.1315 	EXP 	line4: autoDraw = True
231.1313 	INFO 	Keyboard events cleared
231.1306 	EXP 	probe: autoDraw = True
231.4988 	EXP 	New trial (rep=3, index=11): <Trial 11 (11 in rep 3) data={'pos': -50, 'corr_resp': 'x', 'thisN': 11, 'thisTrialN': 11, 'thisRepN': 3}>
231.5004 	DATA 	Keypress: c
231.5137 	EXP 	fixation: autoDraw = False
231.5137 	EXP 	line1: autoDraw = False
231.5137 	EXP 	line2: autoDraw = False
231.5137 	EXP 	line3: autoDraw = False
231.5137 	EXP 	line4: autoDraw = False
231.5137 	EXP 	probe: autoDraw = False
231.5137 	EXP 	fixation: autoDraw = True
232.5128 	EXP 	fixation: autoDraw = False
232.5128 	EXP 	line1: autoDraw = True
232.5128 	EXP 	line2: autoDraw = True
232.5128 	EXP 	line3: autoDraw = True
232.5128 	EXP 	line4: autoDraw = True
233.5125 	INFO 	Keyboard events cleared
233.5119 	EXP 	probe: autoDraw = True
234.1126 	EXP 	New trial (rep=2, index=12): <Trial 12 (12 in rep 2) data={'pos': -150, 'corr_resp': 'z', 'thisN': 12, 'thisTrialN': 12, 'thisRepN': 2}>
234.1139 	DATA 	Keypress: x
234.1279 	EXP 	fixation: autoDraw = False
234.1279 	EXP 	line1: autoDraw = False
234.1279 	EXP 	line2: autoDraw = False
234.1279 	EXP 	line3: autoDraw = False
234.1279 	EXP 	line4: autoDraw = False
234.1279 	EXP 	probe: autoDraw = False
234.1279 	EXP 	fixation: autoDraw = True
235.1271 	EXP 	fixation: autoDraw = False
235.1271 	EXP 	line1: autoDraw = True
235.1271 	EXP 	line2: autoDraw = True
235.1271 	EXP 	line3: autoDraw = True
235.1271 	EXP 	line4: autoDraw = True
236.1271 	INFO 	Keyboard events cleared
236.1264 	EXP 	probe: autoDraw = True
236.5626 	DATA 	Keypress: z
236.5775 	EXP 	New trial (rep=2, index=13): <Trial 13 (13 in rep 2) data={'pos': 150, 'corr_resp': 'v', 'thisN': 13, 'thisTrialN': 13, 'thisRepN': 2}>
236.5927 	EXP 	fixation: autoDraw = False
236.5927 	EXP 	line1: autoDraw = False
236.5927 	EXP 	line2: autoDraw = False
236.5927 	EXP 	line3: autoDraw = False
236.5927 	EXP 	line4: autoDraw = False
236.5927 	EXP 	probe: autoDraw = False
236.5927 	EXP 	fixation: autoDraw = True
237.5917 	EXP 	fixation: autoDraw = False
237.5917 	EXP 	line1: autoDraw = True
237.5917 	EXP 	line2: autoDraw = True
237.5917 	EXP 	line3: autoDraw = True
237.5917 	EXP 	line4: autoDraw = True
238.5915 	INFO 	Keyboard events cleared
238.5909 	EXP 	probe: autoDraw = True
239.0750 	EXP 	New trial (rep=3, index=14): <Trial 14 (14 in rep 3) data={'pos': 150, 'corr_resp': 'v', 'thisN': 14, 'thisTrialN': 14, 'thisRepN': 3}>
239.0762 	DATA 	Keypress: v
239.0905 	EXP 	fixation: autoDraw = False
239.0905 	EXP 	line1: autoDraw = False
239.0905 	EXP 	line2: autoDraw = False
239.0905 	EXP 	line3: autoDraw = False
239.0905 	EXP 	line4: autoDraw = False
239.0905 	EXP 	probe: autoDraw = False
239.0905 	EXP 	fixation: autoDraw = True
240.0896 	EXP 	fixation: autoDraw = False
240.0896 	EXP 	line1: autoDraw = True
240.0896 	EXP 	line2: autoDraw = True
240.0896 	EXP 	line3: autoDraw = True
240.0896 	EXP 	line4: autoDraw = True
241.0891 	INFO 	Keyboard events cleared
241.0886 	EXP 	probe: autoDraw = True
241.4568 	EXP 	New trial (rep=3, index=15): <Trial 15 (15 in rep 3) data={'pos': -150, 'corr_resp': 'z', 'thisN': 15, 'thisTrialN': 15, 'thisRepN': 3}>
241.4587 	DATA 	Keypress: v
241.4717 	EXP 	fixation: autoDraw = False
241.4717 	EXP 	line1: autoDraw = False
241.4717 	EXP 	line2: autoDraw = False
241.4717 	EXP 	line3: autoDraw = False
241.4717 	EXP 	line4: autoDraw = False
241.4717 	EXP 	probe: autoDraw = False
241.4717 	EXP 	fixation: autoDraw = True
242.4712 	EXP 	fixation: autoDraw = False
242.4712 	EXP 	line1: autoDraw = True
242.4712 	EXP 	line2: autoDraw = True
242.4712 	EXP 	line3: autoDraw = True
242.4712 	EXP 	line4: autoDraw = True
243.4707 	INFO 	Keyboard events cleared
243.4701 	EXP 	probe: autoDraw = True
243.8719 	EXP 	New trial (rep=4, index=16): <Trial 16 (16 in rep 4) data={'pos': -50, 'corr_resp': 'x', 'thisN': 16, 'thisTrialN': 16, 'thisRepN': 4}>
243.8739 	DATA 	Keypress: z
243.8863 	EXP 	fixation: autoDraw = False
243.8863 	EXP 	line1: autoDraw = False
243.8863 	EXP 	line2: autoDraw = False
243.8863 	EXP 	line3: autoDraw = False
243.8863 	EXP 	line4: autoDraw = False
243.8863 	EXP 	probe: autoDraw = False
243.8863 	EXP 	fixation: autoDraw = True
244.8853 	EXP 	fixation: autoDraw = False
244.8853 	EXP 	line1: autoDraw = True
244.8853 	EXP 	line2: autoDraw = True
244.8853 	EXP 	line3: autoDraw = True
244.8853 	EXP 	line4: autoDraw = True
245.8848 	INFO 	Keyboard events cleared
245.8844 	EXP 	probe: autoDraw = True
246.4855 	EXP 	New trial (rep=4, index=17): <Trial 17 (17 in rep 4) data={'pos': 50, 'corr_resp': 'c', 'thisN': 17, 'thisTrialN': 17, 'thisRepN': 4}>
246.4872 	DATA 	Keypress: x
246.5007 	EXP 	fixation: autoDraw = False
246.5007 	EXP 	line1: autoDraw = False
246.5007 	EXP 	line2: autoDraw = False
246.5007 	EXP 	line3: autoDraw = False
246.5007 	EXP 	line4: autoDraw = False
246.5007 	EXP 	probe: autoDraw = False
246.5007 	EXP 	fixation: autoDraw = True
247.4998 	EXP 	fixation: autoDraw = False
247.4998 	EXP 	line1: autoDraw = True
247.4998 	EXP 	line2: autoDraw = True
247.4998 	EXP 	line3: autoDraw = True
247.4998 	EXP 	line4: autoDraw = True
248.4992 	INFO 	Keyboard events cleared
248.4987 	EXP 	probe: autoDraw = True
249.0333 	EXP 	New trial (rep=4, index=18): <Trial 18 (18 in rep 4) data={'pos': -150, 'corr_resp': 'z', 'thisN': 18, 'thisTrialN': 18, 'thisRepN': 4}>
249.0353 	DATA 	Keypress: c
249.0481 	EXP 	fixation: autoDraw = False
249.0481 	EXP 	line1: autoDraw = False
249.0481 	EXP 	line2: autoDraw = False
249.0481 	EXP 	line3: autoDraw = False
249.0481 	EXP 	line4: autoDraw = False
249.0481 	EXP 	probe: autoDraw = False
249.0481 	EXP 	fixation: autoDraw = True
250.0473 	EXP 	fixation: autoDraw = False
250.0473 	EXP 	line1: autoDraw = True
250.0473 	EXP 	line2: autoDraw = True
250.0473 	EXP 	line3: autoDraw = True
250.0473 	EXP 	line4: autoDraw = True
251.0473 	INFO 	Keyboard events cleared
251.0467 	EXP 	probe: autoDraw = True
251.5166 	DATA 	Keypress: z
251.5316 	EXP 	New trial (rep=5, index=19): <Trial 19 (19 in rep 5) data={'pos': -50, 'corr_resp': 'x', 'thisN': 19, 'thisTrialN': 19, 'thisRepN': 5}>
251.5461 	EXP 	fixation: autoDraw = False
251.5461 	EXP 	line1: autoDraw = False
251.5461 	EXP 	line2: autoDraw = False
251.5461 	EXP 	line3: autoDraw = False
251.5461 	EXP 	line4: autoDraw = False
251.5461 	EXP 	probe: autoDraw = False
251.5461 	EXP 	fixation: autoDraw = True
252.5454 	EXP 	fixation: autoDraw = False
252.5454 	EXP 	line1: autoDraw = True
252.5454 	EXP 	line2: autoDraw = True
252.5454 	EXP 	line3: autoDraw = True
252.5454 	EXP 	line4: autoDraw = True
253.5445 	INFO 	Keyboard events cleared
253.5438 	EXP 	probe: autoDraw = True
253.9128 	EXP 	New trial (rep=5, index=20): <Trial 20 (20 in rep 5) data={'pos': 50, 'corr_resp': 'c', 'thisN': 20, 'thisTrialN': 20, 'thisRepN': 5}>
253.9148 	DATA 	Keypress: x
253.9267 	EXP 	fixation: autoDraw = False
253.9267 	EXP 	line1: autoDraw = False
253.9267 	EXP 	line2: autoDraw = False
253.9267 	EXP 	line3: autoDraw = False
253.9267 	EXP 	line4: autoDraw = False
253.9267 	EXP 	probe: autoDraw = False
253.9267 	EXP 	fixation: autoDraw = True
254.9259 	EXP 	fixation: autoDraw = False
254.9259 	EXP 	line1: autoDraw = True
254.9259 	EXP 	line2: autoDraw = True
254.9259 	EXP 	line3: autoDraw = True
254.9259 	EXP 	line4: autoDraw = True
255.9260 	INFO 	Keyboard events cleared
255.9252 	EXP 	probe: autoDraw = True
256.3608 	EXP 	New trial (rep=5, index=21): <Trial 21 (21 in rep 5) data={'pos': -150, 'corr_resp': 'z', 'thisN': 21, 'thisTrialN': 21, 'thisRepN': 5}>
256.3632 	DATA 	Keypress: c
256.3747 	EXP 	fixation: autoDraw = False
256.3747 	EXP 	line1: autoDraw = False
256.3747 	EXP 	line2: autoDraw = False
256.3747 	EXP 	line3: autoDraw = False
256.3747 	EXP 	line4: autoDraw = False
256.3747 	EXP 	probe: autoDraw = False
256.3747 	EXP 	fixation: autoDraw = True
257.3740 	EXP 	fixation: autoDraw = False
257.3740 	EXP 	line1: autoDraw = True
257.3740 	EXP 	line2: autoDraw = True
257.3740 	EXP 	line3: autoDraw = True
257.3740 	EXP 	line4: autoDraw = True
258.3741 	INFO 	Keyboard events cleared
258.3732 	EXP 	probe: autoDraw = True
258.7578 	EXP 	New trial (rep=6, index=22): <Trial 22 (22 in rep 6) data={'pos': -50, 'corr_resp': 'x', 'thisN': 22, 'thisTrialN': 22, 'thisRepN': 6}>
258.7594 	DATA 	Keypress: z
258.7730 	EXP 	fixation: autoDraw = False
258.7730 	EXP 	line1: autoDraw = False
258.7730 	EXP 	line2: autoDraw = False
258.7730 	EXP 	line3: autoDraw = False
258.7730 	EXP 	line4: autoDraw = False
258.7730 	EXP 	probe: autoDraw = False
258.7730 	EXP 	fixation: autoDraw = True
259.7724 	EXP 	fixation: autoDraw = False
259.7724 	EXP 	line1: autoDraw = True
259.7724 	EXP 	line2: autoDraw = True
259.7724 	EXP 	line3: autoDraw = True
259.7724 	EXP 	line4: autoDraw = True
260.7723 	INFO 	Keyboard events cleared
260.7716 	EXP 	probe: autoDraw = True
261.1900 	EXP 	New trial (rep=6, index=23): <Trial 23 (23 in rep 6) data={'pos': 50, 'corr_resp': 'c', 'thisN': 23, 'thisTrialN': 23, 'thisRepN': 6}>
261.1922 	DATA 	Keypress: x
261.2044 	EXP 	fixation: autoDraw = False
261.2044 	EXP 	line1: autoDraw = False
261.2044 	EXP 	line2: autoDraw = False
261.2044 	EXP 	line3: autoDraw = False
261.2044 	EXP 	line4: autoDraw = False
261.2044 	EXP 	probe: autoDraw = False
261.2044 	EXP 	fixation: autoDraw = True
262.2035 	EXP 	fixation: autoDraw = False
262.2035 	EXP 	line1: autoDraw = True
262.2035 	EXP 	line2: autoDraw = True
262.2035 	EXP 	line3: autoDraw = True
262.2035 	EXP 	line4: autoDraw = True
263.2030 	INFO 	Keyboard events cleared
263.2026 	EXP 	probe: autoDraw = True
263.6206 	EXP 	New trial (rep=6, index=24): <Trial 24 (24 in rep 6) data={'pos': -150, 'corr_resp': 'z', 'thisN': 24, 'thisTrialN': 24, 'thisRepN': 6}>
263.6222 	DATA 	Keypress: v
263.6355 	EXP 	fixation: autoDraw = False
263.6355 	EXP 	line1: autoDraw = False
263.6355 	EXP 	line2: autoDraw = False
263.6355 	EXP 	line3: autoDraw = False
263.6355 	EXP 	line4: autoDraw = False
263.6355 	EXP 	probe: autoDraw = False
263.6355 	EXP 	fixation: autoDraw = True
264.6349 	EXP 	fixation: autoDraw = False
264.6349 	EXP 	line1: autoDraw = True
264.6349 	EXP 	line2: autoDraw = True
264.6349 	EXP 	line3: autoDraw = True
264.6349 	EXP 	line4: autoDraw = True
265.6346 	INFO 	Keyboard events cleared
265.6340 	EXP 	probe: autoDraw = True
266.2705 	DATA 	Keypress: z
266.2849 	EXP 	New trial (rep=4, index=25): <Trial 25 (25 in rep 4) data={'pos': 150, 'corr_resp': 'v', 'thisN': 25, 'thisTrialN': 25, 'thisRepN': 4}>
266.2999 	EXP 	fixation: autoDraw = False
266.2999 	EXP 	line1: autoDraw = False
266.2999 	EXP 	line2: autoDraw = False
266.2999 	EXP 	line3: autoDraw = False
266.2999 	EXP 	line4: autoDraw = False
266.2999 	EXP 	probe: autoDraw = False
266.2999 	EXP 	fixation: autoDraw = True
267.2992 	EXP 	fixation: autoDraw = False
267.2992 	EXP 	line1: autoDraw = True
267.2992 	EXP 	line2: autoDraw = True
267.2992 	EXP 	line3: autoDraw = True
267.2992 	EXP 	line4: autoDraw = True
268.2990 	INFO 	Keyboard events cleared
268.2984 	EXP 	probe: autoDraw = True
268.7498 	EXP 	New trial (rep=7, index=26): <Trial 26 (26 in rep 7) data={'pos': 50, 'corr_resp': 'c', 'thisN': 26, 'thisTrialN': 26, 'thisRepN': 7}>
268.7517 	DATA 	Keypress: v
268.7645 	EXP 	fixation: autoDraw = False
268.7645 	EXP 	line1: autoDraw = False
268.7645 	EXP 	line2: autoDraw = False
268.7645 	EXP 	line3: autoDraw = False
268.7645 	EXP 	line4: autoDraw = False
268.7645 	EXP 	probe: autoDraw = False
268.7645 	EXP 	fixation: autoDraw = True
269.7637 	EXP 	fixation: autoDraw = False
269.7637 	EXP 	line1: autoDraw = True
269.7637 	EXP 	line2: autoDraw = True
269.7637 	EXP 	line3: autoDraw = True
269.7637 	EXP 	line4: autoDraw = True
270.7635 	INFO 	Keyboard events cleared
270.7629 	EXP 	probe: autoDraw = True
271.2145 	EXP 	New trial (rep=5, index=27): <Trial 27 (27 in rep 5) data={'pos': 150, 'corr_resp': 'v', 'thisN': 27, 'thisTrialN': 27, 'thisRepN': 5}>
271.2165 	DATA 	Keypress: c
271.2290 	EXP 	fixation: autoDraw = False
271.2290 	EXP 	line1: autoDraw = False
271.2290 	EXP 	line2: autoDraw = False
271.2290 	EXP 	line3: autoDraw = False
271.2290 	EXP 	line4: autoDraw = False
271.2290 	EXP 	probe: autoDraw = False
271.2290 	EXP 	fixation: autoDraw = True
272.2282 	EXP 	fixation: autoDraw = False
272.2282 	EXP 	line1: autoDraw = True
272.2282 	EXP 	line2: autoDraw = True
272.2282 	EXP 	line3: autoDraw = True
272.2282 	EXP 	line4: autoDraw = True
273.2282 	INFO 	Keyboard events cleared
273.2275 	EXP 	probe: autoDraw = True
273.6956 	EXP 	New trial (rep=6, index=28): <Trial 28 (28 in rep 6) data={'pos': 150, 'corr_resp': 'v', 'thisN': 28, 'thisTrialN': 28, 'thisRepN': 6}>
273.6978 	DATA 	Keypress: v
273.7102 	EXP 	fixation: autoDraw = False
273.7102 	EXP 	line1: autoDraw = False
273.7102 	EXP 	line2: autoDraw = False
273.7102 	EXP 	line3: autoDraw = False
273.7102 	EXP 	line4: autoDraw = False
273.7102 	EXP 	probe: autoDraw = False
273.7102 	EXP 	fixation: autoDraw = True
274.7092 	EXP 	fixation: autoDraw = False
274.7092 	EXP 	line1: autoDraw = True
274.7092 	EXP 	line2: autoDraw = True
274.7092 	EXP 	line3: autoDraw = True
274.7092 	EXP 	line4: autoDraw = True
275.7092 	INFO 	Keyboard events cleared
275.7085 	EXP 	probe: autoDraw = True
276.0786 	DATA 	Keypress: v
276.0935 	EXP 	New trial (rep=7, index=29): <Trial 29 (29 in rep 7) data={'pos': -150, 'corr_resp': 'z', 'thisN': 29, 'thisTrialN': 29, 'thisRepN': 7}>
276.1082 	EXP 	fixation: autoDraw = False
276.1082 	EXP 	line1: autoDraw = False
276.1082 	EXP 	line2: autoDraw = False
276.1082 	EXP 	line3: autoDraw = False
276.1082 	EXP 	line4: autoDraw = False
276.1082 	EXP 	probe: autoDraw = False
276.1082 	EXP 	fixation: autoDraw = True
277.1074 	EXP 	line1: autoDraw = True
277.1074 	EXP 	line2: autoDraw = True
277.1074 	EXP 	line3: autoDraw = True
277.1074 	EXP 	line4: autoDraw = True
277.1239 	EXP 	fixation: autoDraw = False
278.1070 	INFO 	Keyboard events cleared
278.1064 	EXP 	probe: autoDraw = True
278.5239 	EXP 	New trial (rep=7, index=30): <Trial 30 (30 in rep 7) data={'pos': -50, 'corr_resp': 'x', 'thisN': 30, 'thisTrialN': 30, 'thisRepN': 7}>
278.5258 	DATA 	Keypress: z
278.5391 	EXP 	fixation: autoDraw = False
278.5391 	EXP 	line1: autoDraw = False
278.5391 	EXP 	line2: autoDraw = False
278.5391 	EXP 	line3: autoDraw = False
278.5391 	EXP 	line4: autoDraw = False
278.5391 	EXP 	probe: autoDraw = False
278.5391 	EXP 	fixation: autoDraw = True
279.5384 	EXP 	fixation: autoDraw = False
279.5384 	EXP 	line1: autoDraw = True
279.5384 	EXP 	line2: autoDraw = True
279.5384 	EXP 	line3: autoDraw = True
279.5384 	EXP 	line4: autoDraw = True
280.5381 	INFO 	Keyboard events cleared
280.5376 	EXP 	probe: autoDraw = True
280.9560 	EXP 	New trial (rep=7, index=31): <Trial 31 (31 in rep 7) data={'pos': 150, 'corr_resp': 'v', 'thisN': 31, 'thisTrialN': 31, 'thisRepN': 7}>
280.9575 	DATA 	Keypress: x
280.9707 	EXP 	fixation: autoDraw = False
280.9707 	EXP 	line1: autoDraw = False
280.9707 	EXP 	line2: autoDraw = False
280.9707 	EXP 	line3: autoDraw = False
280.9707 	EXP 	line4: autoDraw = False
280.9707 	EXP 	probe: autoDraw = False
280.9707 	EXP 	fixation: autoDraw = True
281.9696 	EXP 	line1: autoDraw = True
281.9696 	EXP 	line2: autoDraw = True
281.9696 	EXP 	line3: autoDraw = True
281.9696 	EXP 	line4: autoDraw = True
281.9864 	EXP 	fixation: autoDraw = False
282.9696 	INFO 	Keyboard events cleared
282.9688 	EXP 	probe: autoDraw = True
283.3870 	EXP 	New trial (rep=8, index=32): <Trial 32 (32 in rep 8) data={'pos': 50, 'corr_resp': 'c', 'thisN': 32, 'thisTrialN': 32, 'thisRepN': 8}>
283.3890 	DATA 	Keypress: v
283.4018 	EXP 	fixation: autoDraw = False
283.4018 	EXP 	line1: autoDraw = False
283.4018 	EXP 	line2: autoDraw = False
283.4018 	EXP 	line3: autoDraw = False
283.4018 	EXP 	line4: autoDraw = False
283.4018 	EXP 	probe: autoDraw = False
283.4018 	EXP 	fixation: autoDraw = True
284.4009 	EXP 	fixation: autoDraw = False
284.4009 	EXP 	line1: autoDraw = True
284.4009 	EXP 	line2: autoDraw = True
284.4009 	EXP 	line3: autoDraw = True
284.4009 	EXP 	line4: autoDraw = True
285.4008 	INFO 	Keyboard events cleared
285.4001 	EXP 	probe: autoDraw = True
285.9348 	EXP 	New trial (rep=9, index=33): <Trial 33 (33 in rep 9) data={'pos': 50, 'corr_resp': 'c', 'thisN': 33, 'thisTrialN': 33, 'thisRepN': 9}>
285.9367 	DATA 	Keypress: c
285.9496 	EXP 	fixation: autoDraw = False
285.9496 	EXP 	line1: autoDraw = False
285.9496 	EXP 	line2: autoDraw = False
285.9496 	EXP 	line3: autoDraw = False
285.9496 	EXP 	line4: autoDraw = False
285.9496 	EXP 	probe: autoDraw = False
285.9496 	EXP 	fixation: autoDraw = True
286.9487 	EXP 	fixation: autoDraw = False
286.9487 	EXP 	line1: autoDraw = True
286.9487 	EXP 	line2: autoDraw = True
286.9487 	EXP 	line3: autoDraw = True
286.9487 	EXP 	line4: autoDraw = True
287.9484 	INFO 	Keyboard events cleared
287.9478 	EXP 	probe: autoDraw = True
288.2995 	EXP 	New trial (rep=8, index=34): <Trial 34 (34 in rep 8) data={'pos': 150, 'corr_resp': 'v', 'thisN': 34, 'thisTrialN': 34, 'thisRepN': 8}>
288.3015 	DATA 	Keypress: c
288.3140 	EXP 	fixation: autoDraw = False
288.3140 	EXP 	line1: autoDraw = False
288.3140 	EXP 	line2: autoDraw = False
288.3140 	EXP 	line3: autoDraw = False
288.3140 	EXP 	line4: autoDraw = False
288.3140 	EXP 	probe: autoDraw = False
288.3140 	EXP 	fixation: autoDraw = True
289.3133 	EXP 	fixation: autoDraw = False
289.3133 	EXP 	line1: autoDraw = True
289.3133 	EXP 	line2: autoDraw = True
289.3133 	EXP 	line3: autoDraw = True
289.3133 	EXP 	line4: autoDraw = True
290.3132 	INFO 	Keyboard events cleared
290.3123 	EXP 	probe: autoDraw = True
290.6481 	DATA 	Keypress: v
290.6631 	EXP 	New trial (rep=8, index=35): <Trial 35 (35 in rep 8) data={'pos': -50, 'corr_resp': 'x', 'thisN': 35, 'thisTrialN': 35, 'thisRepN': 8}>
290.6786 	EXP 	fixation: autoDraw = False
290.6786 	EXP 	line1: autoDraw = False
290.6786 	EXP 	line2: autoDraw = False
290.6786 	EXP 	line3: autoDraw = False
290.6786 	EXP 	line4: autoDraw = False
290.6786 	EXP 	probe: autoDraw = False
290.6786 	EXP 	fixation: autoDraw = True
291.6779 	EXP 	fixation: autoDraw = False
291.6779 	EXP 	line1: autoDraw = True
291.6779 	EXP 	line2: autoDraw = True
291.6779 	EXP 	line3: autoDraw = True
291.6779 	EXP 	line4: autoDraw = True
292.6773 	INFO 	Keyboard events cleared
292.6769 	EXP 	probe: autoDraw = True
293.2616 	EXP 	New trial (rep=9, index=36): <Trial 36 (36 in rep 9) data={'pos': 150, 'corr_resp': 'v', 'thisN': 36, 'thisTrialN': 36, 'thisRepN': 9}>
293.2634 	DATA 	Keypress: c
293.2764 	EXP 	fixation: autoDraw = False
293.2764 	EXP 	line1: autoDraw = False
293.2764 	EXP 	line2: autoDraw = False
293.2764 	EXP 	line3: autoDraw = False
293.2764 	EXP 	line4: autoDraw = False
293.2764 	EXP 	probe: autoDraw = False
293.2764 	EXP 	fixation: autoDraw = True
294.2756 	EXP 	fixation: autoDraw = False
294.2756 	EXP 	line1: autoDraw = True
294.2756 	EXP 	line2: autoDraw = True
294.2756 	EXP 	line3: autoDraw = True
294.2756 	EXP 	line4: autoDraw = True
294.8433 	DATA 	Mouse: Left button down, pos=(682,750)
295.0601 	DATA 	Mouse:  Left button up, pos=(682,750)
295.2746 	INFO 	Keyboard events cleared
295.2741 	EXP 	probe: autoDraw = True
296.1745 	EXP 	New trial (rep=10, index=37): <Trial 37 (37 in rep 10) data={'pos': 150, 'corr_resp': 'v', 'thisN': 37, 'thisTrialN': 37, 'thisRepN': 10}>
296.1760 	DATA 	Keypress: v
296.1897 	EXP 	fixation: autoDraw = False
296.1897 	EXP 	line1: autoDraw = False
296.1897 	EXP 	line2: autoDraw = False
296.1897 	EXP 	line3: autoDraw = False
296.1897 	EXP 	line4: autoDraw = False
296.1897 	EXP 	probe: autoDraw = False
296.1897 	EXP 	fixation: autoDraw = True
297.1890 	EXP 	fixation: autoDraw = False
297.1890 	EXP 	line1: autoDraw = True
297.1890 	EXP 	line2: autoDraw = True
297.1890 	EXP 	line3: autoDraw = True
297.1890 	EXP 	line4: autoDraw = True
298.1889 	INFO 	Keyboard events cleared
298.1883 	EXP 	probe: autoDraw = True
298.6730 	EXP 	New trial (rep=11, index=38): <Trial 38 (38 in rep 11) data={'pos': 150, 'corr_resp': 'v', 'thisN': 38, 'thisTrialN': 38, 'thisRepN': 11}>
298.6746 	DATA 	Keypress: v
298.6879 	EXP 	fixation: autoDraw = False
298.6879 	EXP 	line1: autoDraw = False
298.6879 	EXP 	line2: autoDraw = False
298.6879 	EXP 	line3: autoDraw = False
298.6879 	EXP 	line4: autoDraw = False
298.6879 	EXP 	probe: autoDraw = False
298.6879 	EXP 	fixation: autoDraw = True
299.6872 	EXP 	fixation: autoDraw = False
299.6872 	EXP 	line1: autoDraw = True
299.6872 	EXP 	line2: autoDraw = True
299.6872 	EXP 	line3: autoDraw = True
299.6872 	EXP 	line4: autoDraw = True
300.6869 	INFO 	Keyboard events cleared
300.6865 	EXP 	probe: autoDraw = True
301.1050 	EXP 	New trial (rep=12, index=39): <Trial 39 (39 in rep 12) data={'pos': 150, 'corr_resp': 'v', 'thisN': 39, 'thisTrialN': 39, 'thisRepN': 12}>
301.1066 	DATA 	Keypress: v
301.1197 	EXP 	fixation: autoDraw = False
301.1197 	EXP 	line1: autoDraw = False
301.1197 	EXP 	line2: autoDraw = False
301.1197 	EXP 	line3: autoDraw = False
301.1197 	EXP 	line4: autoDraw = False
301.1197 	EXP 	probe: autoDraw = False
301.1197 	EXP 	fixation: autoDraw = True
302.1186 	EXP 	line1: autoDraw = True
302.1186 	EXP 	line2: autoDraw = True
302.1186 	EXP 	line3: autoDraw = True
302.1186 	EXP 	line4: autoDraw = True
302.1354 	EXP 	fixation: autoDraw = False
303.1188 	INFO 	Keyboard events cleared
303.1179 	EXP 	probe: autoDraw = True
303.5366 	EXP 	New trial (rep=13, index=40): <Trial 40 (40 in rep 13) data={'pos': 150, 'corr_resp': 'v', 'thisN': 40, 'thisTrialN': 40, 'thisRepN': 13}>
303.5390 	DATA 	Keypress: v
303.5508 	EXP 	fixation: autoDraw = False
303.5508 	EXP 	line1: autoDraw = False
303.5508 	EXP 	line2: autoDraw = False
303.5508 	EXP 	line3: autoDraw = False
303.5508 	EXP 	line4: autoDraw = False
303.5508 	EXP 	probe: autoDraw = False
303.5508 	EXP 	fixation: autoDraw = True
304.5499 	EXP 	fixation: autoDraw = False
304.5499 	EXP 	line1: autoDraw = True
304.5499 	EXP 	line2: autoDraw = True
304.5499 	EXP 	line3: autoDraw = True
304.5499 	EXP 	line4: autoDraw = True
305.5498 	INFO 	Keyboard events cleared
305.5492 	EXP 	probe: autoDraw = True
305.9337 	EXP 	New trial (rep=9, index=41): <Trial 41 (41 in rep 9) data={'pos': -50, 'corr_resp': 'x', 'thisN': 41, 'thisTrialN': 41, 'thisRepN': 9}>
305.9354 	DATA 	Keypress: v
305.9488 	EXP 	fixation: autoDraw = False
305.9488 	EXP 	line1: autoDraw = False
305.9488 	EXP 	line2: autoDraw = False
305.9488 	EXP 	line3: autoDraw = False
305.9488 	EXP 	line4: autoDraw = False
305.9488 	EXP 	probe: autoDraw = False
305.9488 	EXP 	fixation: autoDraw = True
306.9477 	EXP 	fixation: autoDraw = False
306.9477 	EXP 	line1: autoDraw = True
306.9477 	EXP 	line2: autoDraw = True
306.9477 	EXP 	line3: autoDraw = True
306.9477 	EXP 	line4: autoDraw = True
307.9475 	INFO 	Keyboard events cleared
307.9469 	EXP 	probe: autoDraw = True
308.4487 	EXP 	New trial (rep=10, index=42): <Trial 42 (42 in rep 10) data={'pos': -50, 'corr_resp': 'x', 'thisN': 42, 'thisTrialN': 42, 'thisRepN': 10}>
308.4507 	DATA 	Keypress: c
308.4631 	EXP 	fixation: autoDraw = False
308.4631 	EXP 	line1: autoDraw = False
308.4631 	EXP 	line2: autoDraw = False
308.4631 	EXP 	line3: autoDraw = False
308.4631 	EXP 	line4: autoDraw = False
308.4631 	EXP 	probe: autoDraw = False
308.4631 	EXP 	fixation: autoDraw = True
309.4625 	EXP 	fixation: autoDraw = False
309.4625 	EXP 	line1: autoDraw = True
309.4625 	EXP 	line2: autoDraw = True
309.4625 	EXP 	line3: autoDraw = True
309.4625 	EXP 	line4: autoDraw = True
310.4621 	INFO 	Keyboard events cleared
310.4614 	EXP 	probe: autoDraw = True
311.0980 	DATA 	Keypress: x
311.1129 	EXP 	New trial (rep=8, index=43): <Trial 43 (43 in rep 8) data={'pos': -150, 'corr_resp': 'z', 'thisN': 43, 'thisTrialN': 43, 'thisRepN': 8}>
311.1276 	EXP 	fixation: autoDraw = False
311.1276 	EXP 	line1: autoDraw = False
311.1276 	EXP 	line2: autoDraw = False
311.1276 	EXP 	line3: autoDraw = False
311.1276 	EXP 	line4: autoDraw = False
311.1276 	EXP 	probe: autoDraw = False
311.1276 	EXP 	fixation: autoDraw = True
312.1265 	EXP 	line1: autoDraw = True
312.1265 	EXP 	line2: autoDraw = True
312.1265 	EXP 	line3: autoDraw = True
312.1265 	EXP 	line4: autoDraw = True
312.1431 	EXP 	fixation: autoDraw = False
313.1265 	INFO 	Keyboard events cleared
313.1259 	EXP 	probe: autoDraw = True
313.7268 	EXP 	New trial (rep=10, index=44): <Trial 44 (44 in rep 10) data={'pos': 50, 'corr_resp': 'c', 'thisN': 44, 'thisTrialN': 44, 'thisRepN': 10}>
313.7282 	DATA 	Keypress: z
313.7420 	EXP 	fixation: autoDraw = False
313.7420 	EXP 	line1: autoDraw = False
313.7420 	EXP 	line2: autoDraw = False
313.7420 	EXP 	line3: autoDraw = False
313.7420 	EXP 	line4: autoDraw = False
313.7420 	EXP 	probe: autoDraw = False
313.7420 	EXP 	fixation: autoDraw = True
314.7409 	EXP 	fixation: autoDraw = False
314.7409 	EXP 	line1: autoDraw = True
314.7409 	EXP 	line2: autoDraw = True
314.7409 	EXP 	line3: autoDraw = True
314.7409 	EXP 	line4: autoDraw = True
315.7408 	INFO 	Keyboard events cleared
315.7403 	EXP 	probe: autoDraw = True
317.3401 	EXP 	New trial (rep=9, index=45): <Trial 45 (45 in rep 9) data={'pos': -150, 'corr_resp': 'z', 'thisN': 45, 'thisTrialN': 45, 'thisRepN': 9}>
317.3414 	DATA 	Keypress: c
317.3555 	EXP 	fixation: autoDraw = False
317.3555 	EXP 	line1: autoDraw = False
317.3555 	EXP 	line2: autoDraw = False
317.3555 	EXP 	line3: autoDraw = False
317.3555 	EXP 	line4: autoDraw = False
317.3555 	EXP 	probe: autoDraw = False
317.3555 	EXP 	fixation: autoDraw = True
318.3547 	EXP 	line1: autoDraw = True
318.3547 	EXP 	line2: autoDraw = True
318.3547 	EXP 	line3: autoDraw = True
318.3547 	EXP 	line4: autoDraw = True
318.3712 	EXP 	fixation: autoDraw = False
319.3542 	INFO 	Keyboard events cleared
319.3537 	EXP 	probe: autoDraw = True
319.8884 	EXP 	New trial (rep=11, index=46): <Trial 46 (46 in rep 11) data={'pos': 50, 'corr_resp': 'c', 'thisN': 46, 'thisTrialN': 46, 'thisRepN': 11}>
319.8898 	DATA 	Keypress: z
319.9031 	EXP 	fixation: autoDraw = False
319.9031 	EXP 	line1: autoDraw = False
319.9031 	EXP 	line2: autoDraw = False
319.9031 	EXP 	line3: autoDraw = False
319.9031 	EXP 	line4: autoDraw = False
319.9031 	EXP 	probe: autoDraw = False
319.9031 	EXP 	fixation: autoDraw = True
320.9023 	EXP 	fixation: autoDraw = False
320.9023 	EXP 	line1: autoDraw = True
320.9023 	EXP 	line2: autoDraw = True
320.9023 	EXP 	line3: autoDraw = True
320.9023 	EXP 	line4: autoDraw = True
321.9020 	INFO 	Keyboard events cleared
321.9016 	EXP 	probe: autoDraw = True
322.5357 	EXP 	New trial (rep=10, index=47): <Trial 47 (47 in rep 10) data={'pos': -150, 'corr_resp': 'z', 'thisN': 47, 'thisTrialN': 47, 'thisRepN': 10}>
322.5369 	DATA 	Keypress: c
322.5509 	EXP 	fixation: autoDraw = False
322.5509 	EXP 	line1: autoDraw = False
322.5509 	EXP 	line2: autoDraw = False
322.5509 	EXP 	line3: autoDraw = False
322.5509 	EXP 	line4: autoDraw = False
322.5509 	EXP 	probe: autoDraw = False
322.5509 	EXP 	fixation: autoDraw = True
323.5500 	EXP 	fixation: autoDraw = False
323.5500 	EXP 	line1: autoDraw = True
323.5500 	EXP 	line2: autoDraw = True
323.5500 	EXP 	line3: autoDraw = True
323.5500 	EXP 	line4: autoDraw = True
324.5498 	INFO 	Keyboard events cleared
324.5493 	EXP 	probe: autoDraw = True
325.2836 	EXP 	New trial (rep=14, index=48): <Trial 48 (48 in rep 14) data={'pos': 150, 'corr_resp': 'v', 'thisN': 48, 'thisTrialN': 48, 'thisRepN': 14}>
325.2851 	DATA 	Keypress: z
325.2983 	EXP 	fixation: autoDraw = False
325.2983 	EXP 	line1: autoDraw = False
325.2983 	EXP 	line2: autoDraw = False
325.2983 	EXP 	line3: autoDraw = False
325.2983 	EXP 	line4: autoDraw = False
325.2983 	EXP 	probe: autoDraw = False
325.2983 	EXP 	fixation: autoDraw = True
326.2975 	EXP 	fixation: autoDraw = False
326.2975 	EXP 	line1: autoDraw = True
326.2975 	EXP 	line2: autoDraw = True
326.2975 	EXP 	line3: autoDraw = True
326.2975 	EXP 	line4: autoDraw = True
327.2977 	INFO 	Keyboard events cleared
327.2969 	EXP 	probe: autoDraw = True
327.7832 	DATA 	Keypress: v
327.7984 	EXP 	New trial (rep=11, index=49): <Trial 49 (49 in rep 11) data={'pos': -150, 'corr_resp': 'z', 'thisN': 49, 'thisTrialN': 49, 'thisRepN': 11}>
327.8130 	EXP 	fixation: autoDraw = False
327.8130 	EXP 	line1: autoDraw = False
327.8130 	EXP 	line2: autoDraw = False
327.8130 	EXP 	line3: autoDraw = False
327.8130 	EXP 	line4: autoDraw = False
327.8130 	EXP 	probe: autoDraw = False
327.8130 	EXP 	fixation: autoDraw = True
328.8120 	EXP 	fixation: autoDraw = False
328.8120 	EXP 	line1: autoDraw = True
328.8120 	EXP 	line2: autoDraw = True
328.8120 	EXP 	line3: autoDraw = True
328.8120 	EXP 	line4: autoDraw = True
329.8117 	INFO 	Keyboard events cleared
329.8112 	EXP 	probe: autoDraw = True
330.3455 	EXP 	New trial (rep=12, index=50): <Trial 50 (50 in rep 12) data={'pos': -150, 'corr_resp': 'z', 'thisN': 50, 'thisTrialN': 50, 'thisRepN': 12}>
330.3469 	DATA 	Keypress: z
330.3608 	EXP 	fixation: autoDraw = False
330.3608 	EXP 	line1: autoDraw = False
330.3608 	EXP 	line2: autoDraw = False
330.3608 	EXP 	line3: autoDraw = False
330.3608 	EXP 	line4: autoDraw = False
330.3608 	EXP 	probe: autoDraw = False
330.3608 	EXP 	fixation: autoDraw = True
331.3598 	EXP 	fixation: autoDraw = False
331.3598 	EXP 	line1: autoDraw = True
331.3598 	EXP 	line2: autoDraw = True
331.3598 	EXP 	line3: autoDraw = True
331.3598 	EXP 	line4: autoDraw = True
332.3597 	INFO 	Keyboard events cleared
332.3590 	EXP 	probe: autoDraw = True
332.8273 	EXP 	New trial (rep=13, index=51): <Trial 51 (51 in rep 13) data={'pos': -150, 'corr_resp': 'z', 'thisN': 51, 'thisTrialN': 51, 'thisRepN': 13}>
332.8289 	DATA 	Keypress: z
332.8418 	EXP 	fixation: autoDraw = False
332.8418 	EXP 	line1: autoDraw = False
332.8418 	EXP 	line2: autoDraw = False
332.8418 	EXP 	line3: autoDraw = False
332.8418 	EXP 	line4: autoDraw = False
332.8418 	EXP 	probe: autoDraw = False
332.8418 	EXP 	fixation: autoDraw = True
333.8413 	EXP 	fixation: autoDraw = False
333.8413 	EXP 	line1: autoDraw = True
333.8413 	EXP 	line2: autoDraw = True
333.8413 	EXP 	line3: autoDraw = True
333.8413 	EXP 	line4: autoDraw = True
334.8409 	INFO 	Keyboard events cleared
334.8403 	EXP 	probe: autoDraw = True
335.3416 	EXP 	New trial (rep=15, index=52): <Trial 52 (52 in rep 15) data={'pos': 150, 'corr_resp': 'v', 'thisN': 52, 'thisTrialN': 52, 'thisRepN': 15}>
335.3433 	DATA 	Keypress: z
335.3566 	EXP 	fixation: autoDraw = False
335.3566 	EXP 	line1: autoDraw = False
335.3566 	EXP 	line2: autoDraw = False
335.3566 	EXP 	line3: autoDraw = False
335.3566 	EXP 	line4: autoDraw = False
335.3566 	EXP 	probe: autoDraw = False
335.3566 	EXP 	fixation: autoDraw = True
336.3557 	EXP 	line1: autoDraw = True
336.3557 	EXP 	line2: autoDraw = True
336.3557 	EXP 	line3: autoDraw = True
336.3557 	EXP 	line4: autoDraw = True
336.3721 	EXP 	fixation: autoDraw = False
337.3551 	INFO 	Keyboard events cleared
337.3546 	EXP 	probe: autoDraw = True
337.8723 	EXP 	New trial (rep=11, index=53): <Trial 53 (53 in rep 11) data={'pos': -50, 'corr_resp': 'x', 'thisN': 53, 'thisTrialN': 53, 'thisRepN': 11}>
337.8737 	DATA 	Keypress: v
337.8876 	EXP 	fixation: autoDraw = False
337.8876 	EXP 	line1: autoDraw = False
337.8876 	EXP 	line2: autoDraw = False
337.8876 	EXP 	line3: autoDraw = False
337.8876 	EXP 	line4: autoDraw = False
337.8876 	EXP 	probe: autoDraw = False
337.8876 	EXP 	fixation: autoDraw = True
338.8866 	EXP 	fixation: autoDraw = False
338.8866 	EXP 	line1: autoDraw = True
338.8866 	EXP 	line2: autoDraw = True
338.8866 	EXP 	line3: autoDraw = True
338.8866 	EXP 	line4: autoDraw = True
339.8864 	INFO 	Keyboard events cleared
339.8857 	EXP 	probe: autoDraw = True
340.5868 	EXP 	New trial (rep=14, index=54): <Trial 54 (54 in rep 14) data={'pos': -150, 'corr_resp': 'z', 'thisN': 54, 'thisTrialN': 54, 'thisRepN': 14}>
340.5884 	DATA 	Keypress: x
340.6017 	EXP 	fixation: autoDraw = False
340.6017 	EXP 	line1: autoDraw = False
340.6017 	EXP 	line2: autoDraw = False
340.6017 	EXP 	line3: autoDraw = False
340.6017 	EXP 	line4: autoDraw = False
340.6017 	EXP 	probe: autoDraw = False
340.6017 	EXP 	fixation: autoDraw = True
341.6011 	EXP 	fixation: autoDraw = False
341.6011 	EXP 	line1: autoDraw = True
341.6011 	EXP 	line2: autoDraw = True
341.6011 	EXP 	line3: autoDraw = True
341.6011 	EXP 	line4: autoDraw = True
342.6008 	INFO 	Keyboard events cleared
342.6001 	EXP 	probe: autoDraw = True
343.0849 	EXP 	New trial (rep=12, index=55): <Trial 55 (55 in rep 12) data={'pos': 50, 'corr_resp': 'c', 'thisN': 55, 'thisTrialN': 55, 'thisRepN': 12}>
343.0866 	DATA 	Keypress: z
343.0998 	EXP 	fixation: autoDraw = False
343.0998 	EXP 	line1: autoDraw = False
343.0998 	EXP 	line2: autoDraw = False
343.0998 	EXP 	line3: autoDraw = False
343.0998 	EXP 	line4: autoDraw = False
343.0998 	EXP 	probe: autoDraw = False
343.0998 	EXP 	fixation: autoDraw = True
344.0987 	EXP 	line1: autoDraw = True
344.0987 	EXP 	line2: autoDraw = True
344.0987 	EXP 	line3: autoDraw = True
344.0987 	EXP 	line4: autoDraw = True
344.1153 	EXP 	fixation: autoDraw = False
345.0983 	INFO 	Keyboard events cleared
345.0978 	EXP 	probe: autoDraw = True
345.7987 	EXP 	New trial (rep=15, index=56): <Trial 56 (56 in rep 15) data={'pos': -150, 'corr_resp': 'z', 'thisN': 56, 'thisTrialN': 56, 'thisRepN': 15}>
345.8001 	DATA 	Keypress: c
345.8139 	EXP 	fixation: autoDraw = False
345.8139 	EXP 	line1: autoDraw = False
345.8139 	EXP 	line2: autoDraw = False
345.8139 	EXP 	line3: autoDraw = False
345.8139 	EXP 	line4: autoDraw = False
345.8139 	EXP 	probe: autoDraw = False
345.8139 	EXP 	fixation: autoDraw = True
346.8130 	EXP 	fixation: autoDraw = False
346.8130 	EXP 	line1: autoDraw = True
346.8130 	EXP 	line2: autoDraw = True
346.8130 	EXP 	line3: autoDraw = True
346.8130 	EXP 	line4: autoDraw = True
347.8130 	INFO 	Keyboard events cleared
347.8122 	EXP 	probe: autoDraw = True
348.2487 	DATA 	Keypress: z
348.2639 	EXP 	New trial (rep=13, index=57): <Trial 57 (57 in rep 13) data={'pos': 50, 'corr_resp': 'c', 'thisN': 57, 'thisTrialN': 57, 'thisRepN': 13}>
348.2784 	EXP 	fixation: autoDraw = False
348.2784 	EXP 	line1: autoDraw = False
348.2784 	EXP 	line2: autoDraw = False
348.2784 	EXP 	line3: autoDraw = False
348.2784 	EXP 	line4: autoDraw = False
348.2784 	EXP 	probe: autoDraw = False
348.2784 	EXP 	fixation: autoDraw = True
349.2775 	EXP 	fixation: autoDraw = False
349.2775 	EXP 	line1: autoDraw = True
349.2775 	EXP 	line2: autoDraw = True
349.2775 	EXP 	line3: autoDraw = True
349.2775 	EXP 	line4: autoDraw = True
350.2773 	INFO 	Keyboard events cleared
350.2767 	EXP 	probe: autoDraw = True
350.9446 	EXP 	New trial (rep=16, index=58): <Trial 58 (58 in rep 16) data={'pos': 150, 'corr_resp': 'v', 'thisN': 58, 'thisTrialN': 58, 'thisRepN': 16}>
350.9463 	DATA 	Keypress: c
350.9594 	EXP 	fixation: autoDraw = False
350.9594 	EXP 	line1: autoDraw = False
350.9594 	EXP 	line2: autoDraw = False
350.9594 	EXP 	line3: autoDraw = False
350.9594 	EXP 	line4: autoDraw = False
350.9594 	EXP 	probe: autoDraw = False
350.9594 	EXP 	fixation: autoDraw = True
351.9585 	EXP 	fixation: autoDraw = False
351.9585 	EXP 	line1: autoDraw = True
351.9585 	EXP 	line2: autoDraw = True
351.9585 	EXP 	line3: autoDraw = True
351.9585 	EXP 	line4: autoDraw = True
352.9582 	INFO 	Keyboard events cleared
352.9577 	EXP 	probe: autoDraw = True
353.4425 	EXP 	New trial (rep=12, index=59): <Trial 59 (59 in rep 12) data={'pos': -50, 'corr_resp': 'x', 'thisN': 59, 'thisTrialN': 59, 'thisRepN': 12}>
353.4442 	DATA 	Keypress: v
353.4574 	EXP 	fixation: autoDraw = False
353.4574 	EXP 	line1: autoDraw = False
353.4574 	EXP 	line2: autoDraw = False
353.4574 	EXP 	line3: autoDraw = False
353.4574 	EXP 	line4: autoDraw = False
353.4574 	EXP 	probe: autoDraw = False
353.4574 	EXP 	fixation: autoDraw = True
354.4562 	EXP 	line1: autoDraw = True
354.4562 	EXP 	line2: autoDraw = True
354.4562 	EXP 	line3: autoDraw = True
354.4562 	EXP 	line4: autoDraw = True
354.4728 	EXP 	fixation: autoDraw = False
355.4559 	INFO 	Keyboard events cleared
355.4555 	EXP 	probe: autoDraw = True
356.0243 	DATA 	Keypress: x
356.0399 	EXP 	New trial (rep=14, index=60): <Trial 60 (60 in rep 14) data={'pos': 50, 'corr_resp': 'c', 'thisN': 60, 'thisTrialN': 60, 'thisRepN': 14}>
356.0550 	EXP 	fixation: autoDraw = False
356.0550 	EXP 	line1: autoDraw = False
356.0550 	EXP 	line2: autoDraw = False
356.0550 	EXP 	line3: autoDraw = False
356.0550 	EXP 	line4: autoDraw = False
356.0550 	EXP 	probe: autoDraw = False
356.0550 	EXP 	fixation: autoDraw = True
357.0541 	EXP 	fixation: autoDraw = False
357.0541 	EXP 	line1: autoDraw = True
357.0541 	EXP 	line2: autoDraw = True
357.0541 	EXP 	line3: autoDraw = True
357.0541 	EXP 	line4: autoDraw = True
358.0539 	INFO 	Keyboard events cleared
358.0533 	EXP 	probe: autoDraw = True
358.5050 	EXP 	New trial (rep=17, index=61): <Trial 61 (61 in rep 17) data={'pos': 150, 'corr_resp': 'v', 'thisN': 61, 'thisTrialN': 61, 'thisRepN': 17}>
358.5068 	DATA 	Keypress: c
358.5195 	EXP 	fixation: autoDraw = False
358.5195 	EXP 	line1: autoDraw = False
358.5195 	EXP 	line2: autoDraw = False
358.5195 	EXP 	line3: autoDraw = False
358.5195 	EXP 	line4: autoDraw = False
358.5195 	EXP 	probe: autoDraw = False
358.5195 	EXP 	fixation: autoDraw = True
359.5189 	EXP 	fixation: autoDraw = False
359.5189 	EXP 	line1: autoDraw = True
359.5189 	EXP 	line2: autoDraw = True
359.5189 	EXP 	line3: autoDraw = True
359.5189 	EXP 	line4: autoDraw = True
360.5186 	INFO 	Keyboard events cleared
360.5179 	EXP 	probe: autoDraw = True
361.1862 	DATA 	Keypress: v
361.2020 	EXP 	New trial (rep=13, index=62): <Trial 62 (62 in rep 13) data={'pos': -50, 'corr_resp': 'x', 'thisN': 62, 'thisTrialN': 62, 'thisRepN': 13}>
361.2170 	EXP 	fixation: autoDraw = False
361.2170 	EXP 	line1: autoDraw = False
361.2170 	EXP 	line2: autoDraw = False
361.2170 	EXP 	line3: autoDraw = False
361.2170 	EXP 	line4: autoDraw = False
361.2170 	EXP 	probe: autoDraw = False
361.2170 	EXP 	fixation: autoDraw = True
362.2162 	EXP 	fixation: autoDraw = False
362.2162 	EXP 	line1: autoDraw = True
362.2162 	EXP 	line2: autoDraw = True
362.2162 	EXP 	line3: autoDraw = True
362.2162 	EXP 	line4: autoDraw = True
363.2159 	INFO 	Keyboard events cleared
363.2153 	EXP 	probe: autoDraw = True
363.8171 	EXP 	New trial (rep=14, index=63): <Trial 63 (63 in rep 14) data={'pos': -50, 'corr_resp': 'x', 'thisN': 63, 'thisTrialN': 63, 'thisRepN': 14}>
363.8192 	DATA 	Keypress: x
363.8316 	EXP 	fixation: autoDraw = False
363.8316 	EXP 	line1: autoDraw = False
363.8316 	EXP 	line2: autoDraw = False
363.8316 	EXP 	line3: autoDraw = False
363.8316 	EXP 	line4: autoDraw = False
363.8316 	EXP 	probe: autoDraw = False
363.8316 	EXP 	fixation: autoDraw = True
364.8306 	EXP 	fixation: autoDraw = False
364.8306 	EXP 	line1: autoDraw = True
364.8306 	EXP 	line2: autoDraw = True
364.8306 	EXP 	line3: autoDraw = True
364.8306 	EXP 	line4: autoDraw = True
365.8304 	INFO 	Keyboard events cleared
365.8299 	EXP 	probe: autoDraw = True
366.2975 	EXP 	New trial (rep=15, index=64): <Trial 64 (64 in rep 15) data={'pos': -50, 'corr_resp': 'x', 'thisN': 64, 'thisTrialN': 64, 'thisRepN': 15}>
366.2989 	DATA 	Keypress: x
366.3128 	EXP 	fixation: autoDraw = False
366.3128 	EXP 	line1: autoDraw = False
366.3128 	EXP 	line2: autoDraw = False
366.3128 	EXP 	line3: autoDraw = False
366.3128 	EXP 	line4: autoDraw = False
366.3128 	EXP 	probe: autoDraw = False
366.3128 	EXP 	fixation: autoDraw = True
367.3118 	EXP 	line1: autoDraw = True
367.3118 	EXP 	line2: autoDraw = True
367.3118 	EXP 	line3: autoDraw = True
367.3118 	EXP 	line4: autoDraw = True
367.3286 	EXP 	fixation: autoDraw = False
368.3116 	INFO 	Keyboard events cleared
368.3110 	EXP 	probe: autoDraw = True
368.8637 	DATA 	Keypress: x
368.8790 	EXP 	New trial (rep=15, index=65): <Trial 65 (65 in rep 15) data={'pos': 50, 'corr_resp': 'c', 'thisN': 65, 'thisTrialN': 65, 'thisRepN': 15}>
368.8937 	EXP 	fixation: autoDraw = False
368.8937 	EXP 	line1: autoDraw = False
368.8937 	EXP 	line2: autoDraw = False
368.8937 	EXP 	line3: autoDraw = False
368.8937 	EXP 	line4: autoDraw = False
368.8937 	EXP 	probe: autoDraw = False
368.8937 	EXP 	fixation: autoDraw = True
369.8930 	EXP 	fixation: autoDraw = False
369.8930 	EXP 	line1: autoDraw = True
369.8930 	EXP 	line2: autoDraw = True
369.8930 	EXP 	line3: autoDraw = True
369.8930 	EXP 	line4: autoDraw = True
370.8928 	INFO 	Keyboard events cleared
370.8922 	EXP 	probe: autoDraw = True
371.5432 	EXP 	New trial (rep=16, index=66): <Trial 66 (66 in rep 16) data={'pos': -150, 'corr_resp': 'z', 'thisN': 66, 'thisTrialN': 66, 'thisRepN': 16}>
371.5449 	DATA 	Keypress: c
371.5581 	EXP 	fixation: autoDraw = False
371.5581 	EXP 	line1: autoDraw = False
371.5581 	EXP 	line2: autoDraw = False
371.5581 	EXP 	line3: autoDraw = False
371.5581 	EXP 	line4: autoDraw = False
371.5581 	EXP 	probe: autoDraw = False
371.5581 	EXP 	fixation: autoDraw = True
372.5575 	EXP 	fixation: autoDraw = False
372.5575 	EXP 	line1: autoDraw = True
372.5575 	EXP 	line2: autoDraw = True
372.5575 	EXP 	line3: autoDraw = True
372.5575 	EXP 	line4: autoDraw = True
373.5571 	INFO 	Keyboard events cleared
373.5565 	EXP 	probe: autoDraw = True
374.0245 	EXP 	New trial (rep=16, index=67): <Trial 67 (67 in rep 16) data={'pos': 50, 'corr_resp': 'c', 'thisN': 67, 'thisTrialN': 67, 'thisRepN': 16}>
374.0268 	DATA 	Keypress: z
374.0394 	EXP 	fixation: autoDraw = False
374.0394 	EXP 	line1: autoDraw = False
374.0394 	EXP 	line2: autoDraw = False
374.0394 	EXP 	line3: autoDraw = False
374.0394 	EXP 	line4: autoDraw = False
374.0394 	EXP 	probe: autoDraw = False
374.0394 	EXP 	fixation: autoDraw = True
375.0384 	EXP 	line1: autoDraw = True
375.0384 	EXP 	line2: autoDraw = True
375.0384 	EXP 	line3: autoDraw = True
375.0384 	EXP 	line4: autoDraw = True
375.0550 	EXP 	fixation: autoDraw = False
376.0384 	INFO 	Keyboard events cleared
376.0377 	EXP 	probe: autoDraw = True
376.4055 	EXP 	New trial (rep=18, index=68): <Trial 68 (68 in rep 18) data={'pos': 150, 'corr_resp': 'v', 'thisN': 68, 'thisTrialN': 68, 'thisRepN': 18}>
376.4071 	DATA 	Keypress: c
376.4205 	EXP 	fixation: autoDraw = False
376.4205 	EXP 	line1: autoDraw = False
376.4205 	EXP 	line2: autoDraw = False
376.4205 	EXP 	line3: autoDraw = False
376.4205 	EXP 	line4: autoDraw = False
376.4205 	EXP 	probe: autoDraw = False
376.4205 	EXP 	fixation: autoDraw = True
377.4197 	EXP 	fixation: autoDraw = False
377.4197 	EXP 	line1: autoDraw = True
377.4197 	EXP 	line2: autoDraw = True
377.4197 	EXP 	line3: autoDraw = True
377.4197 	EXP 	line4: autoDraw = True
378.4195 	INFO 	Keyboard events cleared
378.4189 	EXP 	probe: autoDraw = True
378.8371 	EXP 	New trial (rep=16, index=69): <Trial 69 (69 in rep 16) data={'pos': -50, 'corr_resp': 'x', 'thisN': 69, 'thisTrialN': 69, 'thisRepN': 16}>
378.8391 	DATA 	Keypress: v
378.8518 	EXP 	fixation: autoDraw = False
378.8518 	EXP 	line1: autoDraw = False
378.8518 	EXP 	line2: autoDraw = False
378.8518 	EXP 	line3: autoDraw = False
378.8518 	EXP 	line4: autoDraw = False
378.8518 	EXP 	probe: autoDraw = False
378.8518 	EXP 	fixation: autoDraw = True
379.8511 	EXP 	fixation: autoDraw = False
379.8511 	EXP 	line1: autoDraw = True
379.8511 	EXP 	line2: autoDraw = True
379.8511 	EXP 	line3: autoDraw = True
379.8511 	EXP 	line4: autoDraw = True
380.8506 	INFO 	Keyboard events cleared
380.8500 	EXP 	probe: autoDraw = True
381.4188 	EXP 	New trial (rep=17, index=70): <Trial 70 (70 in rep 17) data={'pos': -150, 'corr_resp': 'z', 'thisN': 70, 'thisTrialN': 70, 'thisRepN': 17}>
381.4209 	DATA 	Keypress: x
381.4328 	EXP 	fixation: autoDraw = False
381.4328 	EXP 	line1: autoDraw = False
381.4328 	EXP 	line2: autoDraw = False
381.4328 	EXP 	line3: autoDraw = False
381.4328 	EXP 	line4: autoDraw = False
381.4328 	EXP 	probe: autoDraw = False
381.4328 	EXP 	fixation: autoDraw = True
382.4320 	EXP 	fixation: autoDraw = False
382.4320 	EXP 	line1: autoDraw = True
382.4320 	EXP 	line2: autoDraw = True
382.4320 	EXP 	line3: autoDraw = True
382.4320 	EXP 	line4: autoDraw = True
383.4320 	INFO 	Keyboard events cleared
383.4313 	EXP 	probe: autoDraw = True
383.8659 	EXP 	New trial (rep=18, index=71): <Trial 71 (71 in rep 18) data={'pos': -150, 'corr_resp': 'z', 'thisN': 71, 'thisTrialN': 71, 'thisRepN': 18}>
383.8677 	DATA 	Keypress: z
383.8807 	EXP 	fixation: autoDraw = False
383.8807 	EXP 	line1: autoDraw = False
383.8807 	EXP 	line2: autoDraw = False
383.8807 	EXP 	line3: autoDraw = False
383.8807 	EXP 	line4: autoDraw = False
383.8807 	EXP 	probe: autoDraw = False
383.8807 	EXP 	fixation: autoDraw = True
384.8801 	EXP 	fixation: autoDraw = False
384.8801 	EXP 	line1: autoDraw = True
384.8801 	EXP 	line2: autoDraw = True
384.8801 	EXP 	line3: autoDraw = True
384.8801 	EXP 	line4: autoDraw = True
385.8798 	INFO 	Keyboard events cleared
385.8790 	EXP 	probe: autoDraw = True
386.3138 	EXP 	New trial (rep=17, index=72): <Trial 72 (72 in rep 17) data={'pos': 50, 'corr_resp': 'c', 'thisN': 72, 'thisTrialN': 72, 'thisRepN': 17}>
386.3155 	DATA 	Keypress: z
386.3286 	EXP 	fixation: autoDraw = False
386.3286 	EXP 	line1: autoDraw = False
386.3286 	EXP 	line2: autoDraw = False
386.3286 	EXP 	line3: autoDraw = False
386.3286 	EXP 	line4: autoDraw = False
386.3286 	EXP 	probe: autoDraw = False
386.3286 	EXP 	fixation: autoDraw = True
387.3277 	EXP 	fixation: autoDraw = False
387.3277 	EXP 	line1: autoDraw = True
387.3277 	EXP 	line2: autoDraw = True
387.3277 	EXP 	line3: autoDraw = True
387.3277 	EXP 	line4: autoDraw = True
388.3277 	INFO 	Keyboard events cleared
388.3269 	EXP 	probe: autoDraw = True
388.7143 	DATA 	Keypress: c
388.7289 	EXP 	New trial (rep=17, index=73): <Trial 73 (73 in rep 17) data={'pos': -50, 'corr_resp': 'x', 'thisN': 73, 'thisTrialN': 73, 'thisRepN': 17}>
388.7432 	EXP 	fixation: autoDraw = False
388.7432 	EXP 	line1: autoDraw = False
388.7432 	EXP 	line2: autoDraw = False
388.7432 	EXP 	line3: autoDraw = False
388.7432 	EXP 	line4: autoDraw = False
388.7432 	EXP 	probe: autoDraw = False
388.7432 	EXP 	fixation: autoDraw = True
389.7424 	EXP 	line1: autoDraw = True
389.7424 	EXP 	line2: autoDraw = True
389.7424 	EXP 	line3: autoDraw = True
389.7424 	EXP 	line4: autoDraw = True
389.7589 	EXP 	fixation: autoDraw = False
390.7419 	INFO 	Keyboard events cleared
390.7413 	EXP 	probe: autoDraw = True
391.5760 	EXP 	New trial (rep=19, index=74): <Trial 74 (74 in rep 19) data={'pos': -150, 'corr_resp': 'z', 'thisN': 74, 'thisTrialN': 74, 'thisRepN': 19}>
391.5776 	DATA 	Keypress: x
391.5906 	EXP 	fixation: autoDraw = False
391.5906 	EXP 	line1: autoDraw = False
391.5906 	EXP 	line2: autoDraw = False
391.5906 	EXP 	line3: autoDraw = False
391.5906 	EXP 	line4: autoDraw = False
391.5906 	EXP 	probe: autoDraw = False
391.5906 	EXP 	fixation: autoDraw = True
392.5899 	EXP 	fixation: autoDraw = False
392.5899 	EXP 	line1: autoDraw = True
392.5899 	EXP 	line2: autoDraw = True
392.5899 	EXP 	line3: autoDraw = True
392.5899 	EXP 	line4: autoDraw = True
393.5896 	INFO 	Keyboard events cleared
393.5889 	EXP 	probe: autoDraw = True
394.0570 	EXP 	New trial (rep=19, index=75): <Trial 75 (75 in rep 19) data={'pos': 150, 'corr_resp': 'v', 'thisN': 75, 'thisTrialN': 75, 'thisRepN': 19}>
394.0590 	DATA 	Keypress: z
394.0718 	EXP 	fixation: autoDraw = False
394.0718 	EXP 	line1: autoDraw = False
394.0718 	EXP 	line2: autoDraw = False
394.0718 	EXP 	line3: autoDraw = False
394.0718 	EXP 	line4: autoDraw = False
394.0718 	EXP 	probe: autoDraw = False
394.0718 	EXP 	fixation: autoDraw = True
395.0710 	EXP 	fixation: autoDraw = False
395.0710 	EXP 	line1: autoDraw = True
395.0710 	EXP 	line2: autoDraw = True
395.0710 	EXP 	line3: autoDraw = True
395.0710 	EXP 	line4: autoDraw = True
396.0708 	INFO 	Keyboard events cleared
396.0701 	EXP 	probe: autoDraw = True
396.5218 	EXP 	New trial (rep=18, index=76): <Trial 76 (76 in rep 18) data={'pos': -50, 'corr_resp': 'x', 'thisN': 76, 'thisTrialN': 76, 'thisRepN': 18}>
396.5238 	DATA 	Keypress: v
396.5364 	EXP 	fixation: autoDraw = False
396.5364 	EXP 	line1: autoDraw = False
396.5364 	EXP 	line2: autoDraw = False
396.5364 	EXP 	line3: autoDraw = False
396.5364 	EXP 	line4: autoDraw = False
396.5364 	EXP 	probe: autoDraw = False
396.5364 	EXP 	fixation: autoDraw = True
397.5356 	EXP 	fixation: autoDraw = False
397.5356 	EXP 	line1: autoDraw = True
397.5356 	EXP 	line2: autoDraw = True
397.5356 	EXP 	line3: autoDraw = True
397.5356 	EXP 	line4: autoDraw = True
398.5353 	INFO 	Keyboard events cleared
398.5347 	EXP 	probe: autoDraw = True
399.4855 	EXP 	New trial (rep=18, index=77): <Trial 77 (77 in rep 18) data={'pos': 50, 'corr_resp': 'c', 'thisN': 77, 'thisTrialN': 77, 'thisRepN': 18}>
399.4872 	DATA 	Keypress: x
399.5004 	EXP 	fixation: autoDraw = False
399.5004 	EXP 	line1: autoDraw = False
399.5004 	EXP 	line2: autoDraw = False
399.5004 	EXP 	line3: autoDraw = False
399.5004 	EXP 	line4: autoDraw = False
399.5004 	EXP 	probe: autoDraw = False
399.5004 	EXP 	fixation: autoDraw = True
400.4995 	EXP 	fixation: autoDraw = False
400.4995 	EXP 	line1: autoDraw = True
400.4995 	EXP 	line2: autoDraw = True
400.4995 	EXP 	line3: autoDraw = True
400.4995 	EXP 	line4: autoDraw = True
401.4995 	INFO 	Keyboard events cleared
401.4988 	EXP 	probe: autoDraw = True
402.1994 	EXP 	New trial (rep=19, index=78): <Trial 78 (78 in rep 19) data={'pos': 50, 'corr_resp': 'c', 'thisN': 78, 'thisTrialN': 78, 'thisRepN': 19}>
402.2007 	DATA 	Keypress: c
402.2149 	EXP 	fixation: autoDraw = False
402.2149 	EXP 	line1: autoDraw = False
402.2149 	EXP 	line2: autoDraw = False
402.2149 	EXP 	line3: autoDraw = False
402.2149 	EXP 	line4: autoDraw = False
402.2149 	EXP 	probe: autoDraw = False
402.2149 	EXP 	fixation: autoDraw = True
403.2138 	EXP 	line1: autoDraw = True
403.2138 	EXP 	line2: autoDraw = True
403.2138 	EXP 	line3: autoDraw = True
403.2138 	EXP 	line4: autoDraw = True
403.2305 	EXP 	fixation: autoDraw = False
404.2136 	INFO 	Keyboard events cleared
404.2129 	EXP 	probe: autoDraw = True
405.1139 	EXP 	New trial (rep=19, index=79): <Trial 79 (79 in rep 19) data={'pos': -50, 'corr_resp': 'x', 'thisN': 79, 'thisTrialN': 79, 'thisRepN': 19}>
405.1155 	DATA 	Keypress: c
405.1289 	EXP 	fixation: autoDraw = False
405.1289 	EXP 	line1: autoDraw = False
405.1289 	EXP 	line2: autoDraw = False
405.1289 	EXP 	line3: autoDraw = False
405.1289 	EXP 	line4: autoDraw = False
405.1289 	EXP 	probe: autoDraw = False
405.1289 	EXP 	fixation: autoDraw = True
406.1279 	EXP 	fixation: autoDraw = False
406.1279 	EXP 	line1: autoDraw = True
406.1279 	EXP 	line2: autoDraw = True
406.1279 	EXP 	line3: autoDraw = True
406.1279 	EXP 	line4: autoDraw = True
407.1275 	INFO 	Keyboard events cleared
407.1271 	EXP 	probe: autoDraw = True
407.8787 	DATA 	Keypress: x
407.8930 	EXP 	fixation: autoDraw = False
407.8930 	EXP 	line1: autoDraw = False
407.8930 	EXP 	line2: autoDraw = False
407.8930 	EXP 	line3: autoDraw = False
407.8930 	EXP 	line4: autoDraw = False
407.8930 	EXP 	probe: autoDraw = False
407.8932 	EXP 	Motor Seq Learning main code: status = STOPPED
407.9733 	INFO 	saved data to 'C:\\Users\\DELL\\OneDrive\\Desktop\\PsychoPy\\4 Motor Sequence Learning\\data/0002_Motor Seq Learning main code_2025-10-02_15h03.34.045.csv'
407.9799 	INFO 	saved data to C:\Users\DELL\OneDrive\Desktop\PsychoPy\4 Motor Sequence Learning\data/0002_Motor Seq Learning main code_2025-10-02_15h03.34.045.psydat
