18.2382 	INFO 	Loaded monitor calibration from ['2025_02_12 09:50']
18.2481 	WARNING 	User requested fullscreen with size [1536  864], but screen is actually [1920, 1080]. Using actual size
20.3531 	EXP 	Created window1 = Window(allowGUI=True, allowStencil=True, autoLog=True, backendConf=UNKNOWN, backgroundFit=<method-wrapper '__getattribute__' of attributeSetter object at 0x0000029D21816D40>, backgroundImage=<method-wrapper '__getattribute__' of attributeSetter object at 0x0000029D21816CE0>, bitsMode=UNKNOWN, blendMode='avg', bpc=(8, 8, 8), color=array([0, 0, 0]), colorSpace='rgb', depthBits=8, fullscr=True, gamma=None, gammaErrorPolicy='raise', infoMsg=UNKNOWN, lms=UNKNOWN, monitor=<psychopy.monitors.calibTools.Monitor object at 0x0000029D218ABB50>, multiSample=False, name='window1', numSamples=2, pos=[0.0, 0.0], screen=0, size=array([1920, 1080]), stencilBits=8, stereo=False, title='PsychoPy', units='height', useFBO=True, useRetina=False, viewOri=0.0, viewPos=None, viewScale=None, waitBlanking=True, winType='pyglet')
20.3532 	EXP 	window1: backgroundImage = ''
20.3532 	EXP 	window1: backgroundFit = 'none'
20.5466 	EXP 	window1: Attempting to measure frame rate of screen (0) ...
20.5467 	EXP 	window1: recordFrameIntervals = False
20.7131 	EXP 	window1: recordFrameIntervals = True
20.8968 	EXP 	Screen (0) actual frame rate measured at 60.04Hz
20.8968 	EXP 	window1: recordFrameIntervals = False
21.0182 	INFO 	keyboard.Keyboard is using ptb backend.
21.0184 	INFO 	keyboard.Keyboard is using ptb backend.
21.0715 	EXP 	Intentional Binding Main File: status = STARTED
21.0797 	EXP 	Created polygon = ShapeStim(__class__=<class 'psychopy.visual.shape.ShapeStim'>, anchor=('center', 'center'), autoDraw=False, autoLog=True, closeShape=True, color=method-wrapper(...), colorSpace='rgb', contrast=None, depth=0.0, draggable=False, fillColor=array([1, 1, 1]), fillColorSpace='rgb', fillRGB=array([1, 1, 1]), interpolate=True, lineColor=array([1., 1., 1.]), lineColorSpace='rgb', lineRGB=array([1, 1, 1]), lineWidth=1.0, name='polygon', opacity=1, ori=0.0, pos=array([0., 0.]), size=array([0.2, 0.2]), units='height', vertices=ndarray(...), win=Window(...), windingRule=None)
21.0842 	EXP 	Created polygon_2 = ShapeStim(__class__=<class 'psychopy.visual.shape.ShapeStim'>, anchor=('center', 'center'), autoDraw=False, autoLog=True, closeShape=True, color=method-wrapper(...), colorSpace='rgb', contrast=None, depth=-1.0, draggable=False, fillColor=array([-1.    ,  0.0039, -1.    ]), fillColorSpace='rgb', fillRGB=array([-1.    ,  0.0039, -1.    ]), interpolate=True, lineColor=array([-1.    ,  0.0039, -1.    ]), lineColorSpace='rgb', lineRGB=array([-1.    ,  0.0039, -1.    ]), lineWidth=1.0, name='polygon_2', opacity=1, ori=0.0, pos=array([0., 0.]), size=array([0.2, 0.2]), units='height', vertices=ndarray(...), win=Window(...), windingRule=None)
21.1851 	EXP 	Sound sound_1 set volume 1.000
21.3656 	EXP 	Created text = TextStim(__class__=<class 'psychopy.visual.text.TextStim'>, alignHoriz=method-wrapper(...), alignText='center', alignVert=method-wrapper(...), anchorHoriz='center', anchorVert='center', antialias=True, autoDraw=False, autoLog=True, bold=False, color=array([1., 1., 1.]), colorSpace='rgb', contrast=1.0, depth=0.0, draggable=False, flipHoriz=False, flipVert=False, font='Arial', fontFiles=[], height=0.05, italic=False, languageStyle='LTR', name='text', opacity=1, ori=0.0, pos=array([0. , 0.3]), rgb=UNKNOWN, text=str(...), units='height', win=Window(...), wrapWidth=1)
0.0078 	EXP 	textbox: autoLog = True
0.0317 	EXP 	Imported Intentional Binding Instruction file.xlsx as conditions, 36 conditions, 3 params
0.0390 	EXP 	New trial (rep=0, index=0): <Trial 0 (0 in rep 0) data={'delay': 0.7, 'freq': 1000, 'condition': 'exp', 'thisN': 0, 'thisTrialN': 0, 'thisRepN': 0}>
0.0441 	EXP 	polygon: autoDraw = True
1.0127 	INFO 	Keyboard events cleared
1.0125 	EXP 	polygon_2: autoDraw = True
1.0458 	EXP 	polygon: autoDraw = False
2.5555 	DATA 	Keypress: space
2.5611 	EXP 	polygon: autoDraw = False
2.5611 	EXP 	polygon_2: autoDraw = False
3.2445 	EXP 	Sound sound_1 reached end of file
3.2608 	EXP 	Sound sound_1 started
3.4987 	EXP 	Sound sound_1 reached end of file
3.5106 	EXP 	Sound sound_1 reached end of file
3.5334 	EXP 	text: autoDraw = True
3.5334 	EXP 	textbox: autoDraw = True
11.2863 	DATA 	Keypress: 3
11.4941 	DATA 	Keypress: 0
11.6440 	DATA 	Keypress: 0
13.1194 	DATA 	Keypress: backspace
13.2691 	DATA 	Keypress: backspace
13.3689 	DATA 	Keypress: backspace
16.4420 	DATA 	Keypress: 3
17.0833 	DATA 	Keypress: 5
17.2157 	DATA 	Keypress: 0
18.1815 	DATA 	Mouse: Left button down, pos=(1091,181)
18.1824 	EXP 	New trial (rep=0, index=1): <Trial 1 (1 in rep 0) data={'delay': 0.1, 'freq': 1000, 'condition': 'exp', 'thisN': 1, 'thisTrialN': 1, 'thisRepN': 0}>
18.1978 	EXP 	text: autoDraw = False
18.1978 	EXP 	textbox: autoDraw = False
18.1978 	EXP 	polygon: autoDraw = True
18.2485 	DATA 	Mouse:  Left button up, pos=(1091,181)
19.1972 	INFO 	Keyboard events cleared
19.1971 	EXP 	polygon: autoDraw = False
19.1971 	EXP 	polygon_2: autoDraw = True
20.1340 	DATA 	Keypress: space
20.1458 	EXP 	polygon: autoDraw = False
20.1458 	EXP 	polygon_2: autoDraw = False
20.2298 	EXP 	Sound sound_1 reached end of file
20.2461 	EXP 	Sound sound_1 started
20.5069 	EXP 	Sound sound_1 reached end of file
20.5126 	EXP 	Sound sound_1 reached end of file
20.5349 	EXP 	text: autoDraw = True
20.5349 	EXP 	textbox: autoDraw = True
22.0118 	DATA 	Keypress: 2
22.2018 	DATA 	Keypress: 0
22.3183 	DATA 	Keypress: 0
23.3770 	DATA 	Mouse: Left button down, pos=(1002,158)
23.4608 	DATA 	Mouse:  Left button up, pos=(1002,158)
24.0934 	DATA 	Mouse: Left button down, pos=(1012,207)
24.0943 	EXP 	New trial (rep=0, index=2): <Trial 2 (2 in rep 0) data={'delay': 0.1, 'freq': 1000, 'condition': 'exp', 'thisN': 2, 'thisTrialN': 2, 'thisRepN': 0}>
24.1093 	EXP 	text: autoDraw = False
24.1093 	EXP 	textbox: autoDraw = False
24.1093 	EXP 	polygon: autoDraw = True
24.1767 	DATA 	Mouse:  Left button up, pos=(1012,207)
25.1082 	INFO 	Keyboard events cleared
25.1081 	EXP 	polygon_2: autoDraw = True
25.1249 	EXP 	polygon: autoDraw = False
26.3424 	DATA 	Keypress: space
26.3739 	EXP 	polygon: autoDraw = False
26.3739 	EXP 	polygon_2: autoDraw = False
26.4408 	EXP 	Sound sound_1 reached end of file
26.4572 	EXP 	Sound sound_1 started
26.7575 	EXP 	Sound sound_1 stopped
26.7819 	EXP 	text: autoDraw = True
26.7819 	EXP 	textbox: autoDraw = True
29.0221 	DATA 	Keypress: 1
29.2117 	DATA 	Keypress: 0
29.3624 	DATA 	Keypress: 0
30.0883 	DATA 	Mouse: Left button down, pos=(1012,210)
30.0892 	EXP 	New trial (rep=0, index=3): <Trial 3 (3 in rep 0) data={'delay': 0.4, 'freq': 1000, 'condition': 'exp', 'thisN': 3, 'thisTrialN': 3, 'thisRepN': 0}>
30.1036 	EXP 	text: autoDraw = False
30.1036 	EXP 	textbox: autoDraw = False
30.1036 	EXP 	polygon: autoDraw = True
30.1716 	DATA 	Mouse:  Left button up, pos=(1012,210)
31.1034 	INFO 	Keyboard events cleared
31.1032 	EXP 	polygon: autoDraw = False
31.1032 	EXP 	polygon_2: autoDraw = True
31.4406 	DATA 	Keypress: space
31.4531 	EXP 	polygon: autoDraw = False
31.4531 	EXP 	polygon_2: autoDraw = False
31.8363 	EXP 	Sound sound_1 reached end of file
31.8525 	EXP 	Sound sound_1 started
32.1644 	EXP 	Sound sound_1 stopped
32.1904 	EXP 	text: autoDraw = True
32.1904 	EXP 	textbox: autoDraw = True
32.9475 	DATA 	Keypress: 2
33.2079 	DATA 	Keypress: 0
33.3348 	DATA 	Keypress: 0
33.9682 	DATA 	Mouse: Left button down, pos=(1005,220)
33.9691 	EXP 	New trial (rep=0, index=4): <Trial 4 (4 in rep 0) data={'delay': 0.7, 'freq': 1000, 'condition': 'exp', 'thisN': 4, 'thisTrialN': 4, 'thisRepN': 0}>
33.9836 	EXP 	text: autoDraw = False
33.9836 	EXP 	textbox: autoDraw = False
33.9836 	EXP 	polygon: autoDraw = True
34.0681 	DATA 	Mouse:  Left button up, pos=(1005,220)
34.9830 	INFO 	Keyboard events cleared
34.9828 	EXP 	polygon: autoDraw = False
34.9828 	EXP 	polygon_2: autoDraw = True
35.8684 	DATA 	Keypress: space
35.8823 	EXP 	polygon: autoDraw = False
35.8823 	EXP 	polygon_2: autoDraw = False
36.5656 	EXP 	Sound sound_1 reached end of file
36.5818 	EXP 	Sound sound_1 started
36.8538 	EXP 	Sound sound_1 reached end of file
36.8898 	EXP 	text: autoDraw = True
36.8898 	EXP 	textbox: autoDraw = True
37.5983 	DATA 	Keypress: 3
37.7582 	DATA 	Keypress: minus
37.9479 	DATA 	Keypress: 0
38.0870 	DATA 	Keypress: 0
38.3708 	DATA 	Keypress: delete
38.5140 	DATA 	Keypress: delete
38.9367 	DATA 	Keypress: backspace
39.0633 	DATA 	Keypress: backspace
39.1801 	DATA 	Keypress: backspace
39.7795 	DATA 	Keypress: 0
39.8962 	DATA 	Keypress: 0
40.8455 	DATA 	Mouse: Left button down, pos=(1005,220)
40.8464 	EXP 	New trial (rep=0, index=5): <Trial 5 (5 in rep 0) data={'delay': 0.4, 'freq': 1000, 'condition': 'exp', 'thisN': 5, 'thisTrialN': 5, 'thisRepN': 0}>
40.8613 	EXP 	text: autoDraw = False
40.8613 	EXP 	textbox: autoDraw = False
40.8613 	EXP 	polygon: autoDraw = True
40.9453 	DATA 	Mouse:  Left button up, pos=(1005,220)
41.8604 	INFO 	Keyboard events cleared
41.8602 	EXP 	polygon: autoDraw = False
41.8602 	EXP 	polygon_2: autoDraw = True
42.8481 	DATA 	Keypress: space
42.8596 	EXP 	polygon: autoDraw = False
42.8596 	EXP 	polygon_2: autoDraw = False
43.2429 	EXP 	Sound sound_1 reached end of file
43.2592 	EXP 	Sound sound_1 started
43.5036 	EXP 	Sound sound_1 reached end of file
43.5091 	EXP 	Sound sound_1 reached end of file
43.5326 	EXP 	text: autoDraw = True
43.5326 	EXP 	textbox: autoDraw = True
45.3913 	DATA 	Keypress: 3
45.5741 	DATA 	Keypress: 0
45.6908 	DATA 	Keypress: 0
47.2470 	DATA 	Mouse: Left button down, pos=(896,187)
47.2571 	EXP 	New trial (rep=0, index=6): <Trial 6 (6 in rep 0) data={'delay': 0.4, 'freq': 1000, 'condition': 'exp', 'thisN': 6, 'thisTrialN': 6, 'thisRepN': 0}>
47.2724 	EXP 	text: autoDraw = False
47.2724 	EXP 	textbox: autoDraw = False
47.2724 	EXP 	polygon: autoDraw = True
47.3233 	DATA 	Mouse:  Left button up, pos=(896,187)
48.2718 	INFO 	Keyboard events cleared
48.2716 	EXP 	polygon: autoDraw = False
48.2716 	EXP 	polygon_2: autoDraw = True
49.0745 	DATA 	Keypress: space
49.0874 	EXP 	polygon: autoDraw = False
49.0874 	EXP 	polygon_2: autoDraw = False
49.4542 	EXP 	Sound sound_1 reached end of file
49.4705 	EXP 	Sound sound_1 started
49.7724 	EXP 	Sound sound_1 stopped
49.7880 	EXP 	text: autoDraw = True
49.7880 	EXP 	textbox: autoDraw = True
51.2695 	DATA 	Keypress: 2
51.3962 	DATA 	Keypress: 0
51.7430 	DATA 	Keypress: 0
52.4353 	DATA 	Mouse: Left button down, pos=(900,181)
52.4363 	EXP 	New trial (rep=0, index=7): <Trial 7 (7 in rep 0) data={'delay': 0.1, 'freq': 1000, 'condition': 'exp', 'thisN': 7, 'thisTrialN': 7, 'thisRepN': 0}>
52.4512 	EXP 	text: autoDraw = False
52.4512 	EXP 	textbox: autoDraw = False
52.4512 	EXP 	polygon: autoDraw = True
52.5019 	DATA 	Mouse:  Left button up, pos=(900,179)
53.4506 	INFO 	Keyboard events cleared
53.4504 	EXP 	polygon: autoDraw = False
53.4504 	EXP 	polygon_2: autoDraw = True
53.8363 	DATA 	Keypress: space
53.8501 	EXP 	polygon: autoDraw = False
53.8501 	EXP 	polygon_2: autoDraw = False
53.9168 	EXP 	Sound sound_1 reached end of file
53.9331 	EXP 	Sound sound_1 started
54.2536 	EXP 	Sound sound_1 stopped
54.2775 	EXP 	text: autoDraw = True
54.2775 	EXP 	textbox: autoDraw = True
55.2490 	DATA 	Keypress: 1
55.4064 	DATA 	Keypress: 0
55.5323 	DATA 	Keypress: 0
56.1821 	DATA 	Mouse: Left button down, pos=(900,179)
56.1829 	EXP 	New trial (rep=0, index=8): <Trial 8 (8 in rep 0) data={'delay': 0.7, 'freq': 1000, 'condition': 'exp', 'thisN': 8, 'thisTrialN': 8, 'thisRepN': 0}>
56.1978 	EXP 	text: autoDraw = False
56.1978 	EXP 	textbox: autoDraw = False
56.1978 	EXP 	polygon: autoDraw = True
56.2320 	DATA 	Mouse:  Left button up, pos=(900,179)
57.1974 	INFO 	Keyboard events cleared
57.1973 	EXP 	polygon_2: autoDraw = True
57.2138 	EXP 	polygon: autoDraw = False
58.5979 	DATA 	Keypress: c
58.9834 	DATA 	Keypress: space
58.9951 	EXP 	polygon: autoDraw = False
58.9951 	EXP 	polygon_2: autoDraw = False
59.6783 	EXP 	Sound sound_1 reached end of file
59.6946 	EXP 	Sound sound_1 started
59.9856 	EXP 	Sound sound_1 stopped
60.0088 	EXP 	text: autoDraw = True
60.0088 	EXP 	textbox: autoDraw = True
60.9442 	DATA 	Keypress: 4
61.0875 	DATA 	Keypress: 0
61.1942 	DATA 	Keypress: 0
62.9923 	DATA 	Keypress: backspace
64.0918 	DATA 	Keypress: backspace
64.3251 	DATA 	Keypress: backspace
65.8000 	DATA 	Keypress: 4
66.1638 	DATA 	Keypress: 0
66.3065 	DATA 	Keypress: 0
67.1619 	DATA 	Mouse: Left button down, pos=(944,262)
67.1730 	EXP 	New trial (rep=0, index=9): <Trial 9 (9 in rep 0) data={'delay': 0.1, 'freq': 1000, 'condition': 'exp', 'thisN': 9, 'thisTrialN': 9, 'thisRepN': 0}>
67.1885 	EXP 	text: autoDraw = False
67.1885 	EXP 	textbox: autoDraw = False
67.1885 	EXP 	polygon: autoDraw = True
67.2561 	DATA 	Mouse:  Left button up, pos=(944,262)
68.1878 	INFO 	Keyboard events cleared
68.1876 	EXP 	polygon: autoDraw = False
68.1876 	EXP 	polygon_2: autoDraw = True
68.7916 	DATA 	Keypress: space
68.8037 	EXP 	polygon: autoDraw = False
68.8037 	EXP 	polygon_2: autoDraw = False
68.8707 	EXP 	Sound sound_1 reached end of file
68.8870 	EXP 	Sound sound_1 started
69.1883 	EXP 	Sound sound_1 stopped
69.2094 	EXP 	text: autoDraw = True
69.2094 	EXP 	textbox: autoDraw = True
70.7191 	DATA 	Keypress: 1
70.7696 	DATA 	Keypress: 0
70.9192 	DATA 	Keypress: 0
71.6425 	DATA 	Mouse: Left button down, pos=(944,262)
71.6524 	EXP 	New trial (rep=0, index=10): <Trial 10 (10 in rep 0) data={'delay': 0.7, 'freq': 400, 'condition': 'unexp', 'thisN': 10, 'thisTrialN': 10, 'thisRepN': 0}>
71.6678 	EXP 	text: autoDraw = False
71.6678 	EXP 	textbox: autoDraw = False
71.6678 	EXP 	polygon: autoDraw = True
71.7187 	DATA 	Mouse:  Left button up, pos=(944,262)
72.6672 	INFO 	Keyboard events cleared
72.6670 	EXP 	polygon: autoDraw = False
72.6670 	EXP 	polygon_2: autoDraw = True
73.2717 	DATA 	Keypress: space
73.2831 	EXP 	polygon: autoDraw = False
73.2831 	EXP 	polygon_2: autoDraw = False
73.9661 	EXP 	Sound sound_1 reached end of file
73.9824 	EXP 	Sound sound_1 started
74.2765 	EXP 	Sound sound_1 stopped
74.2913 	EXP 	text: autoDraw = True
74.2913 	EXP 	textbox: autoDraw = True
82.3047 	DATA 	Keypress: 3
82.4350 	DATA 	Keypress: 0
82.5650 	DATA 	Keypress: 0
83.1749 	DATA 	Mouse: Left button down, pos=(945,263)
83.1759 	EXP 	New trial (rep=0, index=11): <Trial 11 (11 in rep 0) data={'delay': 0.1, 'freq': 1000, 'condition': 'exp', 'thisN': 11, 'thisTrialN': 11, 'thisRepN': 0}>
83.1912 	EXP 	text: autoDraw = False
83.1912 	EXP 	textbox: autoDraw = False
83.1912 	EXP 	polygon: autoDraw = True
83.2583 	DATA 	Mouse:  Left button up, pos=(945,263)
84.1905 	INFO 	Keyboard events cleared
84.1903 	EXP 	polygon_2: autoDraw = True
84.2067 	EXP 	polygon: autoDraw = False
84.5111 	DATA 	Keypress: space
84.5233 	EXP 	polygon: autoDraw = False
84.5233 	EXP 	polygon_2: autoDraw = False
84.5903 	EXP 	Sound sound_1 reached end of file
84.6066 	EXP 	Sound sound_1 started
84.8443 	EXP 	Sound sound_1 reached end of file
84.8568 	EXP 	Sound sound_1 reached end of file
84.8831 	EXP 	text: autoDraw = True
84.8831 	EXP 	textbox: autoDraw = True
85.9400 	DATA 	Keypress: 2
86.7387 	DATA 	Keypress: backspace
86.8643 	DATA 	Keypress: 1
87.0051 	DATA 	Keypress: 0
87.1114 	DATA 	Keypress: 0
87.9775 	DATA 	Mouse: Left button down, pos=(945,263)
87.9881 	EXP 	New trial (rep=0, index=12): <Trial 12 (12 in rep 0) data={'delay': 0.7, 'freq': 400, 'condition': 'unexp', 'thisN': 12, 'thisTrialN': 12, 'thisRepN': 0}>
88.0033 	EXP 	text: autoDraw = False
88.0033 	EXP 	textbox: autoDraw = False
88.0033 	EXP 	polygon: autoDraw = True
88.0547 	DATA 	Mouse:  Left button up, pos=(947,263)
89.0027 	INFO 	Keyboard events cleared
89.0026 	EXP 	polygon: autoDraw = False
89.0026 	EXP 	polygon_2: autoDraw = True
89.4072 	DATA 	Keypress: space
89.4190 	EXP 	polygon: autoDraw = False
89.4190 	EXP 	polygon_2: autoDraw = False
90.1018 	EXP 	Sound sound_1 reached end of file
90.1181 	EXP 	Sound sound_1 started
90.4084 	EXP 	Sound sound_1 stopped
90.4223 	EXP 	text: autoDraw = True
90.4223 	EXP 	textbox: autoDraw = True
93.5829 	DATA 	Keypress: 4
93.6993 	DATA 	Keypress: 0
93.8064 	DATA 	Keypress: 0
94.3988 	DATA 	Mouse: Left button down, pos=(947,263)
94.3997 	EXP 	New trial (rep=0, index=13): <Trial 13 (13 in rep 0) data={'delay': 0.4, 'freq': 400, 'condition': 'unexp', 'thisN': 13, 'thisTrialN': 13, 'thisRepN': 0}>
94.4147 	EXP 	text: autoDraw = False
94.4147 	EXP 	textbox: autoDraw = False
94.4147 	EXP 	polygon: autoDraw = True
94.4819 	DATA 	Mouse:  Left button up, pos=(947,263)
95.4137 	INFO 	Keyboard events cleared
95.4135 	EXP 	polygon: autoDraw = False
95.4135 	EXP 	polygon_2: autoDraw = True
96.1819 	DATA 	Keypress: space
96.2132 	EXP 	polygon: autoDraw = False
96.2132 	EXP 	polygon_2: autoDraw = False
96.5962 	EXP 	Sound sound_1 reached end of file
96.6126 	EXP 	Sound sound_1 started
96.9062 	EXP 	Sound sound_1 stopped
96.9253 	EXP 	text: autoDraw = True
96.9253 	EXP 	textbox: autoDraw = True
98.1201 	DATA 	Keypress: 1
98.3786 	DATA 	Keypress: 0
98.5024 	DATA 	Keypress: 0
99.1851 	DATA 	Mouse: Left button down, pos=(964,222)
99.1952 	EXP 	New trial (rep=0, index=14): <Trial 14 (14 in rep 0) data={'delay': 0.7, 'freq': 1000, 'condition': 'exp', 'thisN': 14, 'thisTrialN': 14, 'thisRepN': 0}>
99.2105 	EXP 	text: autoDraw = False
99.2105 	EXP 	textbox: autoDraw = False
99.2105 	EXP 	polygon: autoDraw = True
99.2611 	DATA 	Mouse:  Left button up, pos=(964,222)
100.2098 	INFO 	Keyboard events cleared
100.2096 	EXP 	polygon: autoDraw = False
100.2096 	EXP 	polygon_2: autoDraw = True
100.6483 	DATA 	Keypress: space
100.6593 	EXP 	polygon: autoDraw = False
100.6593 	EXP 	polygon_2: autoDraw = False
101.3420 	EXP 	Sound sound_1 reached end of file
101.3583 	EXP 	Sound sound_1 started
101.6774 	EXP 	Sound sound_1 stopped
101.6977 	EXP 	text: autoDraw = True
101.6977 	EXP 	textbox: autoDraw = True
102.7749 	DATA 	Keypress: 4
103.8162 	DATA 	Keypress: backspace
104.7826 	DATA 	Keypress: 2
104.9953 	DATA 	Keypress: 0
105.1128 	DATA 	Keypress: 0
105.9620 	DATA 	Mouse: Left button down, pos=(1053,194)
105.9726 	EXP 	New trial (rep=0, index=15): <Trial 15 (15 in rep 0) data={'delay': 0.1, 'freq': 1000, 'condition': 'exp', 'thisN': 15, 'thisTrialN': 15, 'thisRepN': 0}>
105.9879 	EXP 	text: autoDraw = False
105.9879 	EXP 	textbox: autoDraw = False
105.9879 	EXP 	polygon: autoDraw = True
106.0390 	DATA 	Mouse:  Left button up, pos=(1053,194)
106.9870 	INFO 	Keyboard events cleared
106.9869 	EXP 	polygon: autoDraw = False
106.9869 	EXP 	polygon_2: autoDraw = True
108.1238 	DATA 	Keypress: space
108.1361 	EXP 	polygon: autoDraw = False
108.1361 	EXP 	polygon_2: autoDraw = False
108.2031 	EXP 	Sound sound_1 reached end of file
108.2194 	EXP 	Sound sound_1 started
108.5072 	EXP 	Sound sound_1 stopped
108.5230 	EXP 	text: autoDraw = True
108.5230 	EXP 	textbox: autoDraw = True
109.7004 	DATA 	Keypress: 1
109.8926 	DATA 	Keypress: 0
110.0181 	DATA 	Keypress: 0
110.6092 	DATA 	Mouse: Left button down, pos=(1051,194)
110.6186 	EXP 	New trial (rep=0, index=16): <Trial 16 (16 in rep 0) data={'delay': 0.4, 'freq': 1000, 'condition': 'exp', 'thisN': 16, 'thisTrialN': 16, 'thisRepN': 0}>
110.6339 	EXP 	text: autoDraw = False
110.6339 	EXP 	textbox: autoDraw = False
110.6339 	EXP 	polygon: autoDraw = True
110.7013 	DATA 	Mouse:  Left button up, pos=(1051,194)
111.6333 	INFO 	Keyboard events cleared
111.6331 	EXP 	polygon: autoDraw = False
111.6331 	EXP 	polygon_2: autoDraw = True
112.2846 	DATA 	Keypress: space
112.3158 	EXP 	polygon: autoDraw = False
112.3158 	EXP 	polygon_2: autoDraw = False
112.6992 	EXP 	Sound sound_1 reached end of file
112.7155 	EXP 	Sound sound_1 started
113.0060 	EXP 	Sound sound_1 stopped
113.0281 	EXP 	text: autoDraw = True
113.0281 	EXP 	textbox: autoDraw = True
114.2233 	DATA 	Keypress: 1
114.8973 	DATA 	Keypress: 5
115.0707 	DATA 	Keypress: 0
116.0630 	DATA 	Mouse: Left button down, pos=(1088,177)
116.0639 	EXP 	New trial (rep=0, index=17): <Trial 17 (17 in rep 0) data={'delay': 0.7, 'freq': 1000, 'condition': 'exp', 'thisN': 17, 'thisTrialN': 17, 'thisRepN': 0}>
116.0790 	EXP 	text: autoDraw = False
116.0790 	EXP 	textbox: autoDraw = False
116.0790 	EXP 	polygon: autoDraw = True
116.1301 	DATA 	Mouse:  Left button up, pos=(1088,177)
117.0787 	INFO 	Keyboard events cleared
117.0785 	EXP 	polygon: autoDraw = False
117.0785 	EXP 	polygon_2: autoDraw = True
117.8153 	DATA 	Keypress: space
117.8273 	EXP 	polygon: autoDraw = False
117.8273 	EXP 	polygon_2: autoDraw = False
118.5105 	EXP 	Sound sound_1 reached end of file
118.5268 	EXP 	Sound sound_1 started
118.8290 	EXP 	Sound sound_1 stopped
118.8511 	EXP 	text: autoDraw = True
118.8511 	EXP 	textbox: autoDraw = True
120.7423 	DATA 	Keypress: 3
121.6747 	DATA 	Keypress: 5
122.0911 	DATA 	Keypress: 0
123.5901 	DATA 	Mouse: Left button down, pos=(1066,185)
123.5909 	EXP 	New trial (rep=0, index=18): <Trial 18 (18 in rep 0) data={'delay': 0.4, 'freq': 1000, 'condition': 'exp', 'thisN': 18, 'thisTrialN': 18, 'thisRepN': 0}>
123.6059 	EXP 	text: autoDraw = False
123.6059 	EXP 	textbox: autoDraw = False
123.6059 	EXP 	polygon: autoDraw = True
123.6733 	DATA 	Mouse:  Left button up, pos=(1066,185)
124.6054 	INFO 	Keyboard events cleared
124.6052 	EXP 	polygon: autoDraw = False
124.6052 	EXP 	polygon_2: autoDraw = True
125.2252 	DATA 	Keypress: space
125.2379 	EXP 	polygon: autoDraw = False
125.2379 	EXP 	polygon_2: autoDraw = False
125.6210 	EXP 	Sound sound_1 reached end of file
125.6374 	EXP 	Sound sound_1 started
125.9349 	EXP 	Sound sound_1 stopped
125.9574 	EXP 	text: autoDraw = True
125.9574 	EXP 	textbox: autoDraw = True
126.9972 	DATA 	Keypress: 1
128.1023 	DATA 	Keypress: backspace
128.1696 	DATA 	Keypress: 2
128.7414 	DATA 	Keypress: 0
128.8589 	DATA 	Keypress: 0
129.6182 	DATA 	Mouse: Left button down, pos=(1066,185)
129.6190 	EXP 	New trial (rep=0, index=19): <Trial 19 (19 in rep 0) data={'delay': 0.4, 'freq': 1000, 'condition': 'exp', 'thisN': 19, 'thisTrialN': 19, 'thisRepN': 0}>
129.6340 	EXP 	text: autoDraw = False
129.6340 	EXP 	textbox: autoDraw = False
129.6340 	EXP 	polygon: autoDraw = True
129.7017 	DATA 	Mouse:  Left button up, pos=(1066,185)
130.6334 	INFO 	Keyboard events cleared
130.6331 	EXP 	polygon: autoDraw = False
130.6331 	EXP 	polygon_2: autoDraw = True
131.3201 	DATA 	Keypress: space
131.3325 	EXP 	polygon: autoDraw = False
131.3325 	EXP 	polygon_2: autoDraw = False
131.7157 	EXP 	Sound sound_1 reached end of file
131.7320 	EXP 	Sound sound_1 started
132.0005 	EXP 	Sound sound_1 reached end of file
132.0040 	EXP 	Sound sound_1 reached end of file
132.0178 	EXP 	text: autoDraw = True
132.0178 	EXP 	textbox: autoDraw = True
132.8652 	DATA 	Keypress: 1
133.1149 	DATA 	Keypress: 0
133.2209 	DATA 	Keypress: 0
133.9813 	DATA 	Mouse: Left button down, pos=(1064,184)
133.9821 	EXP 	New trial (rep=0, index=20): <Trial 20 (20 in rep 0) data={'delay': 0.1, 'freq': 1000, 'condition': 'exp', 'thisN': 20, 'thisTrialN': 20, 'thisRepN': 0}>
133.9969 	EXP 	text: autoDraw = False
133.9969 	EXP 	textbox: autoDraw = False
133.9969 	EXP 	polygon: autoDraw = True
134.0484 	DATA 	Mouse:  Left button up, pos=(1068,149)
134.9963 	INFO 	Keyboard events cleared
134.9962 	EXP 	polygon: autoDraw = False
134.9962 	EXP 	polygon_2: autoDraw = True
135.6996 	DATA 	Keypress: space
135.7120 	EXP 	polygon: autoDraw = False
135.7120 	EXP 	polygon_2: autoDraw = False
135.7789 	EXP 	Sound sound_1 reached end of file
135.7952 	EXP 	Sound sound_1 started
136.0872 	EXP 	Sound sound_1 stopped
136.1125 	EXP 	text: autoDraw = True
136.1125 	EXP 	textbox: autoDraw = True
139.2187 	DATA 	Keypress: 1
139.6261 	DATA 	Keypress: 0
139.7488 	DATA 	Keypress: 0
140.7821 	DATA 	Mouse: Left button down, pos=(957,167)
140.7923 	EXP 	New trial (rep=0, index=21): <Trial 21 (21 in rep 0) data={'delay': 0.1, 'freq': 1000, 'condition': 'exp', 'thisN': 21, 'thisTrialN': 21, 'thisRepN': 0}>
140.8077 	EXP 	text: autoDraw = False
140.8077 	EXP 	textbox: autoDraw = False
140.8077 	EXP 	polygon: autoDraw = True
140.8249 	DATA 	Mouse:  Left button up, pos=(957,167)
141.8070 	INFO 	Keyboard events cleared
141.8069 	EXP 	polygon: autoDraw = False
141.8069 	EXP 	polygon_2: autoDraw = True
143.3101 	DATA 	Keypress: space
143.3220 	EXP 	polygon: autoDraw = False
143.3220 	EXP 	polygon_2: autoDraw = False
143.4054 	EXP 	Sound sound_1 reached end of file
143.4217 	EXP 	Sound sound_1 started
143.7502 	EXP 	Sound sound_1 stopped
143.7770 	EXP 	text: autoDraw = True
143.7770 	EXP 	textbox: autoDraw = True
144.3811 	DATA 	Keypress: 1
144.7217 	DATA 	Keypress: 0
144.8378 	DATA 	Keypress: 0
145.4616 	DATA 	Mouse: Left button down, pos=(957,170)
145.4715 	EXP 	New trial (rep=0, index=22): <Trial 22 (22 in rep 0) data={'delay': 0.7, 'freq': 1000, 'condition': 'exp', 'thisN': 22, 'thisTrialN': 22, 'thisRepN': 0}>
145.4869 	EXP 	text: autoDraw = False
145.4869 	EXP 	textbox: autoDraw = False
145.4869 	EXP 	polygon: autoDraw = True
145.5210 	DATA 	Mouse:  Left button up, pos=(957,170)
146.4859 	INFO 	Keyboard events cleared
146.4857 	EXP 	polygon_2: autoDraw = True
146.5028 	EXP 	polygon: autoDraw = False
147.3872 	DATA 	Keypress: space
147.4182 	EXP 	polygon: autoDraw = False
147.4182 	EXP 	polygon_2: autoDraw = False
148.1017 	EXP 	Sound sound_1 reached end of file
148.1180 	EXP 	Sound sound_1 started
148.4214 	EXP 	Sound sound_1 stopped
148.4361 	EXP 	text: autoDraw = True
148.4361 	EXP 	textbox: autoDraw = True
150.3954 	DATA 	Keypress: 3
150.5160 	DATA 	Keypress: 0
150.6163 	DATA 	Keypress: 0
151.1824 	DATA 	Mouse: Left button down, pos=(957,190)
151.1833 	EXP 	New trial (rep=0, index=23): <Trial 23 (23 in rep 0) data={'delay': 0.1, 'freq': 400, 'condition': 'unexp', 'thisN': 23, 'thisTrialN': 23, 'thisRepN': 0}>
151.1982 	EXP 	text: autoDraw = False
151.1982 	EXP 	textbox: autoDraw = False
151.1982 	EXP 	polygon: autoDraw = True
151.2658 	DATA 	Mouse:  Left button up, pos=(955,188)
152.1980 	INFO 	Keyboard events cleared
152.1978 	EXP 	polygon: autoDraw = False
152.1978 	EXP 	polygon_2: autoDraw = True
152.9022 	DATA 	Keypress: space
152.9133 	EXP 	polygon: autoDraw = False
152.9133 	EXP 	polygon_2: autoDraw = False
152.9975 	EXP 	Sound sound_1 reached end of file
153.0138 	EXP 	Sound sound_1 started
153.3231 	EXP 	Sound sound_1 stopped
153.3387 	EXP 	text: autoDraw = True
153.3387 	EXP 	textbox: autoDraw = True
154.4405 	DATA 	Keypress: 1
155.1624 	DATA 	Keypress: 5
155.4193 	DATA 	Keypress: 0
156.3679 	DATA 	Mouse: Left button down, pos=(956,205)
156.3788 	EXP 	New trial (rep=0, index=24): <Trial 24 (24 in rep 0) data={'delay': 0.4, 'freq': 1000, 'condition': 'exp', 'thisN': 24, 'thisTrialN': 24, 'thisRepN': 0}>
156.3941 	EXP 	text: autoDraw = False
156.3941 	EXP 	textbox: autoDraw = False
156.3941 	EXP 	polygon: autoDraw = True
156.4288 	DATA 	Mouse:  Left button up, pos=(956,205)
157.3934 	INFO 	Keyboard events cleared
157.3932 	EXP 	polygon: autoDraw = False
157.3932 	EXP 	polygon_2: autoDraw = True
158.5795 	DATA 	Keypress: space
158.5923 	EXP 	polygon: autoDraw = False
158.5923 	EXP 	polygon_2: autoDraw = False
158.9589 	EXP 	Sound sound_1 reached end of file
158.9752 	EXP 	Sound sound_1 started
159.2764 	EXP 	Sound sound_1 stopped
159.2907 	EXP 	text: autoDraw = True
159.2907 	EXP 	textbox: autoDraw = True
160.3675 	DATA 	Keypress: 2
160.6477 	DATA 	Keypress: 0
160.7741 	DATA 	Keypress: 0
161.4979 	DATA 	Mouse: Left button down, pos=(956,205)
161.5076 	EXP 	New trial (rep=0, index=25): <Trial 25 (25 in rep 0) data={'delay': 0.1, 'freq': 400, 'condition': 'unexp', 'thisN': 25, 'thisTrialN': 25, 'thisRepN': 0}>
161.5230 	EXP 	text: autoDraw = False
161.5230 	EXP 	textbox: autoDraw = False
161.5230 	EXP 	polygon: autoDraw = True
161.5570 	DATA 	Mouse:  Left button up, pos=(956,205)
162.5223 	INFO 	Keyboard events cleared
162.5221 	EXP 	polygon: autoDraw = False
162.5221 	EXP 	polygon_2: autoDraw = True
163.4895 	DATA 	Keypress: space
163.5043 	EXP 	polygon: autoDraw = False
163.5043 	EXP 	polygon_2: autoDraw = False
163.5716 	EXP 	Sound sound_1 reached end of file
163.5879 	EXP 	Sound sound_1 started
163.8504 	EXP 	Sound sound_1 reached end of file
163.8542 	EXP 	Sound sound_1 reached end of file
163.8722 	EXP 	text: autoDraw = True
163.8722 	EXP 	textbox: autoDraw = True
164.4816 	DATA 	Keypress: 1
164.8446 	DATA 	Keypress: 0
164.9706 	DATA 	Keypress: 0
165.5600 	DATA 	Mouse: Left button down, pos=(956,205)
165.5706 	EXP 	New trial (rep=0, index=26): <Trial 26 (26 in rep 0) data={'delay': 0.7, 'freq': 400, 'condition': 'unexp', 'thisN': 26, 'thisTrialN': 26, 'thisRepN': 0}>
165.5860 	EXP 	text: autoDraw = False
165.5860 	EXP 	textbox: autoDraw = False
165.5860 	EXP 	polygon: autoDraw = True
165.6370 	DATA 	Mouse:  Left button up, pos=(956,205)
166.5856 	INFO 	Keyboard events cleared
166.5853 	EXP 	polygon: autoDraw = False
166.5853 	EXP 	polygon_2: autoDraw = True
167.3863 	DATA 	Keypress: space
167.4006 	EXP 	polygon: autoDraw = False
167.4006 	EXP 	polygon_2: autoDraw = False
168.0678 	EXP 	Sound sound_1 reached end of file
168.0840 	EXP 	Sound sound_1 started
168.3570 	EXP 	Sound sound_1 reached end of file
168.3840 	EXP 	text: autoDraw = True
168.3840 	EXP 	textbox: autoDraw = True
169.1834 	DATA 	Keypress: 4
169.5569 	DATA 	Keypress: 0
169.6832 	DATA 	Keypress: 0
170.2827 	DATA 	Mouse: Left button down, pos=(956,205)
170.2836 	EXP 	New trial (rep=0, index=27): <Trial 27 (27 in rep 0) data={'delay': 0.4, 'freq': 1000, 'condition': 'exp', 'thisN': 27, 'thisTrialN': 27, 'thisRepN': 0}>
170.2986 	EXP 	text: autoDraw = False
170.2986 	EXP 	textbox: autoDraw = False
170.2986 	EXP 	polygon: autoDraw = True
170.3330 	DATA 	Mouse:  Left button up, pos=(956,205)
171.2981 	INFO 	Keyboard events cleared
171.2979 	EXP 	polygon: autoDraw = False
171.2979 	EXP 	polygon_2: autoDraw = True
172.1348 	DATA 	Keypress: space
172.1471 	EXP 	polygon: autoDraw = False
172.1471 	EXP 	polygon_2: autoDraw = False
172.5304 	EXP 	Sound sound_1 reached end of file
172.5467 	EXP 	Sound sound_1 started
172.8478 	EXP 	Sound sound_1 stopped
172.8623 	EXP 	text: autoDraw = True
172.8623 	EXP 	textbox: autoDraw = True
173.8566 	DATA 	Keypress: 1
174.7622 	DATA 	Keypress: backspace
174.8885 	DATA 	Keypress: 2
175.0947 	DATA 	Keypress: 0
175.2020 	DATA 	Keypress: 0
175.9112 	DATA 	Mouse: Left button down, pos=(956,205)
175.9120 	EXP 	New trial (rep=0, index=28): <Trial 28 (28 in rep 0) data={'delay': 0.4, 'freq': 1000, 'condition': 'exp', 'thisN': 28, 'thisTrialN': 28, 'thisRepN': 0}>
175.9270 	EXP 	text: autoDraw = False
175.9270 	EXP 	textbox: autoDraw = False
175.9270 	EXP 	polygon: autoDraw = True
175.9942 	DATA 	Mouse:  Left button up, pos=(956,205)
176.9265 	INFO 	Keyboard events cleared
176.9264 	EXP 	polygon: autoDraw = False
176.9264 	EXP 	polygon_2: autoDraw = True
177.5634 	DATA 	Keypress: space
177.5755 	EXP 	polygon: autoDraw = False
177.5755 	EXP 	polygon_2: autoDraw = False
177.9591 	EXP 	Sound sound_1 reached end of file
177.9754 	EXP 	Sound sound_1 started
178.2764 	EXP 	Sound sound_1 stopped
178.2894 	EXP 	text: autoDraw = True
178.2894 	EXP 	textbox: autoDraw = True
180.1904 	DATA 	Keypress: 2
180.2736 	DATA 	Keypress: 0
180.3906 	DATA 	Keypress: 0
181.1898 	DATA 	Mouse: Left button down, pos=(956,205)
181.1907 	EXP 	New trial (rep=0, index=29): <Trial 29 (29 in rep 0) data={'delay': 0.7, 'freq': 1000, 'condition': 'exp', 'thisN': 29, 'thisTrialN': 29, 'thisRepN': 0}>
181.2057 	EXP 	text: autoDraw = False
181.2057 	EXP 	textbox: autoDraw = False
181.2057 	EXP 	polygon: autoDraw = True
181.2566 	DATA 	Mouse:  Left button up, pos=(956,205)
182.2052 	INFO 	Keyboard events cleared
182.2050 	EXP 	polygon: autoDraw = False
182.2050 	EXP 	polygon_2: autoDraw = True
182.5257 	DATA 	Keypress: space
182.5381 	EXP 	polygon: autoDraw = False
182.5381 	EXP 	polygon_2: autoDraw = False
183.2212 	EXP 	Sound sound_1 reached end of file
183.2374 	EXP 	Sound sound_1 started
183.5084 	EXP 	Sound sound_1 reached end of file
183.5438 	EXP 	text: autoDraw = True
183.5438 	EXP 	textbox: autoDraw = True
184.1205 	DATA 	Keypress: 3
184.5206 	DATA 	Keypress: 0
184.6531 	DATA 	Keypress: 0
185.7523 	DATA 	Mouse: Left button down, pos=(965,200)
185.7532 	EXP 	New trial (rep=0, index=30): <Trial 30 (30 in rep 0) data={'delay': 0.7, 'freq': 1000, 'condition': 'exp', 'thisN': 30, 'thisTrialN': 30, 'thisRepN': 0}>
185.7682 	EXP 	text: autoDraw = False
185.7682 	EXP 	textbox: autoDraw = False
185.7682 	EXP 	polygon: autoDraw = True
185.8527 	DATA 	Mouse:  Left button up, pos=(965,200)
186.7679 	INFO 	Keyboard events cleared
186.7678 	EXP 	polygon: autoDraw = False
186.7678 	EXP 	polygon_2: autoDraw = True
187.8710 	DATA 	Keypress: space
187.8835 	EXP 	polygon: autoDraw = False
187.8835 	EXP 	polygon_2: autoDraw = False
188.0009 	DATA 	Keypress: space
188.5666 	EXP 	Sound sound_1 reached end of file
188.5828 	EXP 	Sound sound_1 started
188.8438 	EXP 	Sound sound_1 reached end of file
188.8490 	EXP 	Sound sound_1 reached end of file
188.8659 	EXP 	text: autoDraw = True
188.8659 	EXP 	textbox: autoDraw = True
189.8488 	DATA 	Keypress: 3
190.6650 	DATA 	Keypress: 5
190.8541 	DATA 	Keypress: 0
191.6971 	DATA 	Mouse: Left button down, pos=(959,193)
191.6980 	EXP 	New trial (rep=0, index=31): <Trial 31 (31 in rep 0) data={'delay': 0.4, 'freq': 400, 'condition': 'unexp', 'thisN': 31, 'thisTrialN': 31, 'thisRepN': 0}>
191.7133 	EXP 	text: autoDraw = False
191.7133 	EXP 	textbox: autoDraw = False
191.7133 	EXP 	polygon: autoDraw = True
191.7805 	DATA 	Mouse:  Left button up, pos=(959,193)
192.7126 	INFO 	Keyboard events cleared
192.7125 	EXP 	polygon: autoDraw = False
192.7125 	EXP 	polygon_2: autoDraw = True
193.9653 	DATA 	Keypress: space
193.9780 	EXP 	polygon: autoDraw = False
193.9780 	EXP 	polygon_2: autoDraw = False
194.3614 	EXP 	Sound sound_1 reached end of file
194.3777 	EXP 	Sound sound_1 started
194.6678 	EXP 	Sound sound_1 stopped
194.6954 	EXP 	text: autoDraw = True
194.6954 	EXP 	textbox: autoDraw = True
196.7866 	DATA 	Keypress: 3
196.9374 	DATA 	Keypress: 0
197.0423 	DATA 	Keypress: 0
197.7921 	DATA 	Mouse: Left button down, pos=(941,210)
197.7930 	EXP 	New trial (rep=0, index=32): <Trial 32 (32 in rep 0) data={'delay': 0.4, 'freq': 400, 'condition': 'unexp', 'thisN': 32, 'thisTrialN': 32, 'thisRepN': 0}>
197.8080 	EXP 	text: autoDraw = False
197.8080 	EXP 	textbox: autoDraw = False
197.8080 	EXP 	polygon: autoDraw = True
197.8923 	DATA 	Mouse:  Left button up, pos=(941,210)
198.8076 	INFO 	Keyboard events cleared
198.8073 	EXP 	polygon_2: autoDraw = True
198.8239 	EXP 	polygon: autoDraw = False
199.5939 	DATA 	Keypress: space
199.6065 	EXP 	polygon: autoDraw = False
199.6065 	EXP 	polygon_2: autoDraw = False
199.9899 	EXP 	Sound sound_1 reached end of file
200.0062 	EXP 	Sound sound_1 started
200.3288 	EXP 	Sound sound_1 stopped
200.3458 	EXP 	text: autoDraw = True
200.3458 	EXP 	textbox: autoDraw = True
201.6657 	DATA 	Keypress: 1
202.7044 	DATA 	Keypress: 5
202.8876 	DATA 	Keypress: 0
203.6035 	DATA 	Mouse: Left button down, pos=(955,191)
203.6044 	EXP 	New trial (rep=0, index=33): <Trial 33 (33 in rep 0) data={'delay': 0.7, 'freq': 1000, 'condition': 'exp', 'thisN': 33, 'thisTrialN': 33, 'thisRepN': 0}>
203.6195 	EXP 	text: autoDraw = False
203.6195 	EXP 	textbox: autoDraw = False
203.6195 	EXP 	polygon: autoDraw = True
203.7039 	DATA 	Mouse:  Left button up, pos=(955,191)
204.6191 	INFO 	Keyboard events cleared
204.6189 	EXP 	polygon: autoDraw = False
204.6189 	EXP 	polygon_2: autoDraw = True
205.7388 	DATA 	Keypress: space
205.7509 	EXP 	polygon: autoDraw = False
205.7509 	EXP 	polygon_2: autoDraw = False
206.4342 	EXP 	Sound sound_1 reached end of file
206.4505 	EXP 	Sound sound_1 started
206.7526 	EXP 	Sound sound_1 stopped
206.7753 	EXP 	text: autoDraw = True
206.7753 	EXP 	textbox: autoDraw = True
207.9664 	DATA 	Keypress: 4
208.1388 	DATA 	Keypress: 0
208.2830 	DATA 	Keypress: 0
208.8948 	DATA 	Mouse: Left button down, pos=(967,202)
208.8994 	EXP 	New trial (rep=0, index=34): <Trial 34 (34 in rep 0) data={'delay': 0.1, 'freq': 400, 'condition': 'unexp', 'thisN': 34, 'thisTrialN': 34, 'thisRepN': 0}>
208.9145 	EXP 	text: autoDraw = False
208.9145 	EXP 	textbox: autoDraw = False
208.9145 	EXP 	polygon: autoDraw = True
208.9822 	DATA 	Mouse:  Left button up, pos=(967,202)
209.9141 	INFO 	Keyboard events cleared
209.9139 	EXP 	polygon: autoDraw = False
209.9139 	EXP 	polygon_2: autoDraw = True
210.5507 	DATA 	Keypress: space
210.5635 	EXP 	polygon: autoDraw = False
210.5635 	EXP 	polygon_2: autoDraw = False
210.6474 	EXP 	Sound sound_1 reached end of file
210.6637 	EXP 	Sound sound_1 started
210.9294 	EXP 	Sound sound_1 reached end of file
210.9331 	EXP 	Sound sound_1 reached end of file
210.9555 	EXP 	text: autoDraw = True
210.9555 	EXP 	textbox: autoDraw = True
212.0384 	DATA 	Keypress: 1
212.1961 	DATA 	Keypress: 0
212.3027 	DATA 	Keypress: 0
212.8786 	DATA 	Mouse: Left button down, pos=(955,184)
212.8794 	EXP 	New trial (rep=0, index=35): <Trial 35 (35 in rep 0) data={'delay': 0.1, 'freq': 1000, 'condition': 'exp', 'thisN': 35, 'thisTrialN': 35, 'thisRepN': 0}>
212.8945 	EXP 	text: autoDraw = False
212.8945 	EXP 	textbox: autoDraw = False
212.8945 	EXP 	polygon: autoDraw = True
212.9622 	DATA 	Mouse:  Left button up, pos=(955,184)
213.8940 	INFO 	Keyboard events cleared
213.8939 	EXP 	polygon: autoDraw = False
213.8939 	EXP 	polygon_2: autoDraw = True
215.7636 	DATA 	Keypress: space
215.7756 	EXP 	polygon: autoDraw = False
215.7756 	EXP 	polygon_2: autoDraw = False
215.8592 	EXP 	Sound sound_1 reached end of file
215.8755 	EXP 	Sound sound_1 started
216.1676 	EXP 	Sound sound_1 stopped
216.1940 	EXP 	text: autoDraw = True
216.1940 	EXP 	textbox: autoDraw = True
218.6403 	DATA 	Keypress: 1
218.7651 	DATA 	Keypress: 0
218.8979 	DATA 	Keypress: 0
219.4731 	DATA 	Mouse: Left button down, pos=(957,188)
219.4740 	EXP 	New trial (rep=1, index=0): <Trial 36 (0 in rep 1) data={'delay': 0.4, 'freq': 1000, 'condition': 'exp', 'thisN': 36, 'thisTrialN': 0, 'thisRepN': 1}>
219.4887 	EXP 	text: autoDraw = False
219.4887 	EXP 	textbox: autoDraw = False
219.4887 	EXP 	polygon: autoDraw = True
219.5571 	DATA 	Mouse:  Left button up, pos=(957,188)
220.4881 	INFO 	Keyboard events cleared
220.4879 	EXP 	polygon: autoDraw = False
220.4879 	EXP 	polygon_2: autoDraw = True
222.2745 	DATA 	Keypress: space
222.2867 	EXP 	polygon: autoDraw = False
222.2867 	EXP 	polygon_2: autoDraw = False
222.6702 	EXP 	Sound sound_1 reached end of file
222.6864 	EXP 	Sound sound_1 started
222.9795 	EXP 	Sound sound_1 stopped
223.0023 	EXP 	text: autoDraw = True
223.0023 	EXP 	textbox: autoDraw = True
223.7490 	DATA 	Keypress: 1
224.1192 	DATA 	Keypress: 0
224.2693 	DATA 	Keypress: 0
225.5027 	DATA 	Mouse: Left button down, pos=(1061,220)
225.5035 	EXP 	New trial (rep=1, index=1): <Trial 37 (1 in rep 1) data={'delay': 0.7, 'freq': 1000, 'condition': 'exp', 'thisN': 37, 'thisTrialN': 1, 'thisRepN': 1}>
225.5172 	EXP 	text: autoDraw = False
225.5172 	EXP 	textbox: autoDraw = False
225.5172 	EXP 	polygon: autoDraw = True
225.5844 	DATA 	Mouse:  Left button up, pos=(1061,220)
226.5167 	INFO 	Keyboard events cleared
226.5165 	EXP 	polygon: autoDraw = False
226.5165 	EXP 	polygon_2: autoDraw = True
227.1705 	DATA 	Keypress: space
227.1819 	EXP 	polygon: autoDraw = False
227.1819 	EXP 	polygon_2: autoDraw = False
227.8654 	EXP 	Sound sound_1 reached end of file
227.8817 	EXP 	Sound sound_1 started
228.1716 	EXP 	Sound sound_1 stopped
228.1947 	EXP 	text: autoDraw = True
228.1947 	EXP 	textbox: autoDraw = True
228.7407 	DATA 	Keypress: 2
229.1812 	DATA 	Keypress: 0
229.3144 	DATA 	Keypress: 0
229.9808 	DATA 	Mouse: Left button down, pos=(1061,220)
229.9817 	EXP 	New trial (rep=1, index=2): <Trial 38 (2 in rep 1) data={'delay': 0.4, 'freq': 1000, 'condition': 'exp', 'thisN': 38, 'thisTrialN': 2, 'thisRepN': 1}>
229.9966 	EXP 	text: autoDraw = False
229.9966 	EXP 	textbox: autoDraw = False
229.9966 	EXP 	polygon: autoDraw = True
230.0974 	DATA 	Mouse:  Left button up, pos=(1061,220)
230.9961 	INFO 	Keyboard events cleared
230.9959 	EXP 	polygon_2: autoDraw = True
231.0125 	EXP 	polygon: autoDraw = False
231.4835 	DATA 	Keypress: space
231.4949 	EXP 	polygon: autoDraw = False
231.4949 	EXP 	polygon_2: autoDraw = False
231.8787 	EXP 	Sound sound_1 reached end of file
231.8950 	EXP 	Sound sound_1 started
232.1898 	EXP 	Sound sound_1 stopped
232.2125 	EXP 	text: autoDraw = True
232.2125 	EXP 	textbox: autoDraw = True
232.8449 	DATA 	Keypress: 1
233.2016 	DATA 	Keypress: 0
233.3277 	DATA 	Keypress: 0
233.9603 	DATA 	Mouse: Left button down, pos=(1059,223)
233.9612 	EXP 	New trial (rep=1, index=3): <Trial 39 (3 in rep 1) data={'delay': 0.7, 'freq': 1000, 'condition': 'exp', 'thisN': 39, 'thisTrialN': 3, 'thisRepN': 1}>
233.9766 	EXP 	text: autoDraw = False
233.9766 	EXP 	textbox: autoDraw = False
233.9766 	EXP 	polygon: autoDraw = True
234.0440 	DATA 	Mouse:  Left button up, pos=(1059,223)
234.9760 	INFO 	Keyboard events cleared
234.9758 	EXP 	polygon: autoDraw = False
234.9758 	EXP 	polygon_2: autoDraw = True
235.7295 	DATA 	Keypress: space
235.7413 	EXP 	polygon: autoDraw = False
235.7413 	EXP 	polygon_2: autoDraw = False
236.4247 	EXP 	Sound sound_1 reached end of file
236.4411 	EXP 	Sound sound_1 started
236.7518 	EXP 	Sound sound_1 stopped
236.7696 	EXP 	text: autoDraw = True
236.7696 	EXP 	textbox: autoDraw = True
238.3403 	DATA 	Keypress: 3
238.6063 	DATA 	Keypress: 0
238.7231 	DATA 	Keypress: 0
239.6058 	DATA 	Mouse: Left button down, pos=(1059,223)
239.6068 	EXP 	New trial (rep=1, index=4): <Trial 40 (4 in rep 1) data={'delay': 0.1, 'freq': 1000, 'condition': 'exp', 'thisN': 40, 'thisTrialN': 4, 'thisRepN': 1}>
239.6217 	EXP 	text: autoDraw = False
239.6217 	EXP 	textbox: autoDraw = False
239.6217 	EXP 	polygon: autoDraw = True
239.6892 	DATA 	Mouse:  Left button up, pos=(1059,223)
240.6208 	INFO 	Keyboard events cleared
240.6207 	EXP 	polygon: autoDraw = False
240.6207 	EXP 	polygon_2: autoDraw = True
241.5077 	DATA 	Keypress: space
241.5195 	EXP 	polygon: autoDraw = False
241.5195 	EXP 	polygon_2: autoDraw = False
241.5869 	EXP 	Sound sound_1 reached end of file
241.6033 	EXP 	Sound sound_1 started
241.8505 	EXP 	Sound sound_1 reached end of file
241.8543 	EXP 	Sound sound_1 reached end of file
241.8807 	EXP 	text: autoDraw = True
241.8807 	EXP 	textbox: autoDraw = True
242.7617 	DATA 	Keypress: 1
243.0361 	DATA 	Keypress: 0
243.1692 	DATA 	Keypress: 0
245.9168 	DATA 	Keypress: backspace
246.0893 	DATA 	Keypress: backspace
246.3733 	DATA 	Keypress: backspace
247.6263 	DATA 	Keypress: 1
247.7648 	DATA 	Keypress: 0
247.8712 	DATA 	Keypress: 0
248.7049 	DATA 	Mouse: Left button down, pos=(1043,231)
248.7152 	EXP 	New trial (rep=1, index=5): <Trial 41 (5 in rep 1) data={'delay': 0.4, 'freq': 400, 'condition': 'unexp', 'thisN': 41, 'thisTrialN': 5, 'thisRepN': 1}>
248.7302 	EXP 	text: autoDraw = False
248.7302 	EXP 	textbox: autoDraw = False
248.7302 	EXP 	polygon: autoDraw = True
248.7651 	DATA 	Mouse:  Left button up, pos=(1043,231)
249.7297 	INFO 	Keyboard events cleared
249.7295 	EXP 	polygon: autoDraw = False
249.7295 	EXP 	polygon_2: autoDraw = True
250.4666 	DATA 	Keypress: space
250.4784 	EXP 	polygon: autoDraw = False
250.4784 	EXP 	polygon_2: autoDraw = False
250.8622 	EXP 	Sound sound_1 reached end of file
250.8786 	EXP 	Sound sound_1 started
251.1737 	EXP 	Sound sound_1 stopped
251.1890 	EXP 	text: autoDraw = True
251.1890 	EXP 	textbox: autoDraw = True
252.3571 	DATA 	Keypress: 2
252.5108 	DATA 	Keypress: 0
252.6278 	DATA 	Keypress: 0
254.1426 	DATA 	Mouse: Left button down, pos=(982,230)
254.1435 	EXP 	New trial (rep=1, index=6): <Trial 42 (6 in rep 1) data={'delay': 0.7, 'freq': 1000, 'condition': 'exp', 'thisN': 42, 'thisTrialN': 6, 'thisRepN': 1}>
254.1585 	EXP 	text: autoDraw = False
254.1585 	EXP 	textbox: autoDraw = False
254.1585 	EXP 	polygon: autoDraw = True
254.2598 	DATA 	Mouse:  Left button up, pos=(982,230)
255.1579 	INFO 	Keyboard events cleared
255.1577 	EXP 	polygon: autoDraw = False
255.1577 	EXP 	polygon_2: autoDraw = True
256.8283 	DATA 	Keypress: space
256.8394 	EXP 	polygon: autoDraw = False
256.8394 	EXP 	polygon_2: autoDraw = False
257.5231 	EXP 	Sound sound_1 reached end of file
257.5393 	EXP 	Sound sound_1 started
257.8276 	EXP 	Sound sound_1 stopped
257.8444 	EXP 	text: autoDraw = True
257.8444 	EXP 	textbox: autoDraw = True
258.5502 	DATA 	Keypress: 3
258.8959 	DATA 	Keypress: 0
259.0118 	DATA 	Keypress: 0
259.7545 	DATA 	Mouse: Left button down, pos=(983,233)
259.7553 	EXP 	New trial (rep=1, index=7): <Trial 43 (7 in rep 1) data={'delay': 0.1, 'freq': 400, 'condition': 'unexp', 'thisN': 43, 'thisTrialN': 7, 'thisRepN': 1}>
259.7703 	EXP 	text: autoDraw = False
259.7703 	EXP 	textbox: autoDraw = False
259.7703 	EXP 	polygon: autoDraw = True
259.8550 	DATA 	Mouse:  Left button up, pos=(983,233)
260.7698 	INFO 	Keyboard events cleared
260.7697 	EXP 	polygon: autoDraw = False
260.7697 	EXP 	polygon_2: autoDraw = True
262.2061 	DATA 	Keypress: space
262.2183 	EXP 	polygon: autoDraw = False
262.2183 	EXP 	polygon_2: autoDraw = False
262.2853 	EXP 	Sound sound_1 reached end of file
262.3016 	EXP 	Sound sound_1 started
262.6017 	EXP 	Sound sound_1 stopped
262.6179 	EXP 	text: autoDraw = True
262.6179 	EXP 	textbox: autoDraw = True
263.6344 	DATA 	Keypress: 1
263.7676 	DATA 	Keypress: 0
263.8917 	DATA 	Keypress: 0
264.4748 	DATA 	Mouse: Left button down, pos=(983,225)
264.4843 	EXP 	New trial (rep=1, index=8): <Trial 44 (8 in rep 1) data={'delay': 0.7, 'freq': 1000, 'condition': 'exp', 'thisN': 44, 'thisTrialN': 8, 'thisRepN': 1}>
264.5000 	EXP 	text: autoDraw = False
264.5000 	EXP 	textbox: autoDraw = False
264.5000 	EXP 	polygon: autoDraw = True
264.5510 	DATA 	Mouse:  Left button up, pos=(983,225)
265.4994 	INFO 	Keyboard events cleared
265.4992 	EXP 	polygon: autoDraw = False
265.4992 	EXP 	polygon_2: autoDraw = True
267.1524 	DATA 	Keypress: space
267.1642 	EXP 	polygon: autoDraw = False
267.1642 	EXP 	polygon_2: autoDraw = False
267.8476 	EXP 	Sound sound_1 reached end of file
267.8639 	EXP 	Sound sound_1 started
268.1739 	EXP 	Sound sound_1 stopped
268.1999 	EXP 	text: autoDraw = True
268.1999 	EXP 	textbox: autoDraw = True
268.5736 	DATA 	Keypress: 3
268.8806 	DATA 	Keypress: 0
268.9967 	DATA 	Keypress: 0
269.7126 	DATA 	Mouse: Left button down, pos=(983,223)
269.7135 	EXP 	New trial (rep=1, index=9): <Trial 45 (9 in rep 1) data={'delay': 0.1, 'freq': 400, 'condition': 'unexp', 'thisN': 45, 'thisTrialN': 9, 'thisRepN': 1}>
269.7287 	EXP 	text: autoDraw = False
269.7287 	EXP 	textbox: autoDraw = False
269.7287 	EXP 	polygon: autoDraw = True
269.7963 	DATA 	Mouse:  Left button up, pos=(983,223)
270.7282 	INFO 	Keyboard events cleared
270.7280 	EXP 	polygon: autoDraw = False
270.7280 	EXP 	polygon_2: autoDraw = True
272.3972 	DATA 	Keypress: space
272.4097 	EXP 	polygon: autoDraw = False
272.4097 	EXP 	polygon_2: autoDraw = False
272.4769 	EXP 	Sound sound_1 reached end of file
272.4932 	EXP 	Sound sound_1 started
272.7759 	EXP 	Sound sound_1 reached end of file
272.7937 	EXP 	text: autoDraw = True
272.7937 	EXP 	textbox: autoDraw = True
273.4023 	DATA 	Keypress: 1
273.7660 	DATA 	Keypress: 0
273.8831 	DATA 	Keypress: 0
274.4585 	DATA 	Mouse: Left button down, pos=(978,220)
274.4594 	EXP 	New trial (rep=1, index=10): <Trial 46 (10 in rep 1) data={'delay': 0.7, 'freq': 1000, 'condition': 'exp', 'thisN': 46, 'thisTrialN': 10, 'thisRepN': 1}>
274.4746 	EXP 	text: autoDraw = False
274.4746 	EXP 	textbox: autoDraw = False
274.4746 	EXP 	polygon: autoDraw = True
274.5256 	DATA 	Mouse:  Left button up, pos=(978,220)
275.4740 	INFO 	Keyboard events cleared
275.4738 	EXP 	polygon: autoDraw = False
275.4738 	EXP 	polygon_2: autoDraw = True
277.1094 	DATA 	Keypress: space
277.1224 	EXP 	polygon: autoDraw = False
277.1224 	EXP 	polygon_2: autoDraw = False
277.8052 	EXP 	Sound sound_1 reached end of file
277.8216 	EXP 	Sound sound_1 started
278.1155 	EXP 	Sound sound_1 stopped
278.1373 	EXP 	text: autoDraw = True
278.1373 	EXP 	textbox: autoDraw = True
279.2878 	DATA 	Keypress: 3
280.1536 	DATA 	Keypress: 5
280.3865 	DATA 	Keypress: 0
281.1360 	DATA 	Mouse: Left button down, pos=(978,220)
281.1369 	EXP 	New trial (rep=1, index=11): <Trial 47 (11 in rep 1) data={'delay': 0.1, 'freq': 400, 'condition': 'unexp', 'thisN': 47, 'thisTrialN': 11, 'thisRepN': 1}>
281.1517 	EXP 	text: autoDraw = False
281.1517 	EXP 	textbox: autoDraw = False
281.1517 	EXP 	polygon: autoDraw = True
281.2198 	DATA 	Mouse:  Left button up, pos=(978,220)
282.1512 	INFO 	Keyboard events cleared
282.1510 	EXP 	polygon: autoDraw = False
282.1510 	EXP 	polygon_2: autoDraw = True
282.7554 	DATA 	Keypress: space
282.7674 	EXP 	polygon: autoDraw = False
282.7674 	EXP 	polygon_2: autoDraw = False
282.8345 	EXP 	Sound sound_1 reached end of file
282.8507 	EXP 	Sound sound_1 started
283.1776 	EXP 	Sound sound_1 stopped
283.1963 	EXP 	text: autoDraw = True
283.1963 	EXP 	textbox: autoDraw = True
284.0096 	DATA 	Keypress: 1
284.5161 	DATA 	Keypress: 0
284.6227 	DATA 	Keypress: 0
285.1994 	DATA 	Mouse: Left button down, pos=(973,213)
285.2003 	EXP 	New trial (rep=1, index=12): <Trial 48 (12 in rep 1) data={'delay': 0.4, 'freq': 1000, 'condition': 'exp', 'thisN': 48, 'thisTrialN': 12, 'thisRepN': 1}>
285.2152 	EXP 	text: autoDraw = False
285.2152 	EXP 	textbox: autoDraw = False
285.2152 	EXP 	polygon: autoDraw = True
285.3157 	DATA 	Mouse:  Left button up, pos=(973,213)
286.2146 	INFO 	Keyboard events cleared
286.2144 	EXP 	polygon_2: autoDraw = True
286.2312 	EXP 	polygon: autoDraw = False
286.8186 	DATA 	Keypress: space
286.8309 	EXP 	polygon: autoDraw = False
286.8309 	EXP 	polygon_2: autoDraw = False
287.2139 	EXP 	Sound sound_1 reached end of file
287.2302 	EXP 	Sound sound_1 started
287.5138 	EXP 	Sound sound_1 reached end of file
287.5317 	EXP 	text: autoDraw = True
287.5317 	EXP 	textbox: autoDraw = True
288.0075 	DATA 	Keypress: 2
288.4798 	DATA 	Keypress: 0
288.6025 	DATA 	Keypress: 0
289.2019 	DATA 	Mouse: Left button down, pos=(946,202)
289.2131 	EXP 	New trial (rep=1, index=13): <Trial 49 (13 in rep 1) data={'delay': 0.4, 'freq': 1000, 'condition': 'exp', 'thisN': 49, 'thisTrialN': 13, 'thisRepN': 1}>
289.2285 	EXP 	text: autoDraw = False
289.2285 	EXP 	textbox: autoDraw = False
289.2285 	EXP 	polygon: autoDraw = True
289.3293 	DATA 	Mouse:  Left button up, pos=(946,202)
290.2278 	INFO 	Keyboard events cleared
290.2277 	EXP 	polygon: autoDraw = False
290.2277 	EXP 	polygon_2: autoDraw = True
290.5989 	DATA 	Keypress: space
290.6106 	EXP 	polygon: autoDraw = False
290.6106 	EXP 	polygon_2: autoDraw = False
290.9936 	EXP 	Sound sound_1 reached end of file
291.0099 	EXP 	Sound sound_1 started
291.3378 	EXP 	Sound sound_1 stopped
291.3642 	EXP 	text: autoDraw = True
291.3642 	EXP 	textbox: autoDraw = True
292.0929 	DATA 	Keypress: 1
292.4926 	DATA 	Keypress: 0
292.6260 	DATA 	Keypress: 0
293.2489 	DATA 	Mouse: Left button down, pos=(946,202)
293.2595 	EXP 	New trial (rep=1, index=14): <Trial 50 (14 in rep 1) data={'delay': 0.7, 'freq': 1000, 'condition': 'exp', 'thisN': 50, 'thisTrialN': 14, 'thisRepN': 1}>
293.2749 	EXP 	text: autoDraw = False
293.2749 	EXP 	textbox: autoDraw = False
293.2749 	EXP 	polygon: autoDraw = True
293.3421 	DATA 	Mouse:  Left button up, pos=(946,202)
294.2744 	INFO 	Keyboard events cleared
294.2742 	EXP 	polygon: autoDraw = False
294.2742 	EXP 	polygon_2: autoDraw = True
295.5602 	DATA 	Keypress: space
295.5729 	EXP 	polygon: autoDraw = False
295.5729 	EXP 	polygon_2: autoDraw = False
296.2396 	EXP 	Sound sound_1 reached end of file
296.2559 	EXP 	Sound sound_1 started
296.5060 	EXP 	Sound sound_1 reached end of file
296.5097 	EXP 	Sound sound_1 reached end of file
296.5329 	EXP 	text: autoDraw = True
296.5329 	EXP 	textbox: autoDraw = True
297.6150 	DATA 	Keypress: 3
297.9612 	DATA 	Keypress: 0
298.0881 	DATA 	Keypress: 0
298.9042 	DATA 	Mouse: Left button down, pos=(946,202)
298.9052 	EXP 	New trial (rep=1, index=15): <Trial 51 (15 in rep 1) data={'delay': 0.1, 'freq': 1000, 'condition': 'exp', 'thisN': 51, 'thisTrialN': 15, 'thisRepN': 1}>
298.9198 	EXP 	text: autoDraw = False
298.9198 	EXP 	textbox: autoDraw = False
298.9198 	EXP 	polygon: autoDraw = True
299.0043 	DATA 	Mouse:  Left button up, pos=(946,202)
299.9189 	INFO 	Keyboard events cleared
299.9188 	EXP 	polygon: autoDraw = False
299.9188 	EXP 	polygon_2: autoDraw = True
300.4070 	DATA 	Keypress: space
300.4188 	EXP 	polygon: autoDraw = False
300.4188 	EXP 	polygon_2: autoDraw = False
300.5021 	EXP 	Sound sound_1 reached end of file
300.5184 	EXP 	Sound sound_1 started
300.8288 	EXP 	Sound sound_1 stopped
300.8438 	EXP 	text: autoDraw = True
300.8438 	EXP 	textbox: autoDraw = True
301.5985 	DATA 	Keypress: 1
302.0179 	DATA 	Keypress: 0
302.1242 	DATA 	Keypress: 0
302.7175 	DATA 	Mouse: Left button down, pos=(946,202)
302.7183 	EXP 	New trial (rep=1, index=16): <Trial 52 (16 in rep 1) data={'delay': 0.7, 'freq': 1000, 'condition': 'exp', 'thisN': 52, 'thisTrialN': 16, 'thisRepN': 1}>
302.7334 	EXP 	text: autoDraw = False
302.7334 	EXP 	textbox: autoDraw = False
302.7334 	EXP 	polygon: autoDraw = True
302.8005 	DATA 	Mouse:  Left button up, pos=(946,202)
303.7324 	INFO 	Keyboard events cleared
303.7322 	EXP 	polygon: autoDraw = False
303.7322 	EXP 	polygon_2: autoDraw = True
304.0865 	DATA 	Keypress: space
304.0982 	EXP 	polygon: autoDraw = False
304.0982 	EXP 	polygon_2: autoDraw = False
304.7818 	EXP 	Sound sound_1 reached end of file
304.7981 	EXP 	Sound sound_1 started
305.0964 	EXP 	Sound sound_1 stopped
305.1125 	EXP 	text: autoDraw = True
305.1125 	EXP 	textbox: autoDraw = True
306.2897 	DATA 	Keypress: 2
306.4143 	DATA 	Keypress: 0
306.5470 	DATA 	Keypress: 0
307.7628 	DATA 	Keypress: backspace
307.8795 	DATA 	Keypress: backspace
308.4033 	DATA 	Keypress: 5
308.6028 	DATA 	Keypress: 0
308.9783 	DATA 	Keypress: return
309.9674 	DATA 	Mouse: Left button down, pos=(946,202)
309.9785 	EXP 	New trial (rep=1, index=17): <Trial 53 (17 in rep 1) data={'delay': 0.1, 'freq': 1000, 'condition': 'exp', 'thisN': 53, 'thisTrialN': 17, 'thisRepN': 1}>
309.9934 	EXP 	text: autoDraw = False
309.9934 	EXP 	textbox: autoDraw = False
309.9934 	EXP 	polygon: autoDraw = True
310.0452 	DATA 	Mouse:  Left button up, pos=(946,202)
310.9932 	INFO 	Keyboard events cleared
310.9930 	EXP 	polygon: autoDraw = False
310.9930 	EXP 	polygon_2: autoDraw = True
312.0639 	DATA 	Keypress: space
312.0750 	EXP 	polygon: autoDraw = False
312.0750 	EXP 	polygon_2: autoDraw = False
312.1589 	EXP 	Sound sound_1 reached end of file
312.1752 	EXP 	Sound sound_1 started
312.4282 	EXP 	Sound sound_1 reached end of file
312.4317 	EXP 	Sound sound_1 reached end of file
312.4464 	EXP 	text: autoDraw = True
312.4464 	EXP 	textbox: autoDraw = True
313.3506 	DATA 	Keypress: 1
313.5911 	DATA 	Keypress: 0
313.7910 	DATA 	Keypress: 0
314.6734 	DATA 	Mouse: Left button down, pos=(946,202)
314.6742 	EXP 	New trial (rep=1, index=18): <Trial 54 (18 in rep 1) data={'delay': 0.4, 'freq': 400, 'condition': 'unexp', 'thisN': 54, 'thisTrialN': 18, 'thisRepN': 1}>
314.6893 	EXP 	text: autoDraw = False
314.6893 	EXP 	textbox: autoDraw = False
314.6893 	EXP 	polygon: autoDraw = True
314.7903 	DATA 	Mouse:  Left button up, pos=(946,202)
315.6890 	INFO 	Keyboard events cleared
315.6888 	EXP 	polygon: autoDraw = False
315.6888 	EXP 	polygon_2: autoDraw = True
316.5928 	DATA 	Keypress: space
316.6046 	EXP 	polygon: autoDraw = False
316.6046 	EXP 	polygon_2: autoDraw = False
316.9876 	EXP 	Sound sound_1 reached end of file
317.0039 	EXP 	Sound sound_1 started
317.3320 	EXP 	Sound sound_1 stopped
317.3494 	EXP 	text: autoDraw = True
317.3494 	EXP 	textbox: autoDraw = True
318.3127 	DATA 	Keypress: 3
318.6201 	DATA 	Keypress: 0
318.7268 	DATA 	Keypress: 0
319.4437 	DATA 	Mouse: Left button down, pos=(946,202)
319.4535 	EXP 	New trial (rep=1, index=19): <Trial 55 (19 in rep 1) data={'delay': 0.4, 'freq': 400, 'condition': 'unexp', 'thisN': 55, 'thisTrialN': 19, 'thisRepN': 1}>
319.4688 	EXP 	text: autoDraw = False
319.4688 	EXP 	textbox: autoDraw = False
319.4688 	EXP 	polygon: autoDraw = True
319.5361 	DATA 	Mouse:  Left button up, pos=(946,202)
320.4682 	INFO 	Keyboard events cleared
320.4680 	EXP 	polygon: autoDraw = False
320.4680 	EXP 	polygon_2: autoDraw = True
321.2389 	DATA 	Keypress: space
321.2505 	EXP 	polygon: autoDraw = False
321.2505 	EXP 	polygon_2: autoDraw = False
321.6340 	EXP 	Sound sound_1 reached end of file
321.6503 	EXP 	Sound sound_1 started
321.9360 	EXP 	Sound sound_1 reached end of file
321.9664 	EXP 	text: autoDraw = True
321.9664 	EXP 	textbox: autoDraw = True
322.9345 	DATA 	Keypress: 1
323.8989 	DATA 	Keypress: 5
324.0654 	DATA 	Keypress: 0
324.7982 	DATA 	Mouse: Left button down, pos=(946,202)
324.7991 	EXP 	New trial (rep=1, index=20): <Trial 56 (20 in rep 1) data={'delay': 0.7, 'freq': 400, 'condition': 'unexp', 'thisN': 56, 'thisTrialN': 20, 'thisRepN': 1}>
324.8141 	EXP 	text: autoDraw = False
324.8141 	EXP 	textbox: autoDraw = False
324.8141 	EXP 	polygon: autoDraw = True
324.9312 	DATA 	Mouse:  Left button up, pos=(946,202)
325.8132 	INFO 	Keyboard events cleared
325.8131 	EXP 	polygon: autoDraw = False
325.8131 	EXP 	polygon_2: autoDraw = True
326.9980 	DATA 	Keypress: space
327.0289 	EXP 	polygon: autoDraw = False
327.0289 	EXP 	polygon_2: autoDraw = False
327.7119 	EXP 	Sound sound_1 reached end of file
327.7281 	EXP 	Sound sound_1 started
328.0038 	EXP 	Sound sound_1 reached end of file
328.0358 	EXP 	text: autoDraw = True
328.0358 	EXP 	textbox: autoDraw = True
329.3440 	DATA 	Keypress: 3
329.4612 	DATA 	Keypress: 0
329.5604 	DATA 	Keypress: 0
330.3330 	DATA 	Mouse: Left button down, pos=(946,202)
330.3436 	EXP 	New trial (rep=1, index=21): <Trial 57 (21 in rep 1) data={'delay': 0.4, 'freq': 1000, 'condition': 'exp', 'thisN': 57, 'thisTrialN': 21, 'thisRepN': 1}>
330.3594 	EXP 	text: autoDraw = False
330.3594 	EXP 	textbox: autoDraw = False
330.3594 	EXP 	polygon: autoDraw = True
330.4268 	DATA 	Mouse:  Left button up, pos=(946,202)
331.3588 	INFO 	Keyboard events cleared
331.3586 	EXP 	polygon: autoDraw = False
331.3586 	EXP 	polygon_2: autoDraw = True
332.0787 	DATA 	Keypress: space
332.0914 	EXP 	polygon: autoDraw = False
332.0914 	EXP 	polygon_2: autoDraw = False
332.4745 	EXP 	Sound sound_1 reached end of file
332.4908 	EXP 	Sound sound_1 started
332.7655 	EXP 	Sound sound_1 reached end of file
332.7909 	EXP 	text: autoDraw = True
332.7909 	EXP 	textbox: autoDraw = True
335.5143 	DATA 	Keypress: 1
335.6720 	DATA 	Keypress: 0
335.8624 	DATA 	Keypress: 0
336.5876 	DATA 	Mouse: wheel shift=(0,1), pos=(946,202)
336.8544 	DATA 	Mouse: Left button down, pos=(1039,247)
336.8552 	EXP 	New trial (rep=1, index=22): <Trial 58 (22 in rep 1) data={'delay': 0.4, 'freq': 1000, 'condition': 'exp', 'thisN': 58, 'thisTrialN': 22, 'thisRepN': 1}>
336.8704 	EXP 	text: autoDraw = False
336.8704 	EXP 	textbox: autoDraw = False
336.8704 	EXP 	polygon: autoDraw = True
336.9543 	DATA 	Mouse:  Left button up, pos=(1037,245)
337.8694 	INFO 	Keyboard events cleared
337.8692 	EXP 	polygon: autoDraw = False
337.8692 	EXP 	polygon_2: autoDraw = True
338.5709 	DATA 	Keypress: c
338.8563 	DATA 	Keypress: space
338.8682 	EXP 	polygon: autoDraw = False
338.8682 	EXP 	polygon_2: autoDraw = False
339.2519 	EXP 	Sound sound_1 reached end of file
339.2682 	EXP 	Sound sound_1 started
339.5042 	EXP 	Sound sound_1 reached end of file
339.5183 	EXP 	Sound sound_1 reached end of file
339.5435 	EXP 	text: autoDraw = True
339.5435 	EXP 	textbox: autoDraw = True
341.7422 	DATA 	Keypress: 1
342.1727 	DATA 	Keypress: 5
342.6160 	DATA 	Keypress: 0
343.6152 	DATA 	Mouse: Left button down, pos=(984,199)
343.6161 	EXP 	New trial (rep=1, index=23): <Trial 59 (23 in rep 1) data={'delay': 0.4, 'freq': 1000, 'condition': 'exp', 'thisN': 59, 'thisTrialN': 23, 'thisRepN': 1}>
343.6311 	EXP 	text: autoDraw = False
343.6311 	EXP 	textbox: autoDraw = False
343.6311 	EXP 	polygon: autoDraw = True
343.6651 	DATA 	Mouse:  Left button up, pos=(984,199)
344.6305 	INFO 	Keyboard events cleared
344.6303 	EXP 	polygon: autoDraw = False
344.6303 	EXP 	polygon_2: autoDraw = True
345.9005 	DATA 	Keypress: space
345.9126 	EXP 	polygon: autoDraw = False
345.9126 	EXP 	polygon_2: autoDraw = False
346.2958 	EXP 	Sound sound_1 reached end of file
346.3121 	EXP 	Sound sound_1 started
346.6000 	EXP 	Sound sound_1 stopped
346.6147 	EXP 	text: autoDraw = True
346.6147 	EXP 	textbox: autoDraw = True
348.1535 	DATA 	Keypress: 2
348.3169 	DATA 	Keypress: 0
348.4346 	DATA 	Keypress: 0
349.2769 	DATA 	Mouse: Left button down, pos=(986,199)
349.2777 	EXP 	New trial (rep=1, index=24): <Trial 60 (24 in rep 1) data={'delay': 0.1, 'freq': 1000, 'condition': 'exp', 'thisN': 60, 'thisTrialN': 24, 'thisRepN': 1}>
349.2928 	EXP 	text: autoDraw = False
349.2928 	EXP 	textbox: autoDraw = False
349.2928 	EXP 	polygon: autoDraw = True
349.3439 	DATA 	Mouse:  Left button up, pos=(986,199)
350.2918 	INFO 	Keyboard events cleared
350.2917 	EXP 	polygon: autoDraw = False
350.2917 	EXP 	polygon_2: autoDraw = True
352.8750 	DATA 	Keypress: space
352.9059 	EXP 	polygon: autoDraw = False
352.9059 	EXP 	polygon_2: autoDraw = False
352.9734 	EXP 	Sound sound_1 reached end of file
352.9897 	EXP 	Sound sound_1 started
353.2620 	EXP 	Sound sound_1 reached end of file
353.2895 	EXP 	text: autoDraw = True
353.2895 	EXP 	textbox: autoDraw = True
353.8897 	DATA 	Keypress: 1
354.1792 	DATA 	Keypress: 9
354.3558 	DATA 	Keypress: 0
354.9884 	DATA 	Keypress: backspace
355.1285 	DATA 	Keypress: backspace
355.6448 	DATA 	Keypress: 0
355.7623 	DATA 	Keypress: 0
356.6035 	DATA 	Mouse: Left button down, pos=(986,199)
356.6044 	EXP 	New trial (rep=1, index=25): <Trial 61 (25 in rep 1) data={'delay': 0.4, 'freq': 1000, 'condition': 'exp', 'thisN': 61, 'thisTrialN': 25, 'thisRepN': 1}>
356.6197 	EXP 	text: autoDraw = False
356.6197 	EXP 	textbox: autoDraw = False
356.6197 	EXP 	polygon: autoDraw = True
356.6869 	DATA 	Mouse:  Left button up, pos=(986,199)
357.6192 	INFO 	Keyboard events cleared
357.6190 	EXP 	polygon: autoDraw = False
357.6190 	EXP 	polygon_2: autoDraw = True
358.0559 	DATA 	Keypress: space
358.0684 	EXP 	polygon: autoDraw = False
358.0684 	EXP 	polygon_2: autoDraw = False
358.4353 	EXP 	Sound sound_1 reached end of file
358.4516 	EXP 	Sound sound_1 started
358.7521 	EXP 	Sound sound_1 stopped
358.7719 	EXP 	text: autoDraw = True
358.7719 	EXP 	textbox: autoDraw = True
359.6280 	DATA 	Keypress: 1
359.8011 	DATA 	Keypress: 0
359.9341 	DATA 	Keypress: 0
360.9070 	DATA 	Mouse: Left button down, pos=(986,199)
360.9169 	EXP 	New trial (rep=1, index=26): <Trial 62 (26 in rep 1) data={'delay': 0.1, 'freq': 1000, 'condition': 'exp', 'thisN': 62, 'thisTrialN': 26, 'thisRepN': 1}>
360.9326 	EXP 	text: autoDraw = False
360.9326 	EXP 	textbox: autoDraw = False
360.9326 	EXP 	polygon: autoDraw = True
361.0002 	DATA 	Mouse:  Left button up, pos=(986,199)
361.9321 	INFO 	Keyboard events cleared
361.9319 	EXP 	polygon: autoDraw = False
361.9319 	EXP 	polygon_2: autoDraw = True
362.4526 	DATA 	Keypress: space
362.4647 	EXP 	polygon: autoDraw = False
362.4647 	EXP 	polygon_2: autoDraw = False
362.5477 	EXP 	Sound sound_1 reached end of file
362.5641 	EXP 	Sound sound_1 started
362.8497 	EXP 	Sound sound_1 reached end of file
362.8753 	EXP 	text: autoDraw = True
362.8753 	EXP 	textbox: autoDraw = True
364.1067 	DATA 	Keypress: 1
364.2138 	DATA 	Keypress: 0
364.3196 	DATA 	Keypress: 0
365.7022 	DATA 	Mouse: Left button down, pos=(952,225)
365.7129 	EXP 	New trial (rep=1, index=27): <Trial 63 (27 in rep 1) data={'delay': 0.7, 'freq': 400, 'condition': 'unexp', 'thisN': 63, 'thisTrialN': 27, 'thisRepN': 1}>
365.7281 	EXP 	text: autoDraw = False
365.7281 	EXP 	textbox: autoDraw = False
365.7281 	EXP 	polygon: autoDraw = True
365.7795 	DATA 	Mouse:  Left button up, pos=(952,225)
366.7279 	INFO 	Keyboard events cleared
366.7277 	EXP 	polygon: autoDraw = False
366.7277 	EXP 	polygon_2: autoDraw = True
368.8464 	DATA 	Keypress: space
368.8591 	EXP 	polygon: autoDraw = False
368.8591 	EXP 	polygon_2: autoDraw = False
369.5256 	EXP 	Sound sound_1 reached end of file
369.5419 	EXP 	Sound sound_1 started
369.8267 	EXP 	Sound sound_1 stopped
369.8506 	EXP 	text: autoDraw = True
369.8506 	EXP 	textbox: autoDraw = True
370.4580 	DATA 	Keypress: 4
370.7816 	DATA 	Keypress: 0
370.8988 	DATA 	Keypress: 0
371.5571 	DATA 	Mouse: Left button down, pos=(943,224)
371.5580 	EXP 	New trial (rep=1, index=28): <Trial 64 (28 in rep 1) data={'delay': 0.7, 'freq': 1000, 'condition': 'exp', 'thisN': 64, 'thisTrialN': 28, 'thisRepN': 1}>
371.5733 	EXP 	text: autoDraw = False
371.5733 	EXP 	textbox: autoDraw = False
371.5733 	EXP 	polygon: autoDraw = True
371.6078 	DATA 	Mouse:  Left button up, pos=(943,224)
372.5726 	INFO 	Keyboard events cleared
372.5725 	EXP 	polygon_2: autoDraw = True
372.5889 	EXP 	polygon: autoDraw = False
373.4595 	DATA 	Keypress: space
373.4718 	EXP 	polygon: autoDraw = False
373.4718 	EXP 	polygon_2: autoDraw = False
374.1549 	EXP 	Sound sound_1 reached end of file
374.1712 	EXP 	Sound sound_1 started
374.4295 	EXP 	Sound sound_1 reached end of file
374.4380 	EXP 	Sound sound_1 reached end of file
374.4644 	EXP 	text: autoDraw = True
374.4644 	EXP 	textbox: autoDraw = True
376.8974 	DATA 	Keypress: 2
377.1593 	DATA 	Keypress: 5
377.3280 	DATA 	Keypress: 0
378.1185 	DATA 	Mouse: Left button down, pos=(943,224)
378.1194 	EXP 	New trial (rep=1, index=29): <Trial 65 (29 in rep 1) data={'delay': 0.4, 'freq': 1000, 'condition': 'exp', 'thisN': 65, 'thisTrialN': 29, 'thisRepN': 1}>
378.1344 	EXP 	text: autoDraw = False
378.1344 	EXP 	textbox: autoDraw = False
378.1344 	EXP 	polygon: autoDraw = True
378.2186 	DATA 	Mouse:  Left button up, pos=(943,224)
379.1338 	INFO 	Keyboard events cleared
379.1336 	EXP 	polygon: autoDraw = False
379.1336 	EXP 	polygon_2: autoDraw = True
379.7379 	DATA 	Keypress: space
379.7493 	EXP 	polygon: autoDraw = False
379.7493 	EXP 	polygon_2: autoDraw = False
380.1332 	EXP 	Sound sound_1 reached end of file
380.1494 	EXP 	Sound sound_1 started
380.4296 	EXP 	Sound sound_1 reached end of file
380.4494 	EXP 	text: autoDraw = True
380.4494 	EXP 	textbox: autoDraw = True
382.1481 	DATA 	Keypress: 2
382.2478 	DATA 	Keypress: 0
382.3810 	DATA 	Keypress: 0
383.1307 	DATA 	Mouse: Left button down, pos=(943,224)
383.1317 	EXP 	New trial (rep=1, index=30): <Trial 66 (30 in rep 1) data={'delay': 0.1, 'freq': 1000, 'condition': 'exp', 'thisN': 66, 'thisTrialN': 30, 'thisRepN': 1}>
383.1466 	EXP 	text: autoDraw = False
383.1466 	EXP 	textbox: autoDraw = False
383.1466 	EXP 	polygon: autoDraw = True
383.2643 	DATA 	Mouse:  Left button up, pos=(943,224)
383.8981 	DATA 	Keypress: c
384.1461 	INFO 	Keyboard events cleared
384.1459 	EXP 	polygon: autoDraw = False
384.1459 	EXP 	polygon_2: autoDraw = True
384.4308 	DATA 	Keypress: space
384.4455 	EXP 	polygon: autoDraw = False
384.4455 	EXP 	polygon_2: autoDraw = False
384.5126 	EXP 	Sound sound_1 reached end of file
384.5288 	EXP 	Sound sound_1 started
384.8298 	EXP 	Sound sound_1 stopped
384.8556 	EXP 	text: autoDraw = True
384.8556 	EXP 	textbox: autoDraw = True
386.5213 	DATA 	Keypress: 1
386.7609 	DATA 	Keypress: 0
386.8836 	DATA 	Keypress: 0
387.4932 	DATA 	Mouse: Left button down, pos=(943,224)
387.4943 	EXP 	New trial (rep=1, index=31): <Trial 67 (31 in rep 1) data={'delay': 0.7, 'freq': 400, 'condition': 'unexp', 'thisN': 67, 'thisTrialN': 31, 'thisRepN': 1}>
387.5091 	EXP 	text: autoDraw = False
387.5091 	EXP 	textbox: autoDraw = False
387.5091 	EXP 	polygon: autoDraw = True
387.5772 	DATA 	Mouse:  Left button up, pos=(943,224)
388.5089 	INFO 	Keyboard events cleared
388.5087 	EXP 	polygon: autoDraw = False
388.5087 	EXP 	polygon_2: autoDraw = True
390.1120 	DATA 	Keypress: space
390.1240 	EXP 	polygon: autoDraw = False
390.1240 	EXP 	polygon_2: autoDraw = False
390.8071 	EXP 	Sound sound_1 reached end of file
390.8234 	EXP 	Sound sound_1 started
391.1102 	EXP 	Sound sound_1 stopped
391.1304 	EXP 	text: autoDraw = True
391.1304 	EXP 	textbox: autoDraw = True
392.1725 	DATA 	Keypress: 3
392.2951 	DATA 	Keypress: 0
392.4390 	DATA 	Keypress: 0
393.1714 	DATA 	Keypress: backspace
393.2885 	DATA 	Keypress: backspace
393.7617 	DATA 	Keypress: 5
393.8950 	DATA 	Keypress: 0
395.1936 	DATA 	Mouse: Left button down, pos=(943,224)
395.2042 	EXP 	New trial (rep=1, index=32): <Trial 68 (32 in rep 1) data={'delay': 0.1, 'freq': 1000, 'condition': 'exp', 'thisN': 68, 'thisTrialN': 32, 'thisRepN': 1}>
395.2195 	EXP 	text: autoDraw = False
395.2195 	EXP 	textbox: autoDraw = False
395.2195 	EXP 	polygon: autoDraw = True
395.2868 	DATA 	Mouse:  Left button up, pos=(943,224)
396.2189 	INFO 	Keyboard events cleared
396.2187 	EXP 	polygon: autoDraw = False
396.2187 	EXP 	polygon_2: autoDraw = True
396.5539 	DATA 	Keypress: space
396.5682 	EXP 	polygon: autoDraw = False
396.5682 	EXP 	polygon_2: autoDraw = False
396.6351 	EXP 	Sound sound_1 reached end of file
396.6514 	EXP 	Sound sound_1 started
396.9350 	EXP 	Sound sound_1 reached end of file
396.9528 	EXP 	text: autoDraw = True
396.9528 	EXP 	textbox: autoDraw = True
398.4275 	DATA 	Keypress: 5
398.5838 	DATA 	Keypress: 0
399.3067 	DATA 	Mouse: Left button down, pos=(943,224)
399.3168 	EXP 	New trial (rep=1, index=33): <Trial 69 (33 in rep 1) data={'delay': 0.1, 'freq': 1000, 'condition': 'exp', 'thisN': 69, 'thisTrialN': 33, 'thisRepN': 1}>
399.3322 	EXP 	text: autoDraw = False
399.3322 	EXP 	textbox: autoDraw = False
399.3322 	EXP 	polygon: autoDraw = True
399.3831 	DATA 	Mouse:  Left button up, pos=(943,224)
400.3316 	INFO 	Keyboard events cleared
400.3314 	EXP 	polygon: autoDraw = False
400.3314 	EXP 	polygon_2: autoDraw = True
401.1327 	DATA 	Keypress: space
401.1471 	EXP 	polygon: autoDraw = False
401.1471 	EXP 	polygon_2: autoDraw = False
401.2144 	EXP 	Sound sound_1 reached end of file
401.2309 	EXP 	Sound sound_1 started
401.2153 	DATA 	Keypress: space
401.5074 	EXP 	Sound sound_1 reached end of file
401.5420 	EXP 	text: autoDraw = True
401.5420 	EXP 	textbox: autoDraw = True
405.3703 	DATA 	Keypress: 5
405.5506 	DATA 	Keypress: 0
406.2007 	DATA 	Mouse: Left button down, pos=(939,226)
406.2112 	EXP 	New trial (rep=1, index=34): <Trial 70 (34 in rep 1) data={'delay': 0.7, 'freq': 1000, 'condition': 'exp', 'thisN': 70, 'thisTrialN': 34, 'thisRepN': 1}>
406.2265 	EXP 	text: autoDraw = False
406.2265 	EXP 	textbox: autoDraw = False
406.2265 	EXP 	polygon: autoDraw = True
406.3106 	DATA 	Mouse:  Left button up, pos=(939,226)
407.1111 	DATA 	Keypress: space
407.2260 	INFO 	Keyboard events cleared
407.2258 	EXP 	polygon: autoDraw = False
407.2258 	EXP 	polygon_2: autoDraw = True
407.6130 	DATA 	Keypress: space
407.6253 	EXP 	polygon: autoDraw = False
407.6253 	EXP 	polygon_2: autoDraw = False
408.3082 	EXP 	Sound sound_1 reached end of file
408.3246 	EXP 	Sound sound_1 started
408.6225 	EXP 	Sound sound_1 stopped
408.6380 	EXP 	text: autoDraw = True
408.6380 	EXP 	textbox: autoDraw = True
410.5996 	DATA 	Keypress: 2
410.9895 	DATA 	Keypress: 5
411.2393 	DATA 	Keypress: 0
411.8887 	DATA 	Mouse: Left button down, pos=(936,229)
411.8896 	EXP 	New trial (rep=1, index=35): <Trial 71 (35 in rep 1) data={'delay': 0.1, 'freq': 1000, 'condition': 'exp', 'thisN': 71, 'thisTrialN': 35, 'thisRepN': 1}>
411.9050 	EXP 	text: autoDraw = False
411.9050 	EXP 	textbox: autoDraw = False
411.9050 	EXP 	polygon: autoDraw = True
411.9726 	DATA 	Mouse:  Left button up, pos=(936,229)
412.9040 	INFO 	Keyboard events cleared
412.9038 	EXP 	polygon: autoDraw = False
412.9038 	EXP 	polygon_2: autoDraw = True
414.4405 	DATA 	Keypress: space
414.4526 	EXP 	polygon: autoDraw = False
414.4526 	EXP 	polygon_2: autoDraw = False
414.5363 	EXP 	Sound sound_1 reached end of file
414.5526 	EXP 	Sound sound_1 started
414.8495 	EXP 	Sound sound_1 stopped
414.8655 	EXP 	text: autoDraw = True
414.8655 	EXP 	textbox: autoDraw = True
415.6521 	DATA 	Keypress: 1
415.7752 	DATA 	Keypress: 0
415.8983 	DATA 	Keypress: 0
416.4352 	DATA 	Mouse: Left button down, pos=(936,229)
416.4360 	EXP 	New trial (rep=2, index=0): <Trial 72 (0 in rep 2) data={'delay': 0.7, 'freq': 1000, 'condition': 'exp', 'thisN': 72, 'thisTrialN': 0, 'thisRepN': 2}>
416.4509 	EXP 	text: autoDraw = False
416.4509 	EXP 	textbox: autoDraw = False
416.4509 	EXP 	polygon: autoDraw = True
416.5518 	DATA 	Mouse:  Left button up, pos=(936,229)
417.4505 	INFO 	Keyboard events cleared
417.4503 	EXP 	polygon: autoDraw = False
417.4503 	EXP 	polygon_2: autoDraw = True
418.3708 	DATA 	Keypress: space
418.3825 	EXP 	polygon: autoDraw = False
418.3825 	EXP 	polygon_2: autoDraw = False
419.0658 	EXP 	Sound sound_1 reached end of file
419.0821 	EXP 	Sound sound_1 started
419.3577 	EXP 	Sound sound_1 reached end of file
419.3880 	EXP 	text: autoDraw = True
419.3880 	EXP 	textbox: autoDraw = True
422.7581 	DATA 	Keypress: 1
423.4785 	DATA 	Keypress: 0
423.5950 	DATA 	Keypress: 0
424.1117 	DATA 	Mouse: Left button down, pos=(936,229)
424.1125 	EXP 	New trial (rep=2, index=1): <Trial 73 (1 in rep 2) data={'delay': 0.4, 'freq': 1000, 'condition': 'exp', 'thisN': 73, 'thisTrialN': 1, 'thisRepN': 2}>
424.1277 	EXP 	text: autoDraw = False
424.1277 	EXP 	textbox: autoDraw = False
424.1277 	EXP 	polygon: autoDraw = True
424.1784 	DATA 	Mouse:  Left button up, pos=(936,229)
425.1271 	INFO 	Keyboard events cleared
425.1269 	EXP 	polygon: autoDraw = False
425.1269 	EXP 	polygon_2: autoDraw = True
425.9978 	DATA 	Keypress: space
426.0090 	EXP 	polygon: autoDraw = False
426.0090 	EXP 	polygon_2: autoDraw = False
426.3927 	EXP 	Sound sound_1 reached end of file
426.4090 	EXP 	Sound sound_1 started
426.6935 	EXP 	Sound sound_1 stopped
426.7155 	EXP 	text: autoDraw = True
426.7155 	EXP 	textbox: autoDraw = True
427.4919 	DATA 	Keypress: 1
427.6651 	DATA 	Keypress: 0
427.7839 	DATA 	Keypress: 0
429.1573 	DATA 	Mouse: Left button down, pos=(974,231)
429.1589 	EXP 	New trial (rep=2, index=2): <Trial 74 (2 in rep 2) data={'delay': 0.7, 'freq': 1000, 'condition': 'exp', 'thisN': 74, 'thisTrialN': 2, 'thisRepN': 2}>
429.1733 	EXP 	text: autoDraw = False
429.1733 	EXP 	textbox: autoDraw = False
429.1733 	EXP 	polygon: autoDraw = True
429.2243 	DATA 	Mouse:  Left button up, pos=(974,231)
430.1723 	INFO 	Keyboard events cleared
430.1721 	EXP 	polygon: autoDraw = False
430.1721 	EXP 	polygon_2: autoDraw = True
430.4428 	DATA 	Keypress: space
430.4555 	EXP 	polygon: autoDraw = False
430.4555 	EXP 	polygon_2: autoDraw = False
431.1386 	EXP 	Sound sound_1 reached end of file
431.1549 	EXP 	Sound sound_1 started
431.4351 	EXP 	Sound sound_1 reached end of file
431.4550 	EXP 	text: autoDraw = True
431.4550 	EXP 	textbox: autoDraw = True
432.9363 	DATA 	Keypress: 1
433.0708 	DATA 	Keypress: 0
433.1869 	DATA 	Keypress: 0
433.9273 	DATA 	Mouse: Left button down, pos=(976,230)
433.9371 	EXP 	New trial (rep=2, index=3): <Trial 75 (3 in rep 2) data={'delay': 0.1, 'freq': 1000, 'condition': 'exp', 'thisN': 75, 'thisTrialN': 3, 'thisRepN': 2}>
433.9524 	EXP 	text: autoDraw = False
433.9524 	EXP 	textbox: autoDraw = False
433.9524 	EXP 	polygon: autoDraw = True
434.0029 	DATA 	Mouse:  Left button up, pos=(976,230)
434.9514 	INFO 	Keyboard events cleared
434.9513 	EXP 	polygon: autoDraw = False
434.9513 	EXP 	polygon_2: autoDraw = True
435.2055 	DATA 	Keypress: space
435.2176 	EXP 	polygon: autoDraw = False
435.2176 	EXP 	polygon_2: autoDraw = False
435.2850 	EXP 	Sound sound_1 reached end of file
435.3013 	EXP 	Sound sound_1 started
435.5886 	EXP 	Sound sound_1 stopped
435.6140 	EXP 	text: autoDraw = True
435.6140 	EXP 	textbox: autoDraw = True
436.7802 	DATA 	Keypress: 1
437.6332 	DATA 	Keypress: backspace
438.0610 	DATA 	Keypress: 5
438.2225 	DATA 	Keypress: 0
438.9323 	DATA 	Mouse: Left button down, pos=(1002,241)
438.9339 	EXP 	New trial (rep=2, index=4): <Trial 76 (4 in rep 2) data={'delay': 0.7, 'freq': 400, 'condition': 'unexp', 'thisN': 76, 'thisTrialN': 4, 'thisRepN': 2}>
438.9482 	EXP 	text: autoDraw = False
438.9482 	EXP 	textbox: autoDraw = False
438.9482 	EXP 	polygon: autoDraw = True
438.9988 	DATA 	Mouse:  Left button up, pos=(1002,241)
439.9475 	INFO 	Keyboard events cleared
439.9473 	EXP 	polygon: autoDraw = False
439.9473 	EXP 	polygon_2: autoDraw = True
441.3839 	DATA 	Keypress: space
441.3957 	EXP 	polygon: autoDraw = False
441.3957 	EXP 	polygon_2: autoDraw = False
442.0791 	EXP 	Sound sound_1 reached end of file
442.0954 	EXP 	Sound sound_1 started
442.3549 	EXP 	Sound sound_1 reached end of file
442.3621 	EXP 	Sound sound_1 reached end of file
442.3816 	EXP 	text: autoDraw = True
442.3816 	EXP 	textbox: autoDraw = True
443.3114 	DATA 	Keypress: 3
443.4241 	DATA 	Keypress: 0
443.5363 	DATA 	Keypress: 0
444.6533 	DATA 	Mouse: Left button down, pos=(1002,241)
444.6606 	EXP 	New trial (rep=2, index=5): <Trial 77 (5 in rep 2) data={'delay': 0.4, 'freq': 1000, 'condition': 'exp', 'thisN': 77, 'thisTrialN': 5, 'thisRepN': 2}>
444.6761 	EXP 	text: autoDraw = False
444.6761 	EXP 	textbox: autoDraw = False
444.6761 	EXP 	polygon: autoDraw = True
444.7103 	DATA 	Mouse:  Left button up, pos=(1002,241)
445.6755 	INFO 	Keyboard events cleared
445.6753 	EXP 	polygon: autoDraw = False
445.6753 	EXP 	polygon_2: autoDraw = True
446.3132 	DATA 	Keypress: space
446.3251 	EXP 	polygon: autoDraw = False
446.3251 	EXP 	polygon_2: autoDraw = False
446.7084 	EXP 	Sound sound_1 reached end of file
446.7247 	EXP 	Sound sound_1 started
447.0019 	EXP 	Sound sound_1 reached end of file
447.0247 	EXP 	text: autoDraw = True
447.0247 	EXP 	textbox: autoDraw = True
448.3903 	DATA 	Keypress: 1
448.5236 	DATA 	Keypress: 0
448.6514 	DATA 	Keypress: 0
449.6705 	DATA 	Mouse: Left button down, pos=(1038,202)
449.6754 	EXP 	New trial (rep=2, index=6): <Trial 78 (6 in rep 2) data={'delay': 0.7, 'freq': 1000, 'condition': 'exp', 'thisN': 78, 'thisTrialN': 6, 'thisRepN': 2}>
449.6882 	EXP 	text: autoDraw = False
449.6882 	EXP 	textbox: autoDraw = False
449.6882 	EXP 	polygon: autoDraw = True
449.7728 	DATA 	Mouse:  Left button up, pos=(1038,202)
450.6877 	INFO 	Keyboard events cleared
450.6875 	EXP 	polygon: autoDraw = False
450.6875 	EXP 	polygon_2: autoDraw = True
451.2588 	DATA 	Keypress: space
451.2706 	EXP 	polygon: autoDraw = False
451.2706 	EXP 	polygon_2: autoDraw = False
451.9538 	EXP 	Sound sound_1 reached end of file
451.9701 	EXP 	Sound sound_1 started
452.2668 	EXP 	Sound sound_1 stopped
452.2808 	EXP 	text: autoDraw = True
452.2808 	EXP 	textbox: autoDraw = True
457.8608 	DATA 	Keypress: 1
458.1485 	DATA 	Keypress: 0
458.2745 	DATA 	Keypress: 0
459.5639 	DATA 	Mouse: Left button down, pos=(986,246)
459.5648 	EXP 	New trial (rep=2, index=7): <Trial 79 (7 in rep 2) data={'delay': 0.1, 'freq': 1000, 'condition': 'exp', 'thisN': 79, 'thisTrialN': 7, 'thisRepN': 2}>
459.5797 	EXP 	text: autoDraw = False
459.5797 	EXP 	textbox: autoDraw = False
459.5797 	EXP 	polygon: autoDraw = True
459.6812 	DATA 	Mouse:  Left button up, pos=(986,246)
460.5796 	INFO 	Keyboard events cleared
460.5794 	EXP 	polygon: autoDraw = False
460.5794 	EXP 	polygon_2: autoDraw = True
461.3307 	DATA 	Keypress: space
461.3616 	EXP 	polygon: autoDraw = False
461.3616 	EXP 	polygon_2: autoDraw = False
461.4289 	EXP 	Sound sound_1 reached end of file
461.4452 	EXP 	Sound sound_1 started
461.7499 	EXP 	Sound sound_1 stopped
461.7736 	EXP 	text: autoDraw = True
461.7736 	EXP 	textbox: autoDraw = True
462.9279 	DATA 	Keypress: 2
463.3338 	DATA 	Keypress: p
463.5107 	DATA 	Keypress: p
464.3600 	DATA 	Keypress: backspace
464.6095 	DATA 	Keypress: backspace
465.5255 	DATA 	Keypress: backspace
465.7706 	DATA 	Keypress: 1
465.9916 	DATA 	Keypress: 0
466.1334 	DATA 	Keypress: 0
466.3911 	DATA 	Keypress: return
467.4903 	DATA 	Mouse: Left button down, pos=(971,238)
467.4912 	EXP 	New trial (rep=2, index=8): <Trial 80 (8 in rep 2) data={'delay': 0.1, 'freq': 1000, 'condition': 'exp', 'thisN': 80, 'thisTrialN': 8, 'thisRepN': 2}>
467.5065 	EXP 	text: autoDraw = False
467.5065 	EXP 	textbox: autoDraw = False
467.5065 	EXP 	polygon: autoDraw = True
467.5907 	DATA 	Mouse:  Left button up, pos=(971,238)
468.5059 	INFO 	Keyboard events cleared
468.5057 	EXP 	polygon: autoDraw = False
468.5057 	EXP 	polygon_2: autoDraw = True
468.7433 	DATA 	Keypress: space
468.7554 	EXP 	polygon: autoDraw = False
468.7554 	EXP 	polygon_2: autoDraw = False
468.8221 	EXP 	Sound sound_1 reached end of file
468.8386 	EXP 	Sound sound_1 started
469.1093 	EXP 	Sound sound_1 reached end of file
469.1425 	EXP 	text: autoDraw = True
469.1425 	EXP 	textbox: autoDraw = True
469.9213 	DATA 	Keypress: 1
470.1282 	DATA 	Keypress: 0
470.2547 	DATA 	Keypress: 0
471.0043 	DATA 	Mouse: Left button down, pos=(971,238)
471.0051 	EXP 	New trial (rep=2, index=9): <Trial 81 (9 in rep 2) data={'delay': 0.4, 'freq': 400, 'condition': 'unexp', 'thisN': 81, 'thisTrialN': 9, 'thisRepN': 2}>
471.0201 	EXP 	text: autoDraw = False
471.0201 	EXP 	textbox: autoDraw = False
471.0201 	EXP 	polygon: autoDraw = True
471.0710 	DATA 	Mouse:  Left button up, pos=(971,238)
472.0195 	INFO 	Keyboard events cleared
472.0194 	EXP 	polygon: autoDraw = False
472.0194 	EXP 	polygon_2: autoDraw = True
472.7555 	DATA 	Keypress: space
472.7686 	EXP 	polygon: autoDraw = False
472.7686 	EXP 	polygon_2: autoDraw = False
473.1354 	EXP 	Sound sound_1 reached end of file
473.1517 	EXP 	Sound sound_1 started
473.4295 	EXP 	Sound sound_1 reached end of file
473.4555 	EXP 	text: autoDraw = True
473.4555 	EXP 	textbox: autoDraw = True
474.5595 	DATA 	Keypress: 2
475.2335 	DATA 	Keypress: 0
475.3406 	DATA 	Keypress: 0
475.9784 	DATA 	Mouse: Left button down, pos=(958,231)
475.9841 	EXP 	New trial (rep=2, index=10): <Trial 82 (10 in rep 2) data={'delay': 0.1, 'freq': 1000, 'condition': 'exp', 'thisN': 82, 'thisTrialN': 10, 'thisRepN': 2}>
475.9987 	EXP 	text: autoDraw = False
475.9987 	EXP 	textbox: autoDraw = False
475.9987 	EXP 	polygon: autoDraw = True
476.0666 	DATA 	Mouse:  Left button up, pos=(958,231)
476.9986 	INFO 	Keyboard events cleared
476.9984 	EXP 	polygon: autoDraw = False
476.9984 	EXP 	polygon_2: autoDraw = True
477.4523 	DATA 	Keypress: space
477.4641 	EXP 	polygon: autoDraw = False
477.4641 	EXP 	polygon_2: autoDraw = False
477.5481 	EXP 	Sound sound_1 reached end of file
477.5645 	EXP 	Sound sound_1 started
477.8568 	EXP 	Sound sound_1 stopped
477.8720 	EXP 	text: autoDraw = True
477.8720 	EXP 	textbox: autoDraw = True
478.6739 	DATA 	Keypress: 1
480.2461 	DATA 	Keypress: 0
480.3626 	DATA 	Keypress: 0
481.1118 	DATA 	Mouse: Left button down, pos=(958,231)
481.1126 	EXP 	New trial (rep=2, index=11): <Trial 83 (11 in rep 2) data={'delay': 0.1, 'freq': 1000, 'condition': 'exp', 'thisN': 83, 'thisTrialN': 11, 'thisRepN': 2}>
481.1277 	EXP 	text: autoDraw = False
481.1277 	EXP 	textbox: autoDraw = False
481.1277 	EXP 	polygon: autoDraw = True
481.2120 	DATA 	Mouse:  Left button up, pos=(958,231)
482.1274 	INFO 	Keyboard events cleared
482.1272 	EXP 	polygon: autoDraw = False
482.1272 	EXP 	polygon_2: autoDraw = True
483.6805 	DATA 	Keypress: space
483.6925 	EXP 	polygon: autoDraw = False
483.6925 	EXP 	polygon_2: autoDraw = False
483.7759 	EXP 	Sound sound_1 reached end of file
483.7922 	EXP 	Sound sound_1 started
484.0906 	EXP 	Sound sound_1 stopped
484.1066 	EXP 	text: autoDraw = True
484.1066 	EXP 	textbox: autoDraw = True
484.7680 	DATA 	Keypress: 1
485.5915 	DATA 	Keypress: 0
485.7152 	DATA 	Keypress: 0
486.5157 	DATA 	Mouse: Left button down, pos=(958,231)
486.5246 	EXP 	New trial (rep=2, index=12): <Trial 84 (12 in rep 2) data={'delay': 0.7, 'freq': 1000, 'condition': 'exp', 'thisN': 84, 'thisTrialN': 12, 'thisRepN': 2}>
486.5395 	EXP 	text: autoDraw = False
486.5395 	EXP 	textbox: autoDraw = False
486.5395 	EXP 	polygon: autoDraw = True
486.5740 	DATA 	Mouse:  Left button up, pos=(958,231)
487.5390 	INFO 	Keyboard events cleared
487.5388 	EXP 	polygon: autoDraw = False
487.5388 	EXP 	polygon_2: autoDraw = True
488.4438 	DATA 	Keypress: space
488.4550 	EXP 	polygon: autoDraw = False
488.4550 	EXP 	polygon_2: autoDraw = False
489.1380 	EXP 	Sound sound_1 reached end of file
489.1542 	EXP 	Sound sound_1 started
489.4352 	EXP 	Sound sound_1 reached end of file
489.4558 	EXP 	text: autoDraw = True
489.4558 	EXP 	textbox: autoDraw = True
491.0953 	DATA 	Keypress: 1
491.5695 	DATA 	Keypress: 5
491.9693 	DATA 	Keypress: 0
492.7517 	DATA 	Mouse: Left button down, pos=(958,231)
492.7525 	EXP 	New trial (rep=2, index=13): <Trial 85 (13 in rep 2) data={'delay': 0.4, 'freq': 1000, 'condition': 'exp', 'thisN': 85, 'thisTrialN': 13, 'thisRepN': 2}>
492.7679 	EXP 	text: autoDraw = False
492.7679 	EXP 	textbox: autoDraw = False
492.7679 	EXP 	polygon: autoDraw = True
492.8354 	DATA 	Mouse:  Left button up, pos=(958,231)
493.7672 	INFO 	Keyboard events cleared
493.7670 	EXP 	polygon: autoDraw = False
493.7670 	EXP 	polygon_2: autoDraw = True
494.8038 	DATA 	Keypress: space
494.8156 	EXP 	polygon: autoDraw = False
494.8156 	EXP 	polygon_2: autoDraw = False
495.1995 	EXP 	Sound sound_1 reached end of file
495.2158 	EXP 	Sound sound_1 started
495.5054 	EXP 	Sound sound_1 stopped
495.5204 	EXP 	text: autoDraw = True
495.5204 	EXP 	textbox: autoDraw = True
496.4650 	DATA 	Keypress: 2
496.9812 	DATA 	Keypress: 0
497.1045 	DATA 	Keypress: 0
497.8882 	DATA 	Mouse: Left button down, pos=(958,231)
497.8981 	EXP 	New trial (rep=2, index=14): <Trial 86 (14 in rep 2) data={'delay': 0.7, 'freq': 1000, 'condition': 'exp', 'thisN': 86, 'thisTrialN': 14, 'thisRepN': 2}>
497.9132 	EXP 	text: autoDraw = False
497.9132 	EXP 	textbox: autoDraw = False
497.9132 	EXP 	polygon: autoDraw = True
497.9644 	DATA 	Mouse:  Left button up, pos=(958,231)
498.9126 	INFO 	Keyboard events cleared
498.9124 	EXP 	polygon: autoDraw = False
498.9124 	EXP 	polygon_2: autoDraw = True
500.6293 	DATA 	Keypress: space
500.6610 	EXP 	polygon: autoDraw = False
500.6610 	EXP 	polygon_2: autoDraw = False
501.3441 	EXP 	Sound sound_1 reached end of file
501.3604 	EXP 	Sound sound_1 started
501.6748 	EXP 	Sound sound_1 stopped
501.6922 	EXP 	text: autoDraw = True
501.6922 	EXP 	textbox: autoDraw = True
502.9093 	DATA 	Keypress: 2
503.3092 	DATA 	Keypress: 0
503.4591 	DATA 	Keypress: 0
504.2148 	DATA 	Mouse: Left button down, pos=(958,231)
504.2261 	EXP 	New trial (rep=2, index=15): <Trial 87 (15 in rep 2) data={'delay': 0.4, 'freq': 1000, 'condition': 'exp', 'thisN': 87, 'thisTrialN': 15, 'thisRepN': 2}>
504.2409 	EXP 	text: autoDraw = False
504.2409 	EXP 	textbox: autoDraw = False
504.2409 	EXP 	polygon: autoDraw = True
504.3250 	DATA 	Mouse:  Left button up, pos=(958,231)
505.2407 	INFO 	Keyboard events cleared
505.2405 	EXP 	polygon: autoDraw = False
505.2405 	EXP 	polygon_2: autoDraw = True
506.1448 	DATA 	Keypress: space
506.1563 	EXP 	polygon: autoDraw = False
506.1563 	EXP 	polygon_2: autoDraw = False
506.5395 	EXP 	Sound sound_1 reached end of file
506.5556 	EXP 	Sound sound_1 started
506.8522 	EXP 	Sound sound_1 stopped
506.8678 	EXP 	text: autoDraw = True
506.8678 	EXP 	textbox: autoDraw = True
507.8982 	DATA 	Keypress: 1
508.3880 	DATA 	Keypress: 0
508.6451 	DATA 	Keypress: 0
509.3940 	DATA 	Mouse: Left button down, pos=(958,231)
509.4046 	EXP 	New trial (rep=2, index=16): <Trial 88 (16 in rep 2) data={'delay': 0.1, 'freq': 400, 'condition': 'unexp', 'thisN': 88, 'thisTrialN': 16, 'thisRepN': 2}>
509.4198 	EXP 	text: autoDraw = False
509.4198 	EXP 	textbox: autoDraw = False
509.4198 	EXP 	polygon: autoDraw = True
509.4543 	DATA 	Mouse:  Left button up, pos=(960,232)
510.4194 	INFO 	Keyboard events cleared
510.4193 	EXP 	polygon: autoDraw = False
510.4193 	EXP 	polygon_2: autoDraw = True
510.7237 	DATA 	Keypress: space
510.7357 	EXP 	polygon: autoDraw = False
510.7357 	EXP 	polygon_2: autoDraw = False
510.8190 	EXP 	Sound sound_1 reached end of file
510.8353 	EXP 	Sound sound_1 started
511.1126 	EXP 	Sound sound_1 reached end of file
511.1412 	EXP 	text: autoDraw = True
511.1412 	EXP 	textbox: autoDraw = True
513.1435 	DATA 	Keypress: 1
513.6503 	DATA 	Keypress: 0
513.8001 	DATA 	Keypress: 0
514.5406 	DATA 	Mouse: Left button down, pos=(960,232)
514.5503 	EXP 	New trial (rep=2, index=17): <Trial 89 (17 in rep 2) data={'delay': 0.7, 'freq': 1000, 'condition': 'exp', 'thisN': 89, 'thisTrialN': 17, 'thisRepN': 2}>
514.5655 	EXP 	text: autoDraw = False
514.5655 	EXP 	textbox: autoDraw = False
514.5655 	EXP 	polygon: autoDraw = True
514.5832 	DATA 	Mouse:  Left button up, pos=(960,232)
515.5646 	INFO 	Keyboard events cleared
515.5644 	EXP 	polygon: autoDraw = False
515.5644 	EXP 	polygon_2: autoDraw = True
515.9188 	DATA 	Keypress: space
515.9310 	EXP 	polygon: autoDraw = False
515.9310 	EXP 	polygon_2: autoDraw = False
516.6142 	EXP 	Sound sound_1 reached end of file
516.6305 	EXP 	Sound sound_1 started
516.9282 	EXP 	Sound sound_1 stopped
516.9529 	EXP 	text: autoDraw = True
516.9529 	EXP 	textbox: autoDraw = True
517.7935 	DATA 	Keypress: 2
518.2963 	DATA 	Keypress: 5
518.7197 	DATA 	Keypress: 0
519.9285 	DATA 	Mouse: Left button down, pos=(960,231)
519.9294 	EXP 	New trial (rep=2, index=18): <Trial 90 (18 in rep 2) data={'delay': 0.7, 'freq': 1000, 'condition': 'exp', 'thisN': 90, 'thisTrialN': 18, 'thisRepN': 2}>
519.9442 	EXP 	text: autoDraw = False
519.9442 	EXP 	textbox: autoDraw = False
519.9442 	EXP 	polygon: autoDraw = True
519.9953 	DATA 	Mouse:  Left button up, pos=(960,231)
520.9436 	INFO 	Keyboard events cleared
520.9434 	EXP 	polygon: autoDraw = False
520.9434 	EXP 	polygon_2: autoDraw = True
529.9899 	DATA 	Keypress: space
530.0017 	EXP 	polygon: autoDraw = False
530.0017 	EXP 	polygon_2: autoDraw = False
530.6851 	EXP 	Sound sound_1 reached end of file
530.7014 	EXP 	Sound sound_1 started
530.9921 	EXP 	Sound sound_1 stopped
531.0165 	EXP 	text: autoDraw = True
531.0165 	EXP 	textbox: autoDraw = True
532.0677 	DATA 	Keypress: 1
532.4840 	DATA 	Keypress: 0
532.6169 	DATA 	Keypress: 0
533.5999 	DATA 	Mouse: Left button down, pos=(960,230)
533.6007 	EXP 	New trial (rep=2, index=19): <Trial 91 (19 in rep 2) data={'delay': 0.1, 'freq': 1000, 'condition': 'exp', 'thisN': 91, 'thisTrialN': 19, 'thisRepN': 2}>
533.6156 	EXP 	text: autoDraw = False
533.6156 	EXP 	textbox: autoDraw = False
533.6156 	EXP 	polygon: autoDraw = True
533.6494 	DATA 	Mouse:  Left button up, pos=(960,230)
534.6147 	INFO 	Keyboard events cleared
534.6145 	EXP 	polygon: autoDraw = False
534.6145 	EXP 	polygon_2: autoDraw = True
534.9025 	DATA 	Keypress: space
534.9145 	EXP 	polygon: autoDraw = False
534.9145 	EXP 	polygon_2: autoDraw = False
534.9981 	EXP 	Sound sound_1 reached end of file
535.0145 	EXP 	Sound sound_1 started
535.3280 	EXP 	Sound sound_1 stopped
535.3451 	EXP 	text: autoDraw = True
535.3451 	EXP 	textbox: autoDraw = True
536.2885 	DATA 	Keypress: 1
536.9033 	DATA 	Keypress: 5
537.2197 	DATA 	Keypress: 0
538.0792 	DATA 	Mouse: Left button down, pos=(960,230)
538.0801 	EXP 	New trial (rep=2, index=20): <Trial 92 (20 in rep 2) data={'delay': 0.1, 'freq': 1000, 'condition': 'exp', 'thisN': 92, 'thisTrialN': 20, 'thisRepN': 2}>
538.0950 	EXP 	text: autoDraw = False
538.0950 	EXP 	textbox: autoDraw = False
538.0950 	EXP 	polygon: autoDraw = True
538.1289 	DATA 	Mouse:  Left button up, pos=(964,230)
539.0946 	INFO 	Keyboard events cleared
539.0943 	EXP 	polygon: autoDraw = False
539.0943 	EXP 	polygon_2: autoDraw = True
539.4789 	DATA 	Keypress: space
539.4933 	EXP 	polygon: autoDraw = False
539.4933 	EXP 	polygon_2: autoDraw = False
539.5605 	EXP 	Sound sound_1 reached end of file
539.5770 	EXP 	Sound sound_1 started
539.8501 	EXP 	Sound sound_1 reached end of file
539.8772 	EXP 	text: autoDraw = True
539.8772 	EXP 	textbox: autoDraw = True
540.6193 	DATA 	Keypress: 1
540.9866 	DATA 	Keypress: 0
541.1426 	DATA 	Keypress: 0
541.8596 	DATA 	Mouse: Left button down, pos=(965,225)
541.8614 	EXP 	New trial (rep=2, index=21): <Trial 93 (21 in rep 2) data={'delay': 0.7, 'freq': 1000, 'condition': 'exp', 'thisN': 93, 'thisTrialN': 21, 'thisRepN': 2}>
541.8748 	EXP 	text: autoDraw = False
541.8748 	EXP 	textbox: autoDraw = False
541.8748 	EXP 	polygon: autoDraw = True
541.9259 	DATA 	Mouse:  Left button up, pos=(965,186)
542.8745 	INFO 	Keyboard events cleared
542.8743 	EXP 	polygon: autoDraw = False
542.8743 	EXP 	polygon_2: autoDraw = True
543.1119 	DATA 	Keypress: space
543.1238 	EXP 	polygon: autoDraw = False
543.1238 	EXP 	polygon_2: autoDraw = False
543.8072 	EXP 	Sound sound_1 reached end of file
543.8235 	EXP 	Sound sound_1 started
544.1110 	EXP 	Sound sound_1 stopped
544.1241 	EXP 	text: autoDraw = True
544.1241 	EXP 	textbox: autoDraw = True
544.9732 	DATA 	Keypress: 1
545.8723 	DATA 	Keypress: 0
545.9945 	DATA 	Keypress: 0
546.8804 	DATA 	Mouse: Left button down, pos=(965,185)
546.8885 	EXP 	New trial (rep=2, index=22): <Trial 94 (22 in rep 2) data={'delay': 0.4, 'freq': 400, 'condition': 'unexp', 'thisN': 94, 'thisTrialN': 22, 'thisRepN': 2}>
546.9036 	EXP 	text: autoDraw = False
546.9036 	EXP 	textbox: autoDraw = False
546.9036 	EXP 	polygon: autoDraw = True
546.9713 	DATA 	Mouse:  Left button up, pos=(965,185)
547.9032 	INFO 	Keyboard events cleared
547.9030 	EXP 	polygon: autoDraw = False
547.9030 	EXP 	polygon_2: autoDraw = True
1179.7911 	DATA 	Keypress: space
1179.8028 	EXP 	polygon: autoDraw = False
1179.8028 	EXP 	polygon_2: autoDraw = False
1180.1699 	EXP 	Sound sound_1 reached end of file
1180.1861 	EXP 	Sound sound_1 started
1180.4217 	EXP 	Sound sound_1 reached end of file
1180.4363 	EXP 	Sound sound_1 reached end of file
1180.4603 	EXP 	text: autoDraw = True
1180.4603 	EXP 	textbox: autoDraw = True
1182.7344 	DATA 	Keypress: 1
1182.9930 	DATA 	Keypress: 5
1183.3070 	DATA 	Keypress: 0
1183.5838 	DATA 	Keypress: return
1184.6826 	DATA 	Mouse: Left button down, pos=(965,185)
1184.6834 	EXP 	New trial (rep=2, index=23): <Trial 95 (23 in rep 2) data={'delay': 0.1, 'freq': 1000, 'condition': 'exp', 'thisN': 95, 'thisTrialN': 23, 'thisRepN': 2}>
1184.6988 	EXP 	text: autoDraw = False
1184.6988 	EXP 	textbox: autoDraw = False
1184.6988 	EXP 	polygon: autoDraw = True
1184.7497 	DATA 	Mouse:  Left button up, pos=(965,185)
1185.6983 	INFO 	Keyboard events cleared
1185.6981 	EXP 	polygon_2: autoDraw = True
1185.7147 	EXP 	polygon: autoDraw = False
1186.2356 	DATA 	Keypress: space
1186.2474 	EXP 	polygon: autoDraw = False
1186.2474 	EXP 	polygon_2: autoDraw = False
1186.3310 	EXP 	Sound sound_1 reached end of file
1186.3473 	EXP 	Sound sound_1 started
1186.6769 	EXP 	Sound sound_1 stopped
1186.6926 	EXP 	text: autoDraw = True
1186.6926 	EXP 	textbox: autoDraw = True
1187.3561 	DATA 	Keypress: 1
1187.6302 	DATA 	Keypress: 0
1187.7634 	DATA 	Keypress: 0
1189.0287 	DATA 	Mouse: Left button down, pos=(963,184)
1189.0296 	EXP 	New trial (rep=2, index=24): <Trial 96 (24 in rep 2) data={'delay': 0.4, 'freq': 1000, 'condition': 'exp', 'thisN': 96, 'thisTrialN': 24, 'thisRepN': 2}>
1189.0447 	EXP 	text: autoDraw = False
1189.0447 	EXP 	textbox: autoDraw = False
1189.0447 	EXP 	polygon: autoDraw = True
1189.1126 	DATA 	Mouse:  Left button up, pos=(963,182)
1190.0442 	INFO 	Keyboard events cleared
1190.0440 	EXP 	polygon: autoDraw = False
1190.0440 	EXP 	polygon_2: autoDraw = True
1200.9404 	DATA 	Keypress: space
1200.9512 	EXP 	polygon: autoDraw = False
1200.9512 	EXP 	polygon_2: autoDraw = False
1201.3347 	EXP 	Sound sound_1 reached end of file
1201.3510 	EXP 	Sound sound_1 started
1201.6787 	EXP 	Sound sound_1 stopped
1201.7054 	EXP 	text: autoDraw = True
1201.7054 	EXP 	textbox: autoDraw = True
1202.9618 	DATA 	Keypress: 1
1203.1666 	DATA 	Keypress: 0
1203.2998 	DATA 	Keypress: 0
1204.0328 	DATA 	Mouse: Left button down, pos=(963,181)
1204.0337 	EXP 	New trial (rep=2, index=25): <Trial 97 (25 in rep 2) data={'delay': 0.7, 'freq': 400, 'condition': 'unexp', 'thisN': 97, 'thisTrialN': 25, 'thisRepN': 2}>
1204.0485 	EXP 	text: autoDraw = False
1204.0485 	EXP 	textbox: autoDraw = False
1204.0485 	EXP 	polygon: autoDraw = True
1204.0991 	DATA 	Mouse:  Left button up, pos=(963,181)
1205.0477 	INFO 	Keyboard events cleared
1205.0475 	EXP 	polygon: autoDraw = False
1205.0475 	EXP 	polygon_2: autoDraw = True
1205.5179 	DATA 	Keypress: space
1205.5306 	EXP 	polygon: autoDraw = False
1205.5306 	EXP 	polygon_2: autoDraw = False
1206.1972 	EXP 	Sound sound_1 reached end of file
1206.2135 	EXP 	Sound sound_1 started
1206.5096 	EXP 	Sound sound_1 stopped
1206.5237 	EXP 	text: autoDraw = True
1206.5237 	EXP 	textbox: autoDraw = True
1208.1402 	DATA 	Keypress: 2
1208.6786 	DATA 	Keypress: 5
1208.8450 	DATA 	Keypress: 0
1210.3435 	DATA 	Mouse: Left button down, pos=(885,218)
1210.3443 	EXP 	New trial (rep=2, index=26): <Trial 98 (26 in rep 2) data={'delay': 0.4, 'freq': 1000, 'condition': 'exp', 'thisN': 98, 'thisTrialN': 26, 'thisRepN': 2}>
1210.3595 	EXP 	text: autoDraw = False
1210.3595 	EXP 	textbox: autoDraw = False
1210.3595 	EXP 	polygon: autoDraw = True
1210.4439 	DATA 	Mouse:  Left button up, pos=(885,218)
1211.3592 	INFO 	Keyboard events cleared
1211.3590 	EXP 	polygon: autoDraw = False
1211.3590 	EXP 	polygon_2: autoDraw = True
1212.6621 	DATA 	Keypress: space
1212.6744 	EXP 	polygon: autoDraw = False
1212.6744 	EXP 	polygon_2: autoDraw = False
1213.0578 	EXP 	Sound sound_1 reached end of file
1213.0741 	EXP 	Sound sound_1 started
1213.3576 	EXP 	Sound sound_1 reached end of file
1213.3781 	EXP 	text: autoDraw = True
1213.3781 	EXP 	textbox: autoDraw = True
1214.8502 	DATA 	Keypress: 3
1215.0229 	DATA 	Keypress: 0
1215.1562 	DATA 	Keypress: 0
1215.8461 	DATA 	Mouse: Left button down, pos=(885,218)
1215.8560 	EXP 	New trial (rep=2, index=27): <Trial 99 (27 in rep 2) data={'delay': 0.4, 'freq': 1000, 'condition': 'exp', 'thisN': 99, 'thisTrialN': 27, 'thisRepN': 2}>
1215.8716 	EXP 	text: autoDraw = False
1215.8716 	EXP 	textbox: autoDraw = False
1215.8716 	EXP 	polygon: autoDraw = True
1215.9222 	DATA 	Mouse:  Left button up, pos=(885,218)
1216.8707 	INFO 	Keyboard events cleared
1216.8705 	EXP 	polygon: autoDraw = False
1216.8705 	EXP 	polygon_2: autoDraw = True
1218.0575 	DATA 	Keypress: space
1218.0697 	EXP 	polygon: autoDraw = False
1218.0697 	EXP 	polygon_2: autoDraw = False
1218.4531 	EXP 	Sound sound_1 reached end of file
1218.4694 	EXP 	Sound sound_1 started
1218.7693 	EXP 	Sound sound_1 stopped
1218.7841 	EXP 	text: autoDraw = True
1218.7841 	EXP 	textbox: autoDraw = True
1221.4609 	DATA 	Keypress: 2
1221.6671 	DATA 	Keypress: 0
1221.7903 	DATA 	Keypress: 0
1222.4331 	DATA 	Mouse: Left button down, pos=(884,220)
1222.4339 	EXP 	New trial (rep=2, index=28): <Trial 100 (28 in rep 2) data={'delay': 0.1, 'freq': 400, 'condition': 'unexp', 'thisN': 100, 'thisTrialN': 28, 'thisRepN': 2}>
1222.4492 	EXP 	text: autoDraw = False
1222.4492 	EXP 	textbox: autoDraw = False
1222.4492 	EXP 	polygon: autoDraw = True
1222.5000 	DATA 	Mouse:  Left button up, pos=(884,220)
1223.4487 	INFO 	Keyboard events cleared
1223.4485 	EXP 	polygon: autoDraw = False
1223.4485 	EXP 	polygon_2: autoDraw = True
1223.7861 	DATA 	Keypress: space
1223.7982 	EXP 	polygon: autoDraw = False
1223.7982 	EXP 	polygon_2: autoDraw = False
1223.8816 	EXP 	Sound sound_1 reached end of file
1223.8979 	EXP 	Sound sound_1 started
1224.1920 	EXP 	Sound sound_1 stopped
1224.2136 	EXP 	text: autoDraw = True
1224.2136 	EXP 	textbox: autoDraw = True
1224.8076 	DATA 	Keypress: 1
1224.9805 	DATA 	Keypress: 0
1225.1475 	DATA 	Keypress: 0
1226.2633 	DATA 	Mouse: Left button down, pos=(884,220)
1226.2642 	EXP 	New trial (rep=2, index=29): <Trial 101 (29 in rep 2) data={'delay': 0.7, 'freq': 400, 'condition': 'unexp', 'thisN': 101, 'thisTrialN': 29, 'thisRepN': 2}>
1226.2792 	EXP 	text: autoDraw = False
1226.2792 	EXP 	textbox: autoDraw = False
1226.2792 	EXP 	polygon: autoDraw = True
1226.3633 	DATA 	Mouse:  Left button up, pos=(884,220)
1227.2784 	INFO 	Keyboard events cleared
1227.2782 	EXP 	polygon: autoDraw = False
1227.2782 	EXP 	polygon_2: autoDraw = True
1228.6476 	DATA 	Keypress: space
1228.6605 	EXP 	polygon: autoDraw = False
1228.6605 	EXP 	polygon_2: autoDraw = False
1229.3433 	EXP 	Sound sound_1 reached end of file
1229.3596 	EXP 	Sound sound_1 started
1229.6790 	EXP 	Sound sound_1 stopped
1229.7050 	EXP 	text: autoDraw = True
1229.7050 	EXP 	textbox: autoDraw = True
1231.0053 	DATA 	Keypress: 2
1231.2088 	DATA 	Keypress: 0
1231.3510 	DATA 	Keypress: 0
1232.1150 	DATA 	Mouse: Left button down, pos=(884,220)
1232.1255 	EXP 	New trial (rep=2, index=30): <Trial 102 (30 in rep 2) data={'delay': 0.7, 'freq': 1000, 'condition': 'exp', 'thisN': 102, 'thisTrialN': 30, 'thisRepN': 2}>
1232.1408 	EXP 	text: autoDraw = False
1232.1408 	EXP 	textbox: autoDraw = False
1232.1408 	EXP 	polygon: autoDraw = True
1232.1914 	DATA 	Mouse:  Left button up, pos=(884,220)
1233.1398 	INFO 	Keyboard events cleared
1233.1396 	EXP 	polygon_2: autoDraw = True
1233.1566 	EXP 	polygon: autoDraw = False
1233.7749 	DATA 	Keypress: space
1233.8060 	EXP 	polygon: autoDraw = False
1233.8060 	EXP 	polygon_2: autoDraw = False
1234.4893 	EXP 	Sound sound_1 reached end of file
1234.5055 	EXP 	Sound sound_1 started
1234.8203 	EXP 	Sound sound_1 stopped
1234.8361 	EXP 	text: autoDraw = True
1234.8361 	EXP 	textbox: autoDraw = True
1235.3217 	DATA 	Keypress: 4
1235.4719 	DATA 	Keypress: 0
1235.6550 	DATA 	Keypress: 0
1236.5776 	DATA 	Mouse: wheel shift=(0,1), pos=(884,220)
1236.6440 	DATA 	Mouse: Left button down, pos=(884,220)
1236.6545 	EXP 	New trial (rep=2, index=31): <Trial 103 (31 in rep 2) data={'delay': 0.4, 'freq': 400, 'condition': 'unexp', 'thisN': 103, 'thisTrialN': 31, 'thisRepN': 2}>
1236.6702 	EXP 	text: autoDraw = False
1236.6702 	EXP 	textbox: autoDraw = False
1236.6702 	EXP 	polygon: autoDraw = True
1236.8041 	DATA 	Mouse:  Left button up, pos=(884,220)
1237.6690 	INFO 	Keyboard events cleared
1237.6688 	EXP 	polygon_2: autoDraw = True
1237.6854 	EXP 	polygon: autoDraw = False
1238.7403 	DATA 	Keypress: space
1238.7515 	EXP 	polygon: autoDraw = False
1238.7515 	EXP 	polygon_2: autoDraw = False
1239.1352 	EXP 	Sound sound_1 reached end of file
1239.1514 	EXP 	Sound sound_1 started
1239.4290 	EXP 	Sound sound_1 reached end of file
1239.4562 	EXP 	text: autoDraw = True
1239.4562 	EXP 	textbox: autoDraw = True
1244.2567 	DATA 	Keypress: 2
1244.4140 	DATA 	Keypress: 0
1244.5401 	DATA 	Keypress: 0
1245.2034 	DATA 	Mouse: Left button down, pos=(884,220)
1245.2137 	EXP 	New trial (rep=2, index=32): <Trial 104 (32 in rep 2) data={'delay': 0.4, 'freq': 1000, 'condition': 'exp', 'thisN': 104, 'thisTrialN': 32, 'thisRepN': 2}>
1245.2289 	EXP 	text: autoDraw = False
1245.2289 	EXP 	textbox: autoDraw = False
1245.2289 	EXP 	polygon: autoDraw = True
1245.2801 	DATA 	Mouse:  Left button up, pos=(884,220)
1246.2288 	INFO 	Keyboard events cleared
1246.2286 	EXP 	polygon: autoDraw = False
1246.2286 	EXP 	polygon_2: autoDraw = True
1246.8486 	DATA 	Keypress: space
1246.8613 	EXP 	polygon: autoDraw = False
1246.8613 	EXP 	polygon_2: autoDraw = False
1247.2280 	EXP 	Sound sound_1 reached end of file
1247.2443 	EXP 	Sound sound_1 started
1247.5031 	EXP 	Sound sound_1 reached end of file
1247.5109 	EXP 	Sound sound_1 reached end of file
1247.5317 	EXP 	text: autoDraw = True
1247.5317 	EXP 	textbox: autoDraw = True
1248.7603 	DATA 	Keypress: 2
1248.9507 	DATA 	Keypress: 0
1249.0827 	DATA 	Keypress: 0
1249.6929 	DATA 	Mouse: Left button down, pos=(884,220)
1249.6938 	EXP 	New trial (rep=2, index=33): <Trial 105 (33 in rep 2) data={'delay': 0.1, 'freq': 1000, 'condition': 'exp', 'thisN': 105, 'thisTrialN': 33, 'thisRepN': 2}>
1249.7088 	EXP 	text: autoDraw = False
1249.7088 	EXP 	textbox: autoDraw = False
1249.7088 	EXP 	polygon: autoDraw = True
1249.7931 	DATA 	Mouse:  Left button up, pos=(884,220)
1250.7083 	INFO 	Keyboard events cleared
1250.7081 	EXP 	polygon_2: autoDraw = True
1250.7243 	EXP 	polygon: autoDraw = False
1251.0442 	DATA 	Keypress: space
1251.0575 	EXP 	polygon: autoDraw = False
1251.0575 	EXP 	polygon_2: autoDraw = False
1251.1247 	EXP 	Sound sound_1 reached end of file
1251.1410 	EXP 	Sound sound_1 started
1251.4324 	EXP 	Sound sound_1 stopped
1251.4470 	EXP 	text: autoDraw = True
1251.4470 	EXP 	textbox: autoDraw = True
1252.1992 	DATA 	Keypress: 1
1252.3574 	DATA 	Keypress: 0
1252.4902 	DATA 	Keypress: 0
1253.1292 	DATA 	Mouse: Left button down, pos=(884,220)
1253.1405 	EXP 	New trial (rep=2, index=34): <Trial 106 (34 in rep 2) data={'delay': 0.4, 'freq': 1000, 'condition': 'exp', 'thisN': 106, 'thisTrialN': 34, 'thisRepN': 2}>
1253.1556 	EXP 	text: autoDraw = False
1253.1556 	EXP 	textbox: autoDraw = False
1253.1556 	EXP 	polygon: autoDraw = True
1253.2064 	DATA 	Mouse:  Left button up, pos=(884,220)
1254.1549 	INFO 	Keyboard events cleared
1254.1548 	EXP 	polygon: autoDraw = False
1254.1548 	EXP 	polygon_2: autoDraw = True
1254.7254 	DATA 	Keypress: space
1254.7378 	EXP 	polygon: autoDraw = False
1254.7378 	EXP 	polygon_2: autoDraw = False
1255.1211 	EXP 	Sound sound_1 reached end of file
1255.1374 	EXP 	Sound sound_1 started
1255.4237 	EXP 	Sound sound_1 reached end of file
1255.4515 	EXP 	text: autoDraw = True
1255.4515 	EXP 	textbox: autoDraw = True
1257.6359 	DATA 	Keypress: 1
1258.0187 	DATA 	Keypress: 5
1258.1357 	DATA 	Keypress: 0
1258.8516 	DATA 	Mouse: Left button down, pos=(884,220)
1258.8532 	EXP 	New trial (rep=2, index=35): <Trial 107 (35 in rep 2) data={'delay': 0.1, 'freq': 400, 'condition': 'unexp', 'thisN': 107, 'thisTrialN': 35, 'thisRepN': 2}>
1258.8671 	EXP 	text: autoDraw = False
1258.8671 	EXP 	textbox: autoDraw = False
1258.8671 	EXP 	polygon: autoDraw = True
1258.9185 	DATA 	Mouse:  Left button up, pos=(884,220)
1259.8670 	INFO 	Keyboard events cleared
1259.8668 	EXP 	polygon: autoDraw = False
1259.8668 	EXP 	polygon_2: autoDraw = True
1266.9981 	DATA 	Keypress: space
1267.0103 	EXP 	polygon: autoDraw = False
1267.0103 	EXP 	polygon_2: autoDraw = False
1267.0773 	EXP 	Sound sound_1 reached end of file
1267.0937 	EXP 	Sound sound_1 started
1267.3471 	EXP 	Sound sound_1 reached end of file
1267.3504 	EXP 	Sound sound_1 reached end of file
1267.3653 	EXP 	text: autoDraw = True
1267.3653 	EXP 	textbox: autoDraw = True
1268.3012 	DATA 	Keypress: 1
1268.6096 	DATA 	Keypress: 0
1268.7762 	DATA 	Keypress: 0
1269.7253 	DATA 	Mouse: Left button down, pos=(884,220)
1269.7262 	EXP 	New trial (rep=3, index=0): <Trial 108 (0 in rep 3) data={'delay': 0.4, 'freq': 1000, 'condition': 'exp', 'thisN': 108, 'thisTrialN': 0, 'thisRepN': 3}>
1269.7411 	EXP 	text: autoDraw = False
1269.7411 	EXP 	textbox: autoDraw = False
1269.7411 	EXP 	polygon: autoDraw = True
1269.8589 	DATA 	Mouse:  Left button up, pos=(884,220)
1270.7406 	INFO 	Keyboard events cleared
1270.7404 	EXP 	polygon: autoDraw = False
1270.7404 	EXP 	polygon_2: autoDraw = True
1274.5425 	DATA 	Keypress: space
1274.5535 	EXP 	polygon: autoDraw = False
1274.5535 	EXP 	polygon_2: autoDraw = False
1274.9372 	EXP 	Sound sound_1 reached end of file
1274.9536 	EXP 	Sound sound_1 started
1275.2540 	EXP 	Sound sound_1 stopped
1275.2784 	EXP 	text: autoDraw = True
1275.2784 	EXP 	textbox: autoDraw = True
1276.0196 	DATA 	Keypress: 1
1276.1929 	DATA 	Keypress: 0
1276.3263 	DATA 	Keypress: 0
1281.4655 	DATA 	Mouse: Left button down, pos=(886,220)
1281.4664 	EXP 	New trial (rep=3, index=1): <Trial 109 (1 in rep 3) data={'delay': 0.7, 'freq': 400, 'condition': 'unexp', 'thisN': 109, 'thisTrialN': 1, 'thisRepN': 3}>
1281.4807 	EXP 	text: autoDraw = False
1281.4807 	EXP 	textbox: autoDraw = False
1281.4807 	EXP 	polygon: autoDraw = True
1281.5654 	DATA 	Mouse:  Left button up, pos=(887,219)
1282.4805 	INFO 	Keyboard events cleared
1282.4804 	EXP 	polygon: autoDraw = False
1282.4804 	EXP 	polygon_2: autoDraw = True
1282.9158 	DATA 	Keypress: space
1282.9299 	EXP 	polygon: autoDraw = False
1282.9299 	EXP 	polygon_2: autoDraw = False
1283.6131 	EXP 	Sound sound_1 reached end of file
1283.6294 	EXP 	Sound sound_1 started
1283.9316 	EXP 	Sound sound_1 stopped
1283.9466 	EXP 	text: autoDraw = True
1283.9466 	EXP 	textbox: autoDraw = True
1284.8057 	DATA 	Keypress: 4
1284.9454 	DATA 	Keypress: 0
1285.0853 	DATA 	Keypress: 0
1286.1945 	DATA 	Keypress: backspace
1286.3610 	DATA 	Keypress: backspace
1286.6849 	DATA 	Keypress: backspace
1287.3267 	DATA 	Keypress: 5
1287.5166 	DATA 	Keypress: 0
1287.6432 	DATA 	Keypress: 0
1289.4913 	DATA 	Mouse: Left button down, pos=(887,219)
1289.4921 	EXP 	New trial (rep=3, index=2): <Trial 110 (2 in rep 3) data={'delay': 0.7, 'freq': 1000, 'condition': 'exp', 'thisN': 110, 'thisTrialN': 2, 'thisRepN': 3}>
1289.5075 	EXP 	text: autoDraw = False
1289.5075 	EXP 	textbox: autoDraw = False
1289.5075 	EXP 	polygon: autoDraw = True
1289.5919 	DATA 	Mouse:  Left button up, pos=(887,219)
1290.5068 	INFO 	Keyboard events cleared
1290.5066 	EXP 	polygon_2: autoDraw = True
1290.5232 	EXP 	polygon: autoDraw = False
1290.9607 	DATA 	Keypress: space
1290.9728 	EXP 	polygon: autoDraw = False
1290.9728 	EXP 	polygon_2: autoDraw = False
1291.6560 	EXP 	Sound sound_1 reached end of file
1291.6723 	EXP 	Sound sound_1 started
1291.9257 	EXP 	Sound sound_1 reached end of file
1291.9291 	EXP 	Sound sound_1 reached end of file
1291.9437 	EXP 	text: autoDraw = True
1291.9437 	EXP 	textbox: autoDraw = True
1292.9970 	DATA 	Keypress: 4
1293.3286 	DATA 	Keypress: 0
1293.4543 	DATA 	Keypress: 0
1294.2207 	DATA 	Mouse: Left button down, pos=(918,228)
1294.2217 	EXP 	New trial (rep=3, index=3): <Trial 111 (3 in rep 3) data={'delay': 0.1, 'freq': 1000, 'condition': 'exp', 'thisN': 111, 'thisTrialN': 3, 'thisRepN': 3}>
1294.2364 	EXP 	text: autoDraw = False
1294.2364 	EXP 	textbox: autoDraw = False
1294.2364 	EXP 	polygon: autoDraw = True
1294.2877 	DATA 	Mouse:  Left button up, pos=(968,265)
1295.2358 	INFO 	Keyboard events cleared
1295.2356 	EXP 	polygon: autoDraw = False
1295.2356 	EXP 	polygon_2: autoDraw = True
1295.9877 	DATA 	Keypress: space
1296.0183 	EXP 	polygon: autoDraw = False
1296.0183 	EXP 	polygon_2: autoDraw = False
1296.0856 	EXP 	Sound sound_1 reached end of file
1296.1019 	EXP 	Sound sound_1 started
1296.3402 	EXP 	Sound sound_1 reached end of file
1296.3518 	EXP 	Sound sound_1 reached end of file
1296.3746 	EXP 	text: autoDraw = True
1296.3746 	EXP 	textbox: autoDraw = True
1297.6233 	DATA 	Keypress: 1
1297.7620 	DATA 	Keypress: 0
1297.8620 	DATA 	Keypress: 0
1298.5520 	DATA 	Mouse: Left button down, pos=(970,265)
1298.5529 	EXP 	New trial (rep=3, index=4): <Trial 112 (4 in rep 3) data={'delay': 0.1, 'freq': 1000, 'condition': 'exp', 'thisN': 112, 'thisTrialN': 4, 'thisRepN': 3}>
1298.5663 	EXP 	text: autoDraw = False
1298.5663 	EXP 	textbox: autoDraw = False
1298.5663 	EXP 	polygon: autoDraw = True
1298.6335 	DATA 	Mouse:  Left button up, pos=(1097,250)
1299.5658 	INFO 	Keyboard events cleared
1299.5656 	EXP 	polygon_2: autoDraw = True
1299.5821 	EXP 	polygon: autoDraw = False
1300.1502 	DATA 	Keypress: space
1300.1813 	EXP 	polygon: autoDraw = False
1300.1813 	EXP 	polygon_2: autoDraw = False
1300.2652 	EXP 	Sound sound_1 reached end of file
1300.2815 	EXP 	Sound sound_1 started
1300.5951 	EXP 	Sound sound_1 stopped
1300.6192 	EXP 	text: autoDraw = True
1300.6192 	EXP 	textbox: autoDraw = True
1300.9322 	DATA 	Keypress: 1
1301.0880 	DATA 	Keypress: 0
1301.2047 	DATA 	Keypress: 0
1301.9305 	DATA 	Mouse: Left button down, pos=(1097,250)
1301.9313 	EXP 	New trial (rep=3, index=5): <Trial 113 (5 in rep 3) data={'delay': 0.7, 'freq': 1000, 'condition': 'exp', 'thisN': 113, 'thisTrialN': 5, 'thisRepN': 3}>
1301.9467 	EXP 	text: autoDraw = False
1301.9467 	EXP 	textbox: autoDraw = False
1301.9467 	EXP 	polygon: autoDraw = True
1302.0642 	DATA 	Mouse:  Left button up, pos=(1097,250)
1302.9459 	INFO 	Keyboard events cleared
1302.9457 	EXP 	polygon_2: autoDraw = True
1302.9624 	EXP 	polygon: autoDraw = False
1303.8659 	DATA 	Keypress: space
1303.8784 	EXP 	polygon: autoDraw = False
1303.8784 	EXP 	polygon_2: autoDraw = False
1304.5615 	EXP 	Sound sound_1 reached end of file
1304.5778 	EXP 	Sound sound_1 started
1304.8474 	EXP 	Sound sound_1 reached end of file
1304.8510 	EXP 	Sound sound_1 reached end of file
1304.8714 	EXP 	text: autoDraw = True
1304.8714 	EXP 	textbox: autoDraw = True
1305.9910 	DATA 	Keypress: 2
1306.1005 	DATA 	Keypress: 0
1306.2602 	DATA 	Keypress: 0
1308.3748 	DATA 	Mouse: Left button down, pos=(964,191)
1308.3757 	EXP 	New trial (rep=3, index=6): <Trial 114 (6 in rep 3) data={'delay': 0.7, 'freq': 1000, 'condition': 'exp', 'thisN': 114, 'thisTrialN': 6, 'thisRepN': 3}>
1308.3909 	EXP 	text: autoDraw = False
1308.3909 	EXP 	textbox: autoDraw = False
1308.3909 	EXP 	polygon: autoDraw = True
1308.5086 	DATA 	Mouse:  Left button up, pos=(964,191)
1309.3905 	INFO 	Keyboard events cleared
1309.3903 	EXP 	polygon: autoDraw = False
1309.3903 	EXP 	polygon_2: autoDraw = True
1310.5437 	DATA 	Keypress: space
1310.5559 	EXP 	polygon: autoDraw = False
1310.5559 	EXP 	polygon_2: autoDraw = False
1311.2389 	EXP 	Sound sound_1 reached end of file
1311.2552 	EXP 	Sound sound_1 started
1311.5032 	EXP 	Sound sound_1 reached end of file
1311.5068 	EXP 	Sound sound_1 reached end of file
1311.5314 	EXP 	text: autoDraw = True
1311.5314 	EXP 	textbox: autoDraw = True
1313.7622 	DATA 	Keypress: 3
1313.8495 	DATA 	Keypress: 0
1313.9865 	DATA 	Keypress: 0
1314.9762 	DATA 	Mouse: Left button down, pos=(1009,229)
1314.9862 	EXP 	New trial (rep=3, index=7): <Trial 115 (7 in rep 3) data={'delay': 0.4, 'freq': 1000, 'condition': 'exp', 'thisN': 115, 'thisTrialN': 7, 'thisRepN': 3}>
1315.0019 	EXP 	text: autoDraw = False
1315.0019 	EXP 	textbox: autoDraw = False
1315.0019 	EXP 	polygon: autoDraw = True
1315.0528 	DATA 	Mouse:  Left button up, pos=(1009,229)
1316.0008 	INFO 	Keyboard events cleared
1316.0007 	EXP 	polygon_2: autoDraw = True
1316.0172 	EXP 	polygon: autoDraw = False
1316.4879 	DATA 	Keypress: space
1316.5006 	EXP 	polygon: autoDraw = False
1316.5006 	EXP 	polygon_2: autoDraw = False
1316.8675 	EXP 	Sound sound_1 reached end of file
1316.8838 	EXP 	Sound sound_1 started
1317.1741 	EXP 	Sound sound_1 stopped
1317.1977 	EXP 	text: autoDraw = True
1317.1977 	EXP 	textbox: autoDraw = True
1323.6562 	DATA 	Keypress: 2
1323.7617 	DATA 	Keypress: 0
1323.9028 	DATA 	Keypress: 0
1325.0607 	DATA 	Mouse: Left button down, pos=(1009,229)
1325.0615 	EXP 	New trial (rep=3, index=8): <Trial 116 (8 in rep 3) data={'delay': 0.7, 'freq': 1000, 'condition': 'exp', 'thisN': 116, 'thisTrialN': 8, 'thisRepN': 3}>
1325.0766 	EXP 	text: autoDraw = False
1325.0766 	EXP 	textbox: autoDraw = False
1325.0766 	EXP 	polygon: autoDraw = True
1325.1937 	DATA 	Mouse:  Left button up, pos=(983,155)
1326.0757 	INFO 	Keyboard events cleared
1326.0755 	EXP 	polygon: autoDraw = False
1326.0755 	EXP 	polygon_2: autoDraw = True
1326.4132 	DATA 	Keypress: space
1326.4254 	EXP 	polygon: autoDraw = False
1326.4254 	EXP 	polygon_2: autoDraw = False
1327.1086 	EXP 	Sound sound_1 reached end of file
1327.1249 	EXP 	Sound sound_1 started
1327.4193 	EXP 	Sound sound_1 stopped
1327.4338 	EXP 	text: autoDraw = True
1327.4338 	EXP 	textbox: autoDraw = True
1328.2497 	DATA 	Keypress: 3
1328.4239 	DATA 	Keypress: 0
1328.5475 	DATA 	Keypress: 0
1330.1562 	DATA 	Mouse: Left button down, pos=(1010,212)
1330.1571 	EXP 	New trial (rep=3, index=9): <Trial 117 (9 in rep 3) data={'delay': 0.1, 'freq': 400, 'condition': 'unexp', 'thisN': 117, 'thisTrialN': 9, 'thisRepN': 3}>
1330.1721 	EXP 	text: autoDraw = False
1330.1721 	EXP 	textbox: autoDraw = False
1330.1721 	EXP 	polygon: autoDraw = True
1330.2230 	DATA 	Mouse:  Left button up, pos=(1010,212)
1331.1716 	INFO 	Keyboard events cleared
1331.1714 	EXP 	polygon: autoDraw = False
1331.1714 	EXP 	polygon_2: autoDraw = True
1331.7418 	DATA 	Keypress: space
1331.7541 	EXP 	polygon: autoDraw = False
1331.7541 	EXP 	polygon_2: autoDraw = False
1331.8212 	EXP 	Sound sound_1 reached end of file
1331.8374 	EXP 	Sound sound_1 started
1332.1660 	EXP 	Sound sound_1 stopped
1332.1921 	EXP 	text: autoDraw = True
1332.1921 	EXP 	textbox: autoDraw = True
1332.7627 	DATA 	Keypress: 1
1333.0125 	DATA 	Keypress: 0
1333.1366 	DATA 	Keypress: 0
1333.9769 	DATA 	Mouse: Left button down, pos=(1011,211)
1333.9866 	EXP 	New trial (rep=3, index=10): <Trial 118 (10 in rep 3) data={'delay': 0.1, 'freq': 1000, 'condition': 'exp', 'thisN': 118, 'thisTrialN': 10, 'thisRepN': 3}>
1334.0021 	EXP 	text: autoDraw = False
1334.0021 	EXP 	textbox: autoDraw = False
1334.0021 	EXP 	polygon: autoDraw = True
1334.0364 	DATA 	Mouse:  Left button up, pos=(1011,211)
1335.0015 	INFO 	Keyboard events cleared
1335.0014 	EXP 	polygon_2: autoDraw = True
1335.0180 	EXP 	polygon: autoDraw = False
1335.4219 	DATA 	Keypress: space
1335.4342 	EXP 	polygon: autoDraw = False
1335.4342 	EXP 	polygon_2: autoDraw = False
1335.5012 	EXP 	Sound sound_1 reached end of file
1335.5174 	EXP 	Sound sound_1 started
1335.8279 	EXP 	Sound sound_1 stopped
1335.8456 	EXP 	text: autoDraw = True
1335.8456 	EXP 	textbox: autoDraw = True
1336.1510 	DATA 	Keypress: 1
1336.3007 	DATA 	Keypress: 0
1336.4506 	DATA 	Keypress: 0
1337.3236 	DATA 	Mouse: Left button down, pos=(1011,211)
1337.3338 	EXP 	New trial (rep=3, index=11): <Trial 119 (11 in rep 3) data={'delay': 0.1, 'freq': 1000, 'condition': 'exp', 'thisN': 119, 'thisTrialN': 11, 'thisRepN': 3}>
1337.3492 	EXP 	text: autoDraw = False
1337.3492 	EXP 	textbox: autoDraw = False
1337.3492 	EXP 	polygon: autoDraw = True
1337.4501 	DATA 	Mouse:  Left button up, pos=(1011,211)
1338.3486 	INFO 	Keyboard events cleared
1338.3484 	EXP 	polygon_2: autoDraw = True
1338.3650 	EXP 	polygon: autoDraw = False
1339.1520 	DATA 	Keypress: space
1339.1643 	EXP 	polygon: autoDraw = False
1339.1643 	EXP 	polygon_2: autoDraw = False
1339.2477 	EXP 	Sound sound_1 reached end of file
1339.2639 	EXP 	Sound sound_1 started
1339.5363 	EXP 	Sound sound_1 reached end of file
1339.5722 	EXP 	text: autoDraw = True
1339.5722 	EXP 	textbox: autoDraw = True
1340.0396 	DATA 	Keypress: 1
1340.1871 	DATA 	Keypress: 0
1340.2972 	DATA 	Keypress: 0
1341.1029 	DATA 	Mouse: Left button down, pos=(1011,211)
1341.1138 	EXP 	New trial (rep=3, index=12): <Trial 120 (12 in rep 3) data={'delay': 0.1, 'freq': 1000, 'condition': 'exp', 'thisN': 120, 'thisTrialN': 12, 'thisRepN': 3}>
1341.1292 	EXP 	text: autoDraw = False
1341.1292 	EXP 	textbox: autoDraw = False
1341.1292 	EXP 	polygon: autoDraw = True
1341.2131 	DATA 	Mouse:  Left button up, pos=(1011,211)
1342.1287 	INFO 	Keyboard events cleared
1342.1285 	EXP 	polygon: autoDraw = False
1342.1285 	EXP 	polygon_2: autoDraw = True
1343.0485 	DATA 	Keypress: space
1343.0609 	EXP 	polygon: autoDraw = False
1343.0609 	EXP 	polygon_2: autoDraw = False
1343.1278 	EXP 	Sound sound_1 reached end of file
1343.1442 	EXP 	Sound sound_1 started
1343.4329 	EXP 	Sound sound_1 stopped
1343.4465 	EXP 	text: autoDraw = True
1343.4465 	EXP 	textbox: autoDraw = True
1343.8202 	DATA 	Keypress: 1
1343.9440 	DATA 	Keypress: 0
1344.0675 	DATA 	Keypress: 0
1344.6433 	DATA 	Mouse: Left button down, pos=(1013,211)
1344.6441 	EXP 	New trial (rep=3, index=13): <Trial 121 (13 in rep 3) data={'delay': 0.7, 'freq': 1000, 'condition': 'exp', 'thisN': 121, 'thisTrialN': 13, 'thisRepN': 3}>
1344.6590 	EXP 	text: autoDraw = False
1344.6590 	EXP 	textbox: autoDraw = False
1344.6590 	EXP 	polygon: autoDraw = True
1344.7103 	DATA 	Mouse:  Left button up, pos=(1013,211)
1345.6588 	INFO 	Keyboard events cleared
1345.6586 	EXP 	polygon: autoDraw = False
1345.6586 	EXP 	polygon_2: autoDraw = True
1346.2433 	DATA 	Keypress: 1
1346.8788 	DATA 	Keypress: space
1346.8907 	EXP 	polygon: autoDraw = False
1346.8907 	EXP 	polygon_2: autoDraw = False
1347.5739 	EXP 	Sound sound_1 reached end of file
1347.5902 	EXP 	Sound sound_1 started
1347.8463 	EXP 	Sound sound_1 reached end of file
1347.8568 	EXP 	Sound sound_1 reached end of file
1347.8734 	EXP 	text: autoDraw = True
1347.8734 	EXP 	textbox: autoDraw = True
1349.4058 	DATA 	Keypress: 2
1349.5559 	DATA 	Keypress: 0
1349.6621 	DATA 	Keypress: 0
1350.3217 	DATA 	Keypress: backspace
1350.4385 	DATA 	Keypress: backspace
1350.5455 	DATA 	Keypress: backspace
1350.9813 	DATA 	Keypress: 1
1351.6039 	DATA 	Keypress: 5
1351.7706 	DATA 	Keypress: 0
1352.5533 	DATA 	Mouse: Left button down, pos=(1013,211)
1352.5542 	EXP 	New trial (rep=3, index=14): <Trial 122 (14 in rep 3) data={'delay': 0.7, 'freq': 400, 'condition': 'unexp', 'thisN': 122, 'thisTrialN': 14, 'thisRepN': 3}>
1352.5693 	EXP 	text: autoDraw = False
1352.5693 	EXP 	textbox: autoDraw = False
1352.5693 	EXP 	polygon: autoDraw = True
1352.6364 	DATA 	Mouse:  Left button up, pos=(1013,211)
1353.5687 	INFO 	Keyboard events cleared
1353.5685 	EXP 	polygon: autoDraw = False
1353.5685 	EXP 	polygon_2: autoDraw = True
1353.9221 	DATA 	Keypress: space
1353.9347 	EXP 	polygon: autoDraw = False
1353.9347 	EXP 	polygon_2: autoDraw = False
1354.6178 	EXP 	Sound sound_1 reached end of file
1354.6341 	EXP 	Sound sound_1 started
1354.9242 	EXP 	Sound sound_1 stopped
1354.9453 	EXP 	text: autoDraw = True
1354.9453 	EXP 	textbox: autoDraw = True
1356.0332 	DATA 	Keypress: 3
1356.1745 	DATA 	Keypress: 0
1356.3068 	DATA 	Keypress: 0
1356.9061 	DATA 	Mouse: Left button down, pos=(1014,211)
1356.9165 	EXP 	New trial (rep=3, index=15): <Trial 123 (15 in rep 3) data={'delay': 0.7, 'freq': 1000, 'condition': 'exp', 'thisN': 123, 'thisTrialN': 15, 'thisRepN': 3}>
1356.9321 	EXP 	text: autoDraw = False
1356.9321 	EXP 	textbox: autoDraw = False
1356.9321 	EXP 	polygon: autoDraw = True
1356.9998 	DATA 	Mouse:  Left button up, pos=(1014,211)
1357.9312 	INFO 	Keyboard events cleared
1357.9310 	EXP 	polygon_2: autoDraw = True
1357.9476 	EXP 	polygon: autoDraw = False
1358.2186 	DATA 	Keypress: space
1358.2311 	EXP 	polygon: autoDraw = False
1358.2311 	EXP 	polygon_2: autoDraw = False
1358.9142 	EXP 	Sound sound_1 reached end of file
1358.9304 	EXP 	Sound sound_1 started
1359.2539 	EXP 	Sound sound_1 stopped
1359.2708 	EXP 	text: autoDraw = True
1359.2708 	EXP 	textbox: autoDraw = True
1359.7897 	DATA 	Keypress: 4
1360.2534 	DATA 	Keypress: 0
1360.3632 	DATA 	Keypress: 0
1361.9192 	DATA 	Mouse: Left button down, pos=(1003,207)
1361.9289 	EXP 	New trial (rep=3, index=16): <Trial 124 (16 in rep 3) data={'delay': 0.1, 'freq': 1000, 'condition': 'exp', 'thisN': 124, 'thisTrialN': 16, 'thisRepN': 3}>
1361.9441 	EXP 	text: autoDraw = False
1361.9441 	EXP 	textbox: autoDraw = False
1361.9441 	EXP 	polygon: autoDraw = True
1361.9785 	DATA 	Mouse:  Left button up, pos=(1002,208)
1362.9438 	INFO 	Keyboard events cleared
1362.9437 	EXP 	polygon: autoDraw = False
1362.9437 	EXP 	polygon_2: autoDraw = True
1395.2177 	DATA 	Keypress: space
1395.2489 	EXP 	polygon: autoDraw = False
1395.2489 	EXP 	polygon_2: autoDraw = False
1395.3320 	EXP 	Sound sound_1 reached end of file
1395.3485 	EXP 	Sound sound_1 started
1395.6056 	EXP 	Sound sound_1 reached end of file
1395.6156 	EXP 	Sound sound_1 reached end of file
1395.6386 	EXP 	text: autoDraw = True
1395.6386 	EXP 	textbox: autoDraw = True
1396.3448 	DATA 	Keypress: 1
1396.5147 	DATA 	Keypress: 0
1396.6256 	DATA 	Keypress: 0
1397.1973 	DATA 	Mouse: wheel shift=(0,1), pos=(982,218)
1397.4044 	DATA 	Mouse: Left button down, pos=(977,238)
1397.4155 	EXP 	New trial (rep=3, index=17): <Trial 125 (17 in rep 3) data={'delay': 0.1, 'freq': 1000, 'condition': 'exp', 'thisN': 125, 'thisTrialN': 17, 'thisRepN': 3}>
1397.4302 	EXP 	text: autoDraw = False
1397.4302 	EXP 	textbox: autoDraw = False
1397.4302 	EXP 	polygon: autoDraw = True
1397.4642 	DATA 	Mouse:  Left button up, pos=(977,239)
1398.4296 	INFO 	Keyboard events cleared
1398.4295 	EXP 	polygon: autoDraw = False
1398.4295 	EXP 	polygon_2: autoDraw = True
1399.6794 	DATA 	Keypress: space
1399.6944 	EXP 	polygon: autoDraw = False
1399.6944 	EXP 	polygon_2: autoDraw = False
1399.7612 	EXP 	Sound sound_1 reached end of file
1399.7776 	EXP 	Sound sound_1 started
1400.0951 	EXP 	Sound sound_1 stopped
1400.1197 	EXP 	text: autoDraw = True
1400.1197 	EXP 	textbox: autoDraw = True
1403.0924 	DATA 	Keypress: 1
1403.5326 	DATA 	Keypress: 0
1403.6992 	DATA 	Keypress: 0
1403.8989 	DATA 	Keypress: 0
1404.5915 	DATA 	Keypress: backspace
1405.2575 	DATA 	Mouse: Left button down, pos=(977,239)
1405.2583 	EXP 	New trial (rep=3, index=18): <Trial 126 (18 in rep 3) data={'delay': 0.1, 'freq': 1000, 'condition': 'exp', 'thisN': 126, 'thisTrialN': 18, 'thisRepN': 3}>
1405.2734 	EXP 	text: autoDraw = False
1405.2734 	EXP 	textbox: autoDraw = False
1405.2734 	EXP 	polygon: autoDraw = True
1405.3238 	DATA 	Mouse:  Left button up, pos=(977,239)
1406.2728 	INFO 	Keyboard events cleared
1406.2727 	EXP 	polygon: autoDraw = False
1406.2727 	EXP 	polygon_2: autoDraw = True
1407.2427 	DATA 	Keypress: space
1407.2549 	EXP 	polygon: autoDraw = False
1407.2549 	EXP 	polygon_2: autoDraw = False
1407.3220 	EXP 	Sound sound_1 reached end of file
1407.3383 	EXP 	Sound sound_1 started
1407.6234 	EXP 	Sound sound_1 reached end of file
1407.6488 	EXP 	text: autoDraw = True
1407.6488 	EXP 	textbox: autoDraw = True
1410.0159 	DATA 	Keypress: 1
1410.7025 	DATA 	Keypress: 5
1411.0689 	DATA 	Keypress: 0
1412.1682 	DATA 	Mouse: Left button down, pos=(977,239)
1412.1690 	EXP 	New trial (rep=3, index=19): <Trial 127 (19 in rep 3) data={'delay': 0.4, 'freq': 1000, 'condition': 'exp', 'thisN': 127, 'thisTrialN': 19, 'thisRepN': 3}>
1412.1840 	EXP 	text: autoDraw = False
1412.1840 	EXP 	textbox: autoDraw = False
1412.1840 	EXP 	polygon: autoDraw = True
1412.2017 	DATA 	Mouse:  Left button up, pos=(977,239)
1413.1835 	INFO 	Keyboard events cleared
1413.1833 	EXP 	polygon: autoDraw = False
1413.1833 	EXP 	polygon_2: autoDraw = True
1413.5208 	DATA 	Keypress: space
1413.5327 	EXP 	polygon: autoDraw = False
1413.5327 	EXP 	polygon_2: autoDraw = False
1413.9161 	EXP 	Sound sound_1 reached end of file
1413.9324 	EXP 	Sound sound_1 started
1414.2568 	EXP 	Sound sound_1 stopped
1414.2805 	EXP 	text: autoDraw = True
1414.2805 	EXP 	textbox: autoDraw = True
1415.0154 	DATA 	Keypress: 2
1415.6556 	DATA 	Keypress: 0
1415.7983 	DATA 	Keypress: 0
1416.6048 	DATA 	Mouse: Left button down, pos=(977,239)
1416.6149 	EXP 	New trial (rep=3, index=20): <Trial 128 (20 in rep 3) data={'delay': 0.4, 'freq': 400, 'condition': 'unexp', 'thisN': 128, 'thisTrialN': 20, 'thisRepN': 3}>
1416.6302 	EXP 	text: autoDraw = False
1416.6302 	EXP 	textbox: autoDraw = False
1416.6302 	EXP 	polygon: autoDraw = True
1416.7143 	DATA 	Mouse:  Left button up, pos=(977,239)
1417.6290 	INFO 	Keyboard events cleared
1417.6288 	EXP 	polygon_2: autoDraw = True
1417.6454 	EXP 	polygon: autoDraw = False
1418.6329 	DATA 	Keypress: space
1418.6447 	EXP 	polygon: autoDraw = False
1418.6447 	EXP 	polygon_2: autoDraw = False
1419.0120 	EXP 	Sound sound_1 reached end of file
1419.0283 	EXP 	Sound sound_1 started
1419.3259 	EXP 	Sound sound_1 stopped
1419.3505 	EXP 	text: autoDraw = True
1419.3505 	EXP 	textbox: autoDraw = True
1420.4048 	DATA 	Keypress: 3
1420.7437 	DATA 	Keypress: 0
1420.8601 	DATA 	Keypress: 0
1421.5433 	DATA 	Mouse: Left button down, pos=(977,239)
1421.5442 	EXP 	New trial (rep=3, index=21): <Trial 129 (21 in rep 3) data={'delay': 0.7, 'freq': 1000, 'condition': 'exp', 'thisN': 129, 'thisTrialN': 21, 'thisRepN': 3}>
1421.5593 	EXP 	text: autoDraw = False
1421.5593 	EXP 	textbox: autoDraw = False
1421.5593 	EXP 	polygon: autoDraw = True
1421.6268 	DATA 	Mouse:  Left button up, pos=(977,239)
1422.5587 	INFO 	Keyboard events cleared
1422.5585 	EXP 	polygon_2: autoDraw = True
1422.5751 	EXP 	polygon: autoDraw = False
1424.4445 	DATA 	Keypress: space
1424.4564 	EXP 	polygon: autoDraw = False
1424.4564 	EXP 	polygon_2: autoDraw = False
1424.4578 	DATA 	Keypress: b
1425.1398 	EXP 	Sound sound_1 reached end of file
1425.1561 	EXP 	Sound sound_1 started
1425.4318 	EXP 	Sound sound_1 reached end of file
1425.4618 	EXP 	text: autoDraw = True
1425.4618 	EXP 	textbox: autoDraw = True
1427.2881 	DATA 	Keypress: 2
1427.5545 	DATA 	Keypress: 0
1427.6711 	DATA 	Keypress: 0
1429.2696 	DATA 	Mouse: Left button down, pos=(977,238)
1429.2706 	EXP 	New trial (rep=3, index=22): <Trial 130 (22 in rep 3) data={'delay': 0.1, 'freq': 400, 'condition': 'unexp', 'thisN': 130, 'thisTrialN': 22, 'thisRepN': 3}>
1429.2858 	EXP 	text: autoDraw = False
1429.2858 	EXP 	textbox: autoDraw = False
1429.2858 	EXP 	polygon: autoDraw = True
1429.3867 	DATA 	Mouse:  Left button up, pos=(979,238)
1430.2852 	INFO 	Keyboard events cleared
1430.2851 	EXP 	polygon: autoDraw = False
1430.2851 	EXP 	polygon_2: autoDraw = True
1431.9549 	DATA 	Keypress: space
1431.9667 	EXP 	polygon: autoDraw = False
1431.9667 	EXP 	polygon_2: autoDraw = False
1432.0501 	EXP 	Sound sound_1 reached end of file
1432.0664 	EXP 	Sound sound_1 started
1432.3472 	EXP 	Sound sound_1 reached end of file
1432.3683 	EXP 	text: autoDraw = True
1432.3683 	EXP 	textbox: autoDraw = True
1435.5910 	DATA 	Keypress: 1
1436.0802 	DATA 	Keypress: 5
1436.3702 	DATA 	Keypress: 0
1437.2962 	DATA 	Mouse: Left button down, pos=(979,238)
1437.2971 	EXP 	New trial (rep=3, index=23): <Trial 131 (23 in rep 3) data={'delay': 0.4, 'freq': 1000, 'condition': 'exp', 'thisN': 131, 'thisTrialN': 23, 'thisRepN': 3}>
1437.3118 	EXP 	text: autoDraw = False
1437.3118 	EXP 	textbox: autoDraw = False
1437.3118 	EXP 	polygon: autoDraw = True
1437.3798 	DATA 	Mouse:  Left button up, pos=(979,238)
1438.3115 	INFO 	Keyboard events cleared
1438.3113 	EXP 	polygon: autoDraw = False
1438.3113 	EXP 	polygon_2: autoDraw = True
1438.6155 	DATA 	Keypress: space
1438.6277 	EXP 	polygon: autoDraw = False
1438.6277 	EXP 	polygon_2: autoDraw = False
1439.0110 	EXP 	Sound sound_1 reached end of file
1439.0273 	EXP 	Sound sound_1 started
1439.3371 	EXP 	Sound sound_1 stopped
1439.3615 	EXP 	text: autoDraw = True
1439.3615 	EXP 	textbox: autoDraw = True
1439.9916 	DATA 	Keypress: 3
1441.5088 	DATA 	Keypress: 0
1441.6926 	DATA 	Keypress: 0
1442.3417 	DATA 	Mouse: wheel shift=(0,1), pos=(980,238)
1442.5750 	DATA 	Mouse: Left button down, pos=(982,238)
1442.5759 	EXP 	New trial (rep=3, index=24): <Trial 132 (24 in rep 3) data={'delay': 0.4, 'freq': 1000, 'condition': 'exp', 'thisN': 132, 'thisTrialN': 24, 'thisRepN': 3}>
1442.5909 	EXP 	text: autoDraw = False
1442.5909 	EXP 	textbox: autoDraw = False
1442.5909 	EXP 	polygon: autoDraw = True
1442.6753 	DATA 	Mouse:  Left button up, pos=(982,238)
1443.5901 	INFO 	Keyboard events cleared
1443.5899 	EXP 	polygon: autoDraw = False
1443.5899 	EXP 	polygon_2: autoDraw = True
1445.0430 	DATA 	Keypress: space
1445.0554 	EXP 	polygon: autoDraw = False
1445.0554 	EXP 	polygon_2: autoDraw = False
1445.4222 	EXP 	Sound sound_1 reached end of file
1445.4385 	EXP 	Sound sound_1 started
1445.7549 	EXP 	Sound sound_1 stopped
1445.7793 	EXP 	text: autoDraw = True
1445.7793 	EXP 	textbox: autoDraw = True
1446.5020 	DATA 	Keypress: 2
1446.8711 	DATA 	Keypress: 0
1446.9941 	DATA 	Keypress: 0
1447.5944 	DATA 	Mouse: Left button down, pos=(982,238)
1447.6044 	EXP 	New trial (rep=3, index=25): <Trial 133 (25 in rep 3) data={'delay': 0.4, 'freq': 400, 'condition': 'unexp', 'thisN': 133, 'thisTrialN': 25, 'thisRepN': 3}>
1447.6198 	EXP 	text: autoDraw = False
1447.6198 	EXP 	textbox: autoDraw = False
1447.6198 	EXP 	polygon: autoDraw = True
1447.6709 	DATA 	Mouse:  Left button up, pos=(982,238)
1448.6190 	INFO 	Keyboard events cleared
1448.6188 	EXP 	polygon_2: autoDraw = True
1448.6357 	EXP 	polygon: autoDraw = False
1448.9717 	DATA 	Keypress: space
1449.0018 	EXP 	polygon: autoDraw = False
1449.0018 	EXP 	polygon_2: autoDraw = False
1449.3688 	EXP 	Sound sound_1 reached end of file
1449.3851 	EXP 	Sound sound_1 started
1449.6696 	EXP 	Sound sound_1 stopped
1449.6930 	EXP 	text: autoDraw = True
1449.6930 	EXP 	textbox: autoDraw = True
1450.4845 	DATA 	Keypress: 3
1450.8340 	DATA 	Keypress: 0
1450.9749 	DATA 	Keypress: 0
1451.5761 	DATA 	Mouse: Left button down, pos=(986,238)
1451.5849 	EXP 	New trial (rep=3, index=26): <Trial 134 (26 in rep 3) data={'delay': 0.1, 'freq': 1000, 'condition': 'exp', 'thisN': 134, 'thisTrialN': 26, 'thisRepN': 3}>
1451.5997 	EXP 	text: autoDraw = False
1451.5997 	EXP 	textbox: autoDraw = False
1451.5997 	EXP 	polygon: autoDraw = True
1451.6672 	DATA 	Mouse:  Left button up, pos=(986,238)
1452.5989 	INFO 	Keyboard events cleared
1452.5987 	EXP 	polygon: autoDraw = False
1452.5987 	EXP 	polygon_2: autoDraw = True
1456.3171 	DATA 	Keypress: space
1456.3290 	EXP 	polygon: autoDraw = False
1456.3290 	EXP 	polygon_2: autoDraw = False
1456.4122 	EXP 	Sound sound_1 reached end of file
1456.4285 	EXP 	Sound sound_1 started
1456.7572 	EXP 	Sound sound_1 stopped
1456.7734 	EXP 	text: autoDraw = True
1456.7734 	EXP 	textbox: autoDraw = True
1458.7118 	DATA 	Keypress: 2
1458.9108 	DATA 	Keypress: 0
1459.0505 	DATA 	Keypress: 0
1459.7103 	DATA 	Mouse: Left button down, pos=(991,237)
1459.7112 	EXP 	New trial (rep=3, index=27): <Trial 135 (27 in rep 3) data={'delay': 0.4, 'freq': 1000, 'condition': 'exp', 'thisN': 135, 'thisTrialN': 27, 'thisRepN': 3}>
1459.7259 	EXP 	text: autoDraw = False
1459.7259 	EXP 	textbox: autoDraw = False
1459.7259 	EXP 	polygon: autoDraw = True
1459.8099 	DATA 	Mouse:  Left button up, pos=(992,237)
1460.7254 	INFO 	Keyboard events cleared
1460.7252 	EXP 	polygon: autoDraw = False
1460.7252 	EXP 	polygon_2: autoDraw = True
1461.0124 	DATA 	Keypress: space
1461.0248 	EXP 	polygon: autoDraw = False
1461.0248 	EXP 	polygon_2: autoDraw = False
1461.4078 	EXP 	Sound sound_1 reached end of file
1461.4241 	EXP 	Sound sound_1 started
1461.7542 	EXP 	Sound sound_1 stopped
1461.7704 	EXP 	text: autoDraw = True
1461.7704 	EXP 	textbox: autoDraw = True
1462.6735 	DATA 	Keypress: 3
1462.8965 	DATA 	Keypress: 0
1463.0236 	DATA 	Keypress: 0
1463.8234 	DATA 	Mouse: Left button down, pos=(993,236)
1463.8242 	EXP 	New trial (rep=3, index=28): <Trial 136 (28 in rep 3) data={'delay': 0.1, 'freq': 400, 'condition': 'unexp', 'thisN': 136, 'thisTrialN': 28, 'thisRepN': 3}>
1463.8388 	EXP 	text: autoDraw = False
1463.8388 	EXP 	textbox: autoDraw = False
1463.8388 	EXP 	polygon: autoDraw = True
1463.9062 	DATA 	Mouse:  Left button up, pos=(995,235)
1464.8381 	INFO 	Keyboard events cleared
1464.8380 	EXP 	polygon: autoDraw = False
1464.8380 	EXP 	polygon_2: autoDraw = True
1465.3258 	DATA 	Keypress: space
1465.3372 	EXP 	polygon: autoDraw = False
1465.3372 	EXP 	polygon_2: autoDraw = False
1465.4049 	EXP 	Sound sound_1 reached end of file
1465.4212 	EXP 	Sound sound_1 started
1465.6812 	EXP 	Sound sound_1 reached end of file
1465.6879 	EXP 	Sound sound_1 reached end of file
1465.7106 	EXP 	text: autoDraw = True
1465.7106 	EXP 	textbox: autoDraw = True
1466.5674 	DATA 	Keypress: 2
1466.8702 	DATA 	Keypress: 0
1467.0535 	DATA 	Keypress: 0
1467.9694 	DATA 	Mouse: Left button down, pos=(995,235)
1467.9703 	EXP 	New trial (rep=3, index=29): <Trial 137 (29 in rep 3) data={'delay': 0.7, 'freq': 400, 'condition': 'unexp', 'thisN': 137, 'thisTrialN': 29, 'thisRepN': 3}>
1467.9855 	EXP 	text: autoDraw = False
1467.9855 	EXP 	textbox: autoDraw = False
1467.9855 	EXP 	polygon: autoDraw = True
1468.0364 	DATA 	Mouse:  Left button up, pos=(995,235)
1468.9843 	INFO 	Keyboard events cleared
1468.9842 	EXP 	polygon: autoDraw = False
1468.9842 	EXP 	polygon_2: autoDraw = True
1472.2528 	DATA 	Keypress: space
1472.2651 	EXP 	polygon: autoDraw = False
1472.2651 	EXP 	polygon_2: autoDraw = False
1472.9480 	EXP 	Sound sound_1 reached end of file
1472.9642 	EXP 	Sound sound_1 started
1473.2573 	EXP 	Sound sound_1 stopped
1473.2791 	EXP 	text: autoDraw = True
1473.2791 	EXP 	textbox: autoDraw = True
1476.3747 	DATA 	Keypress: 3
1476.6189 	DATA 	Keypress: 0
1476.7699 	DATA 	Keypress: 0
1477.2449 	DATA 	Mouse: wheel shift=(0,1), pos=(995,235)
1477.3182 	DATA 	Mouse: wheel shift=(0,1), pos=(995,232)
1477.6342 	DATA 	Mouse: Left button down, pos=(994,226)
1477.6449 	EXP 	New trial (rep=3, index=30): <Trial 138 (30 in rep 3) data={'delay': 0.4, 'freq': 1000, 'condition': 'exp', 'thisN': 138, 'thisTrialN': 30, 'thisRepN': 3}>
1477.6598 	EXP 	text: autoDraw = False
1477.6598 	EXP 	textbox: autoDraw = False
1477.6598 	EXP 	polygon: autoDraw = True
1477.7274 	DATA 	Mouse:  Left button up, pos=(994,226)
1478.6598 	INFO 	Keyboard events cleared
1478.6596 	EXP 	polygon: autoDraw = False
1478.6596 	EXP 	polygon_2: autoDraw = True
1478.9636 	DATA 	Keypress: space
1478.9759 	EXP 	polygon: autoDraw = False
1478.9759 	EXP 	polygon_2: autoDraw = False
1479.3590 	EXP 	Sound sound_1 reached end of file
1479.3753 	EXP 	Sound sound_1 started
1479.6737 	EXP 	Sound sound_1 stopped
1479.6892 	EXP 	text: autoDraw = True
1479.6892 	EXP 	textbox: autoDraw = True
1480.6017 	DATA 	Keypress: 3
1480.8579 	DATA 	Keypress: 0
1480.9915 	DATA 	Keypress: 0
1481.6982 	DATA 	Mouse: Left button down, pos=(995,224)
1481.7082 	EXP 	New trial (rep=3, index=31): <Trial 139 (31 in rep 3) data={'delay': 0.4, 'freq': 400, 'condition': 'unexp', 'thisN': 139, 'thisTrialN': 31, 'thisRepN': 3}>
1481.7235 	EXP 	text: autoDraw = False
1481.7235 	EXP 	textbox: autoDraw = False
1481.7235 	EXP 	polygon: autoDraw = True
1481.8077 	DATA 	Mouse:  Left button up, pos=(995,224)
1482.7230 	INFO 	Keyboard events cleared
1482.7228 	EXP 	polygon: autoDraw = False
1482.7228 	EXP 	polygon_2: autoDraw = True
1483.4908 	DATA 	Keypress: n
1483.8429 	DATA 	Keypress: space
1483.8546 	EXP 	polygon: autoDraw = False
1483.8546 	EXP 	polygon_2: autoDraw = False
1484.2384 	EXP 	Sound sound_1 reached end of file
1484.2547 	EXP 	Sound sound_1 started
1484.4905 	EXP 	Sound sound_1 reached end of file
1484.5047 	EXP 	Sound sound_1 reached end of file
1484.5322 	EXP 	text: autoDraw = True
1484.5322 	EXP 	textbox: autoDraw = True
1486.2366 	DATA 	Keypress: 2
1486.4271 	DATA 	Keypress: 5
1486.6604 	DATA 	Keypress: 0
1487.5425 	DATA 	Mouse: Left button down, pos=(995,224)
1487.5530 	EXP 	New trial (rep=3, index=32): <Trial 140 (32 in rep 3) data={'delay': 0.4, 'freq': 1000, 'condition': 'exp', 'thisN': 140, 'thisTrialN': 32, 'thisRepN': 3}>
1487.5684 	EXP 	text: autoDraw = False
1487.5684 	EXP 	textbox: autoDraw = False
1487.5684 	EXP 	polygon: autoDraw = True
1487.6860 	DATA 	Mouse:  Left button up, pos=(995,224)
1488.5675 	INFO 	Keyboard events cleared
1488.5673 	EXP 	polygon_2: autoDraw = True
1488.5839 	EXP 	polygon: autoDraw = False
1489.2860 	DATA 	Keypress: space
1489.3165 	EXP 	polygon: autoDraw = False
1489.3165 	EXP 	polygon_2: autoDraw = False
1489.6999 	EXP 	Sound sound_1 reached end of file
1489.7162 	EXP 	Sound sound_1 started
1490.0038 	EXP 	Sound sound_1 stopped
1490.0165 	EXP 	text: autoDraw = True
1490.0165 	EXP 	textbox: autoDraw = True
1491.0159 	DATA 	Keypress: 4
1491.4154 	DATA 	Keypress: 0
1491.5486 	DATA 	Keypress: 0
1492.1318 	DATA 	Mouse: Left button down, pos=(1004,169)
1492.1327 	EXP 	New trial (rep=3, index=33): <Trial 141 (33 in rep 3) data={'delay': 0.4, 'freq': 1000, 'condition': 'exp', 'thisN': 141, 'thisTrialN': 33, 'thisRepN': 3}>
1492.1473 	EXP 	text: autoDraw = False
1492.1473 	EXP 	textbox: autoDraw = False
1492.1473 	EXP 	polygon: autoDraw = True
1492.2486 	DATA 	Mouse:  Left button up, pos=(985,154)
1493.1472 	INFO 	Keyboard events cleared
1493.1470 	EXP 	polygon: autoDraw = False
1493.1470 	EXP 	polygon_2: autoDraw = True
1494.8336 	DATA 	Keypress: space
1494.8456 	EXP 	polygon: autoDraw = False
1494.8456 	EXP 	polygon_2: autoDraw = False
1495.2286 	EXP 	Sound sound_1 reached end of file
1495.2449 	EXP 	Sound sound_1 started
1495.5090 	EXP 	Sound sound_1 reached end of file
1495.5120 	EXP 	Sound sound_1 reached end of file
1495.5282 	EXP 	text: autoDraw = True
1495.5282 	EXP 	textbox: autoDraw = True
1496.5569 	DATA 	Keypress: 3
1497.1938 	DATA 	Keypress: 0
1498.3000 	DATA 	Keypress: 0
1499.0255 	DATA 	Mouse: Left button down, pos=(964,201)
1499.0263 	EXP 	New trial (rep=3, index=34): <Trial 142 (34 in rep 3) data={'delay': 0.7, 'freq': 1000, 'condition': 'exp', 'thisN': 142, 'thisTrialN': 34, 'thisRepN': 3}>
1499.0413 	EXP 	text: autoDraw = False
1499.0413 	EXP 	textbox: autoDraw = False
1499.0413 	EXP 	polygon: autoDraw = True
1499.1255 	DATA 	Mouse:  Left button up, pos=(964,201)
1500.0409 	INFO 	Keyboard events cleared
1500.0407 	EXP 	polygon: autoDraw = False
1500.0407 	EXP 	polygon_2: autoDraw = True
1500.3782 	DATA 	Keypress: space
1500.3906 	EXP 	polygon: autoDraw = False
1500.3906 	EXP 	polygon_2: autoDraw = False
1501.0736 	EXP 	Sound sound_1 reached end of file
1501.0899 	EXP 	Sound sound_1 started
1501.3572 	EXP 	Sound sound_1 reached end of file
1501.3610 	EXP 	Sound sound_1 reached end of file
1501.3815 	EXP 	text: autoDraw = True
1501.3815 	EXP 	textbox: autoDraw = True
1502.8888 	DATA 	Keypress: 5
1503.0790 	DATA 	Keypress: 0
1503.2122 	DATA 	Keypress: 0
1504.1447 	DATA 	Mouse: Left button down, pos=(964,201)
1504.1553 	EXP 	New trial (rep=3, index=35): <Trial 143 (35 in rep 3) data={'delay': 0.7, 'freq': 1000, 'condition': 'exp', 'thisN': 143, 'thisTrialN': 35, 'thisRepN': 3}>
1504.1703 	EXP 	text: autoDraw = False
1504.1703 	EXP 	textbox: autoDraw = False
1504.1703 	EXP 	polygon: autoDraw = True
1504.2046 	DATA 	Mouse:  Left button up, pos=(965,201)
1505.1697 	INFO 	Keyboard events cleared
1505.1695 	EXP 	polygon: autoDraw = False
1505.1695 	EXP 	polygon_2: autoDraw = True
1505.4573 	DATA 	Keypress: space
1505.4695 	EXP 	polygon: autoDraw = False
1505.4695 	EXP 	polygon_2: autoDraw = False
1506.1523 	EXP 	Sound sound_1 reached end of file
1506.1686 	EXP 	Sound sound_1 started
1506.4354 	EXP 	Sound sound_1 reached end of file
1506.4387 	EXP 	Sound sound_1 reached end of file
1506.4532 	EXP 	text: autoDraw = True
1506.4532 	EXP 	textbox: autoDraw = True
1507.8329 	DATA 	Keypress: 3
1508.2844 	DATA 	Keypress: backspace
1508.4176 	DATA 	Keypress: 2
1508.5343 	DATA 	Keypress: 0
1508.6670 	DATA 	Keypress: 0
1509.3521 	DATA 	Mouse: Left button down, pos=(966,199)
1509.3529 	EXP 	New trial (rep=4, index=0): <Trial 144 (0 in rep 4) data={'delay': 0.4, 'freq': 1000, 'condition': 'exp', 'thisN': 144, 'thisTrialN': 0, 'thisRepN': 4}>
1509.3658 	EXP 	text: autoDraw = False
1509.3658 	EXP 	textbox: autoDraw = False
1509.3658 	EXP 	polygon: autoDraw = True
1509.4834 	DATA 	Mouse:  Left button up, pos=(966,199)
1510.3656 	INFO 	Keyboard events cleared
1510.3654 	EXP 	polygon: autoDraw = False
1510.3654 	EXP 	polygon_2: autoDraw = True
1515.1323 	DATA 	Keypress: space
1515.1444 	EXP 	polygon: autoDraw = False
1515.1444 	EXP 	polygon_2: autoDraw = False
1515.5278 	EXP 	Sound sound_1 reached end of file
1515.5441 	EXP 	Sound sound_1 started
1515.8324 	EXP 	Sound sound_1 stopped
1515.8568 	EXP 	text: autoDraw = True
1515.8568 	EXP 	textbox: autoDraw = True
1516.6566 	DATA 	Keypress: 4
1516.9100 	DATA 	Keypress: 0
1517.0267 	DATA 	Keypress: 0
1517.7264 	DATA 	Mouse: Left button down, pos=(966,199)
1517.7272 	EXP 	New trial (rep=4, index=1): <Trial 145 (1 in rep 4) data={'delay': 0.1, 'freq': 1000, 'condition': 'exp', 'thisN': 145, 'thisTrialN': 1, 'thisRepN': 4}>
1517.7421 	EXP 	text: autoDraw = False
1517.7421 	EXP 	textbox: autoDraw = False
1517.7421 	EXP 	polygon: autoDraw = True
1517.8426 	DATA 	Mouse:  Left button up, pos=(966,199)
1518.7409 	INFO 	Keyboard events cleared
1518.7408 	EXP 	polygon_2: autoDraw = True
1518.7574 	EXP 	polygon: autoDraw = False
1519.1107 	DATA 	Keypress: space
1519.1237 	EXP 	polygon: autoDraw = False
1519.1237 	EXP 	polygon_2: autoDraw = False
1519.1905 	EXP 	Sound sound_1 reached end of file
1519.2069 	EXP 	Sound sound_1 started
1519.5052 	EXP 	Sound sound_1 stopped
1519.5279 	EXP 	text: autoDraw = True
1519.5279 	EXP 	textbox: autoDraw = True
1520.2996 	DATA 	Keypress: 1
1520.4970 	DATA 	Keypress: 0
1520.6153 	DATA 	Keypress: 0
1521.7467 	DATA 	Mouse: Left button down, pos=(966,199)
1521.7562 	EXP 	New trial (rep=4, index=2): <Trial 146 (2 in rep 4) data={'delay': 0.7, 'freq': 400, 'condition': 'unexp', 'thisN': 146, 'thisTrialN': 2, 'thisRepN': 4}>
1521.7718 	EXP 	text: autoDraw = False
1521.7718 	EXP 	textbox: autoDraw = False
1521.7718 	EXP 	polygon: autoDraw = True
1521.8561 	DATA 	Mouse:  Left button up, pos=(966,199)
1522.7707 	INFO 	Keyboard events cleared
1522.7706 	EXP 	polygon_2: autoDraw = True
1522.7872 	EXP 	polygon: autoDraw = False
1523.3566 	DATA 	Keypress: space
1523.3700 	EXP 	polygon: autoDraw = False
1523.3700 	EXP 	polygon_2: autoDraw = False
1524.0369 	EXP 	Sound sound_1 reached end of file
1524.0532 	EXP 	Sound sound_1 started
1524.3478 	EXP 	Sound sound_1 stopped
1524.3691 	EXP 	text: autoDraw = True
1524.3691 	EXP 	textbox: autoDraw = True
1525.4462 	DATA 	Keypress: 3
1525.6256 	DATA 	Keypress: 0
1525.7360 	DATA 	Keypress: 0
1526.4925 	DATA 	Mouse: Left button down, pos=(967,199)
1526.5023 	EXP 	New trial (rep=4, index=3): <Trial 147 (3 in rep 4) data={'delay': 0.1, 'freq': 1000, 'condition': 'exp', 'thisN': 147, 'thisTrialN': 3, 'thisRepN': 4}>
1526.5177 	EXP 	text: autoDraw = False
1526.5177 	EXP 	textbox: autoDraw = False
1526.5177 	EXP 	polygon: autoDraw = True
1526.5685 	DATA 	Mouse:  Left button up, pos=(967,199)
1527.5173 	INFO 	Keyboard events cleared
1527.5171 	EXP 	polygon: autoDraw = False
1527.5171 	EXP 	polygon_2: autoDraw = True
1527.7874 	DATA 	Keypress: space
1527.8001 	EXP 	polygon: autoDraw = False
1527.8001 	EXP 	polygon_2: autoDraw = False
1527.8834 	EXP 	Sound sound_1 reached end of file
1527.8997 	EXP 	Sound sound_1 started
1528.1981 	EXP 	Sound sound_1 stopped
1528.2214 	EXP 	text: autoDraw = True
1528.2214 	EXP 	textbox: autoDraw = True
1530.4317 	DATA 	Keypress: 1
1530.8551 	DATA 	Keypress: 5
1531.0482 	DATA 	Keypress: 0
1531.8306 	DATA 	Mouse: Left button down, pos=(975,203)
1531.8315 	EXP 	New trial (rep=4, index=4): <Trial 148 (4 in rep 4) data={'delay': 0.4, 'freq': 1000, 'condition': 'exp', 'thisN': 148, 'thisTrialN': 4, 'thisRepN': 4}>
1531.8465 	EXP 	text: autoDraw = False
1531.8465 	EXP 	textbox: autoDraw = False
1531.8465 	EXP 	polygon: autoDraw = True
1531.9136 	DATA 	Mouse:  Left button up, pos=(975,203)
1532.8455 	INFO 	Keyboard events cleared
1532.8453 	EXP 	polygon: autoDraw = False
1532.8453 	EXP 	polygon_2: autoDraw = True
1533.1164 	DATA 	Keypress: space
1533.1287 	EXP 	polygon: autoDraw = False
1533.1287 	EXP 	polygon_2: autoDraw = False
1533.5121 	EXP 	Sound sound_1 reached end of file
1533.5284 	EXP 	Sound sound_1 started
1533.8348 	EXP 	Sound sound_1 stopped
1533.8524 	EXP 	text: autoDraw = True
1533.8524 	EXP 	textbox: autoDraw = True
1534.7109 	DATA 	Keypress: 3
1535.0277 	DATA 	Keypress: 0
1535.1609 	DATA 	Keypress: 0
1535.9014 	DATA 	Mouse: Left button down, pos=(976,202)
1535.9108 	EXP 	New trial (rep=4, index=5): <Trial 149 (5 in rep 4) data={'delay': 0.4, 'freq': 1000, 'condition': 'exp', 'thisN': 149, 'thisTrialN': 5, 'thisRepN': 4}>
1535.9262 	EXP 	text: autoDraw = False
1535.9262 	EXP 	textbox: autoDraw = False
1535.9262 	EXP 	polygon: autoDraw = True
1535.9604 	DATA 	Mouse:  Left button up, pos=(976,199)
1536.9257 	INFO 	Keyboard events cleared
1536.9255 	EXP 	polygon: autoDraw = False
1536.9255 	EXP 	polygon_2: autoDraw = True
1537.2294 	DATA 	Keypress: space
1537.2418 	EXP 	polygon: autoDraw = False
1537.2418 	EXP 	polygon_2: autoDraw = False
1537.6245 	EXP 	Sound sound_1 reached end of file
1537.6409 	EXP 	Sound sound_1 started
1537.9206 	EXP 	Sound sound_1 reached end of file
1537.9461 	EXP 	text: autoDraw = True
1537.9461 	EXP 	textbox: autoDraw = True
1538.4917 	DATA 	Keypress: 2
1538.7409 	DATA 	Keypress: 0
1538.8639 	DATA 	Keypress: 0
1539.5572 	DATA 	Mouse: Left button down, pos=(978,198)
1539.5585 	EXP 	New trial (rep=4, index=6): <Trial 150 (6 in rep 4) data={'delay': 0.1, 'freq': 1000, 'condition': 'exp', 'thisN': 150, 'thisTrialN': 6, 'thisRepN': 4}>
1539.5732 	EXP 	text: autoDraw = False
1539.5732 	EXP 	textbox: autoDraw = False
1539.5732 	EXP 	polygon: autoDraw = True
1539.6073 	DATA 	Mouse:  Left button up, pos=(980,198)
1540.5726 	INFO 	Keyboard events cleared
1540.5723 	EXP 	polygon: autoDraw = False
1540.5723 	EXP 	polygon_2: autoDraw = True
1540.8405 	DATA 	Keypress: space
1540.8720 	EXP 	polygon: autoDraw = False
1540.8720 	EXP 	polygon_2: autoDraw = False
1540.9558 	EXP 	Sound sound_1 reached end of file
1540.9720 	EXP 	Sound sound_1 started
1541.2719 	EXP 	Sound sound_1 stopped
1541.2867 	EXP 	text: autoDraw = True
1541.2867 	EXP 	textbox: autoDraw = True
1541.7978 	DATA 	Keypress: 1
1541.9550 	DATA 	Keypress: 0
1542.0780 	DATA 	Keypress: 0
1542.7953 	DATA 	Mouse: Left button down, pos=(982,198)
1542.8049 	EXP 	New trial (rep=4, index=7): <Trial 151 (7 in rep 4) data={'delay': 0.1, 'freq': 1000, 'condition': 'exp', 'thisN': 151, 'thisTrialN': 7, 'thisRepN': 4}>
1542.8203 	EXP 	text: autoDraw = False
1542.8203 	EXP 	textbox: autoDraw = False
1542.8203 	EXP 	polygon: autoDraw = True
1542.9045 	DATA 	Mouse:  Left button up, pos=(982,198)
1543.8195 	INFO 	Keyboard events cleared
1543.8194 	EXP 	polygon: autoDraw = False
1543.8194 	EXP 	polygon_2: autoDraw = True
1544.3879 	DATA 	Keypress: space
1544.4185 	EXP 	polygon: autoDraw = False
1544.4185 	EXP 	polygon_2: autoDraw = False
1544.4859 	EXP 	Sound sound_1 reached end of file
1544.5022 	EXP 	Sound sound_1 started
1544.7553 	EXP 	Sound sound_1 reached end of file
1544.7689 	EXP 	Sound sound_1 reached end of file
1544.7924 	EXP 	text: autoDraw = True
1544.7924 	EXP 	textbox: autoDraw = True
1545.2445 	DATA 	Keypress: 1
1545.3751 	DATA 	Keypress: 0
1545.4928 	DATA 	Keypress: 0
1545.9515 	DATA 	Mouse: Left button down, pos=(988,198)
1545.9523 	EXP 	New trial (rep=4, index=8): <Trial 152 (8 in rep 4) data={'delay': 0.7, 'freq': 1000, 'condition': 'exp', 'thisN': 152, 'thisTrialN': 8, 'thisRepN': 4}>
1545.9675 	EXP 	text: autoDraw = False
1545.9675 	EXP 	textbox: autoDraw = False
1545.9675 	EXP 	polygon: autoDraw = True
1546.0518 	DATA 	Mouse:  Left button up, pos=(1023,143)
1546.9668 	INFO 	Keyboard events cleared
1546.9667 	EXP 	polygon: autoDraw = False
1546.9667 	EXP 	polygon_2: autoDraw = True
1547.3207 	DATA 	Keypress: space
1547.3326 	EXP 	polygon: autoDraw = False
1547.3326 	EXP 	polygon_2: autoDraw = False
1548.0158 	EXP 	Sound sound_1 reached end of file
1548.0321 	EXP 	Sound sound_1 started
1548.3338 	EXP 	Sound sound_1 stopped
1548.3568 	EXP 	text: autoDraw = True
1548.3568 	EXP 	textbox: autoDraw = True
1549.4817 	DATA 	Keypress: 3
1549.5814 	DATA 	Keypress: 0
1549.6891 	DATA 	Keypress: 0
1551.4302 	DATA 	Mouse: Left button down, pos=(1016,217)
1551.4311 	EXP 	New trial (rep=4, index=9): <Trial 153 (9 in rep 4) data={'delay': 0.4, 'freq': 1000, 'condition': 'exp', 'thisN': 153, 'thisTrialN': 9, 'thisRepN': 4}>
1551.4459 	EXP 	text: autoDraw = False
1551.4459 	EXP 	textbox: autoDraw = False
1551.4459 	EXP 	polygon: autoDraw = True
1551.4970 	DATA 	Mouse:  Left button up, pos=(1016,217)
1552.4449 	INFO 	Keyboard events cleared
1552.4448 	EXP 	polygon_2: autoDraw = True
1552.4614 	EXP 	polygon: autoDraw = False
1552.7299 	DATA 	Keypress: space
1552.7444 	EXP 	polygon: autoDraw = False
1552.7444 	EXP 	polygon_2: autoDraw = False
1553.1111 	EXP 	Sound sound_1 reached end of file
1553.1274 	EXP 	Sound sound_1 started
1553.4253 	EXP 	Sound sound_1 stopped
1553.4481 	EXP 	text: autoDraw = True
1553.4481 	EXP 	textbox: autoDraw = True
1554.4698 	DATA 	Keypress: 2
1554.6512 	DATA 	Keypress: 0
1554.7507 	DATA 	Keypress: 0
1555.4671 	DATA 	Mouse: Left button down, pos=(1016,217)
1555.4773 	EXP 	New trial (rep=4, index=10): <Trial 154 (10 in rep 4) data={'delay': 0.7, 'freq': 1000, 'condition': 'exp', 'thisN': 154, 'thisTrialN': 10, 'thisRepN': 4}>
1555.4922 	EXP 	text: autoDraw = False
1555.4922 	EXP 	textbox: autoDraw = False
1555.4922 	EXP 	polygon: autoDraw = True
1555.5766 	DATA 	Mouse:  Left button up, pos=(1016,217)
1556.4916 	INFO 	Keyboard events cleared
1556.4914 	EXP 	polygon: autoDraw = False
1556.4914 	EXP 	polygon_2: autoDraw = True
1557.0123 	DATA 	Keypress: space
1557.0243 	EXP 	polygon: autoDraw = False
1557.0243 	EXP 	polygon_2: autoDraw = False
1557.7078 	EXP 	Sound sound_1 reached end of file
1557.7241 	EXP 	Sound sound_1 started
1557.9991 	EXP 	Sound sound_1 reached end of file
1558.0241 	EXP 	text: autoDraw = True
1558.0241 	EXP 	textbox: autoDraw = True
1558.5570 	DATA 	Keypress: 4
1558.7405 	DATA 	Keypress: 0
1558.8568 	DATA 	Keypress: 0
1559.8790 	DATA 	Keypress: backspace
1560.0066 	DATA 	Keypress: backspace
1560.2725 	DATA 	Keypress: 5
1560.8955 	DATA 	Keypress: pageup
1561.7711 	DATA 	Keypress: 0
1562.8604 	DATA 	Mouse: Left button down, pos=(1040,230)
1562.8708 	EXP 	New trial (rep=4, index=11): <Trial 155 (11 in rep 4) data={'delay': 0.1, 'freq': 1000, 'condition': 'exp', 'thisN': 155, 'thisTrialN': 11, 'thisRepN': 4}>
1562.8861 	EXP 	text: autoDraw = False
1562.8861 	EXP 	textbox: autoDraw = False
1562.8861 	EXP 	polygon: autoDraw = True
1562.9705 	DATA 	Mouse:  Left button up, pos=(1040,230)
1563.8853 	INFO 	Keyboard events cleared
1563.8851 	EXP 	polygon_2: autoDraw = True
1563.9014 	EXP 	polygon: autoDraw = False
1566.5857 	DATA 	Keypress: space
1566.6163 	EXP 	polygon: autoDraw = False
1566.6163 	EXP 	polygon_2: autoDraw = False
1566.7000 	EXP 	Sound sound_1 reached end of file
1566.7163 	EXP 	Sound sound_1 started
1567.0025 	EXP 	Sound sound_1 reached end of file
1567.0267 	EXP 	text: autoDraw = True
1567.0267 	EXP 	textbox: autoDraw = True
1567.7778 	DATA 	Keypress: 1
1567.9427 	DATA 	Keypress: 0
1568.0491 	DATA 	Keypress: 0
1569.0556 	DATA 	Mouse: Left button down, pos=(1043,230)
1569.0652 	EXP 	New trial (rep=4, index=12): <Trial 156 (12 in rep 4) data={'delay': 0.4, 'freq': 1000, 'condition': 'exp', 'thisN': 156, 'thisTrialN': 12, 'thisRepN': 4}>
1569.0807 	EXP 	text: autoDraw = False
1569.0807 	EXP 	textbox: autoDraw = False
1569.0807 	EXP 	polygon: autoDraw = True
1569.1983 	DATA 	Mouse:  Left button up, pos=(1043,230)
1570.0802 	INFO 	Keyboard events cleared
1570.0800 	EXP 	polygon: autoDraw = False
1570.0800 	EXP 	polygon_2: autoDraw = True
1570.5503 	DATA 	Keypress: space
1570.5624 	EXP 	polygon: autoDraw = False
1570.5624 	EXP 	polygon_2: autoDraw = False
1570.9296 	EXP 	Sound sound_1 reached end of file
1570.9459 	EXP 	Sound sound_1 started
1571.2494 	EXP 	Sound sound_1 stopped
1571.2727 	EXP 	text: autoDraw = True
1571.2727 	EXP 	textbox: autoDraw = True
1571.9953 	DATA 	Keypress: 2
1572.0951 	DATA 	Keypress: 0
1572.2120 	DATA 	Keypress: 0
1572.6280 	DATA 	Mouse: wheel shift=(0,1), pos=(1043,230)
1572.9114 	DATA 	Mouse: wheel shift=(0,1), pos=(1044,230)
1574.6429 	DATA 	Mouse: Left button down, pos=(1080,247)
1574.6438 	EXP 	New trial (rep=4, index=13): <Trial 157 (13 in rep 4) data={'delay': 0.4, 'freq': 1000, 'condition': 'exp', 'thisN': 157, 'thisTrialN': 13, 'thisRepN': 4}>
1574.6592 	EXP 	text: autoDraw = False
1574.6592 	EXP 	textbox: autoDraw = False
1574.6592 	EXP 	polygon: autoDraw = True
1574.7431 	DATA 	Mouse:  Left button up, pos=(1080,247)
1575.6583 	INFO 	Keyboard events cleared
1575.6582 	EXP 	polygon_2: autoDraw = True
1575.6748 	EXP 	polygon: autoDraw = False
1576.5289 	DATA 	Keypress: space
1576.5407 	EXP 	polygon: autoDraw = False
1576.5407 	EXP 	polygon_2: autoDraw = False
1576.9243 	EXP 	Sound sound_1 reached end of file
1576.9406 	EXP 	Sound sound_1 started
1577.2544 	EXP 	Sound sound_1 stopped
1577.2708 	EXP 	text: autoDraw = True
1577.2708 	EXP 	textbox: autoDraw = True
1578.4064 	DATA 	Keypress: 2
1578.5232 	DATA 	Keypress: 0
1578.6233 	DATA 	Keypress: 0
1579.3460 	DATA 	Mouse: Left button down, pos=(1080,246)
1579.3563 	EXP 	New trial (rep=4, index=14): <Trial 158 (14 in rep 4) data={'delay': 0.7, 'freq': 1000, 'condition': 'exp', 'thisN': 158, 'thisTrialN': 14, 'thisRepN': 4}>
1579.3718 	EXP 	text: autoDraw = False
1579.3718 	EXP 	textbox: autoDraw = False
1579.3718 	EXP 	polygon: autoDraw = True
1579.4056 	DATA 	Mouse:  Left button up, pos=(1080,246)
1580.3709 	INFO 	Keyboard events cleared
1580.3707 	EXP 	polygon: autoDraw = False
1580.3707 	EXP 	polygon_2: autoDraw = True
1580.6387 	DATA 	Keypress: space
1580.6705 	EXP 	polygon: autoDraw = False
1580.6705 	EXP 	polygon_2: autoDraw = False
1581.3538 	EXP 	Sound sound_1 reached end of file
1581.3701 	EXP 	Sound sound_1 started
1581.6689 	EXP 	Sound sound_1 stopped
1581.6910 	EXP 	text: autoDraw = True
1581.6910 	EXP 	textbox: autoDraw = True
1582.2821 	DATA 	Keypress: 5
1582.6434 	DATA 	Keypress: 0
1582.7771 	DATA 	Keypress: 0
1584.5848 	DATA 	Mouse: Left button down, pos=(1084,245)
1584.5858 	EXP 	New trial (rep=4, index=15): <Trial 159 (15 in rep 4) data={'delay': 0.7, 'freq': 1000, 'condition': 'exp', 'thisN': 159, 'thisTrialN': 15, 'thisRepN': 4}>
1584.6001 	EXP 	text: autoDraw = False
1584.6001 	EXP 	textbox: autoDraw = False
1584.6001 	EXP 	polygon: autoDraw = True
1584.6848 	DATA 	Mouse:  Left button up, pos=(1084,245)
1585.5999 	INFO 	Keyboard events cleared
1585.5997 	EXP 	polygon: autoDraw = False
1585.5997 	EXP 	polygon_2: autoDraw = True
1586.5198 	DATA 	Keypress: space
1586.5322 	EXP 	polygon: autoDraw = False
1586.5322 	EXP 	polygon_2: autoDraw = False
1587.2153 	EXP 	Sound sound_1 reached end of file
1587.2317 	EXP 	Sound sound_1 started
1587.5094 	EXP 	Sound sound_1 reached end of file
1587.5316 	EXP 	text: autoDraw = True
1587.5316 	EXP 	textbox: autoDraw = True
1588.2145 	DATA 	Keypress: 5
1588.3980 	DATA 	Keypress: 9
1588.5145 	DATA 	Keypress: 9
1589.6038 	DATA 	Keypress: backspace
1589.7372 	DATA 	Keypress: backspace
1589.9036 	DATA 	Keypress: backspace
1590.7290 	DATA 	Keypress: 5
1591.0124 	DATA 	Keypress: 0
1591.1288 	DATA 	Keypress: 0
1592.0981 	DATA 	Mouse: Left button down, pos=(1086,245)
1592.0995 	EXP 	New trial (rep=4, index=16): <Trial 160 (16 in rep 4) data={'delay': 0.1, 'freq': 1000, 'condition': 'exp', 'thisN': 160, 'thisTrialN': 16, 'thisRepN': 4}>
1592.1105 	EXP 	text: autoDraw = False
1592.1105 	EXP 	textbox: autoDraw = False
1592.1105 	EXP 	polygon: autoDraw = True
1592.1449 	DATA 	Mouse:  Left button up, pos=(1086,245)
1593.1097 	INFO 	Keyboard events cleared
1593.1095 	EXP 	polygon: autoDraw = False
1593.1095 	EXP 	polygon_2: autoDraw = True
1593.4641 	DATA 	Keypress: space
1593.4759 	EXP 	polygon: autoDraw = False
1593.4759 	EXP 	polygon_2: autoDraw = False
1593.5432 	EXP 	Sound sound_1 reached end of file
1593.5595 	EXP 	Sound sound_1 started
1593.8466 	EXP 	Sound sound_1 stopped
1593.8672 	EXP 	text: autoDraw = True
1593.8672 	EXP 	textbox: autoDraw = True
1594.7089 	DATA 	Keypress: 2
1595.2749 	DATA 	Keypress: backspace
1595.5178 	DATA 	Keypress: 1
1595.8078 	DATA 	Keypress: 0
1595.9164 	DATA 	Keypress: 0
1596.8477 	DATA 	Mouse: Left button down, pos=(1089,245)
1596.8579 	EXP 	New trial (rep=4, index=17): <Trial 161 (17 in rep 4) data={'delay': 0.7, 'freq': 1000, 'condition': 'exp', 'thisN': 161, 'thisTrialN': 17, 'thisRepN': 4}>
1596.8729 	EXP 	text: autoDraw = False
1596.8729 	EXP 	textbox: autoDraw = False
1596.8729 	EXP 	polygon: autoDraw = True
1596.8739 	DATA 	Mouse:  Left button up, pos=(1089,245)
1597.8722 	INFO 	Keyboard events cleared
1597.8720 	EXP 	polygon: autoDraw = False
1597.8720 	EXP 	polygon_2: autoDraw = True
1598.1931 	DATA 	Keypress: space
1598.2055 	EXP 	polygon: autoDraw = False
1598.2055 	EXP 	polygon_2: autoDraw = False
1598.8884 	EXP 	Sound sound_1 reached end of file
1598.9047 	EXP 	Sound sound_1 started
1599.1891 	EXP 	Sound sound_1 reached end of file
1599.2066 	EXP 	text: autoDraw = True
1599.2066 	EXP 	textbox: autoDraw = True
1599.9050 	DATA 	Keypress: 4
1601.5863 	DATA 	Keypress: 5
1601.7270 	DATA 	Keypress: 0
1602.9352 	DATA 	Mouse: Left button down, pos=(1091,248)
1602.9361 	EXP 	New trial (rep=4, index=18): <Trial 162 (18 in rep 4) data={'delay': 0.7, 'freq': 400, 'condition': 'unexp', 'thisN': 162, 'thisTrialN': 18, 'thisRepN': 4}>
1602.9513 	EXP 	text: autoDraw = False
1602.9513 	EXP 	textbox: autoDraw = False
1602.9513 	EXP 	polygon: autoDraw = True
1603.0020 	DATA 	Mouse:  Left button up, pos=(1091,248)
1603.9508 	INFO 	Keyboard events cleared
1603.9506 	EXP 	polygon: autoDraw = False
1603.9506 	EXP 	polygon_2: autoDraw = True
1616.4613 	DATA 	Keypress: space
1616.4725 	EXP 	polygon: autoDraw = False
1616.4725 	EXP 	polygon_2: autoDraw = False
1617.1561 	EXP 	Sound sound_1 reached end of file
1617.1724 	EXP 	Sound sound_1 started
1617.4258 	EXP 	Sound sound_1 reached end of file
1617.4292 	EXP 	Sound sound_1 reached end of file
1617.4438 	EXP 	text: autoDraw = True
1617.4438 	EXP 	textbox: autoDraw = True
1618.8878 	DATA 	Keypress: 2
1619.3873 	DATA 	Keypress: 0
1619.5039 	DATA 	Keypress: 0
1620.4533 	DATA 	Mouse: Left button down, pos=(1091,248)
1620.4542 	EXP 	New trial (rep=4, index=19): <Trial 163 (19 in rep 4) data={'delay': 0.1, 'freq': 400, 'condition': 'unexp', 'thisN': 163, 'thisTrialN': 19, 'thisRepN': 4}>
1620.4691 	EXP 	text: autoDraw = False
1620.4691 	EXP 	textbox: autoDraw = False
1620.4691 	EXP 	polygon: autoDraw = True
1620.5204 	DATA 	Mouse:  Left button up, pos=(1091,248)
1621.4687 	INFO 	Keyboard events cleared
1621.4685 	EXP 	polygon: autoDraw = False
1621.4685 	EXP 	polygon_2: autoDraw = True
1623.0215 	DATA 	Keypress: space
1623.0338 	EXP 	polygon: autoDraw = False
1623.0338 	EXP 	polygon_2: autoDraw = False
1623.1008 	EXP 	Sound sound_1 reached end of file
1623.1171 	EXP 	Sound sound_1 started
1623.4008 	EXP 	Sound sound_1 stopped
1623.4257 	EXP 	text: autoDraw = True
1623.4257 	EXP 	textbox: autoDraw = True
1624.3000 	DATA 	Keypress: 1
1624.4500 	DATA 	Keypress: 0
1624.5736 	DATA 	Keypress: 0
1625.2898 	DATA 	Mouse: Left button down, pos=(1094,246)
1625.2998 	EXP 	New trial (rep=4, index=20): <Trial 164 (20 in rep 4) data={'delay': 0.1, 'freq': 400, 'condition': 'unexp', 'thisN': 164, 'thisTrialN': 20, 'thisRepN': 4}>
1625.3146 	EXP 	text: autoDraw = False
1625.3146 	EXP 	textbox: autoDraw = False
1625.3146 	EXP 	polygon: autoDraw = True
1625.3494 	DATA 	Mouse:  Left button up, pos=(1094,246)
1626.3147 	INFO 	Keyboard events cleared
1626.3145 	EXP 	polygon: autoDraw = False
1626.3145 	EXP 	polygon_2: autoDraw = True
1627.2342 	DATA 	Keypress: space
1627.2469 	EXP 	polygon: autoDraw = False
1627.2469 	EXP 	polygon_2: autoDraw = False
1627.3137 	EXP 	Sound sound_1 reached end of file
1627.3300 	EXP 	Sound sound_1 started
1627.6168 	EXP 	Sound sound_1 stopped
1627.6389 	EXP 	text: autoDraw = True
1627.6389 	EXP 	textbox: autoDraw = True
1628.3796 	DATA 	Keypress: 1
1628.8956 	DATA 	Keypress: 0
1629.0122 	DATA 	Keypress: 0
1630.0352 	DATA 	Mouse: Left button down, pos=(1096,243)
1630.0457 	EXP 	New trial (rep=4, index=21): <Trial 165 (21 in rep 4) data={'delay': 0.4, 'freq': 400, 'condition': 'unexp', 'thisN': 165, 'thisTrialN': 21, 'thisRepN': 4}>
1630.0610 	EXP 	text: autoDraw = False
1630.0610 	EXP 	textbox: autoDraw = False
1630.0610 	EXP 	polygon: autoDraw = True
1630.0786 	DATA 	Mouse:  Left button up, pos=(1096,243)
1631.0605 	INFO 	Keyboard events cleared
1631.0603 	EXP 	polygon: autoDraw = False
1631.0603 	EXP 	polygon_2: autoDraw = True
1631.4143 	DATA 	Keypress: space
1631.4265 	EXP 	polygon: autoDraw = False
1631.4265 	EXP 	polygon_2: autoDraw = False
1631.8097 	EXP 	Sound sound_1 reached end of file
1631.8259 	EXP 	Sound sound_1 started
1632.1191 	EXP 	Sound sound_1 stopped
1632.1392 	EXP 	text: autoDraw = True
1632.1392 	EXP 	textbox: autoDraw = True
1633.0590 	DATA 	Keypress: 2
1633.2256 	DATA 	Keypress: 0
1633.3153 	DATA 	Keypress: 0
1634.0250 	DATA 	Mouse: Left button down, pos=(1096,243)
1634.0258 	EXP 	New trial (rep=4, index=22): <Trial 166 (22 in rep 4) data={'delay': 0.4, 'freq': 1000, 'condition': 'exp', 'thisN': 166, 'thisTrialN': 22, 'thisRepN': 4}>
1634.0409 	EXP 	text: autoDraw = False
1634.0409 	EXP 	textbox: autoDraw = False
1634.0409 	EXP 	polygon: autoDraw = True
1634.1081 	DATA 	Mouse:  Left button up, pos=(1096,243)
1635.0401 	INFO 	Keyboard events cleared
1635.0399 	EXP 	polygon: autoDraw = False
1635.0399 	EXP 	polygon_2: autoDraw = True
1637.7576 	DATA 	Keypress: space
1637.7708 	EXP 	polygon: autoDraw = False
1637.7708 	EXP 	polygon_2: autoDraw = False
1638.1544 	EXP 	Sound sound_1 reached end of file
1638.1707 	EXP 	Sound sound_1 started
1638.4274 	EXP 	Sound sound_1 reached end of file
1638.4374 	EXP 	Sound sound_1 reached end of file
1638.4614 	EXP 	text: autoDraw = True
1638.4614 	EXP 	textbox: autoDraw = True
1639.3971 	DATA 	Keypress: 2
1639.5533 	DATA 	Keypress: 0
1640.0101 	DATA 	Keypress: 0
1641.5084 	DATA 	Mouse: Left button down, pos=(1096,243)
1641.5190 	EXP 	New trial (rep=4, index=23): <Trial 167 (23 in rep 4) data={'delay': 0.7, 'freq': 1000, 'condition': 'exp', 'thisN': 167, 'thisTrialN': 23, 'thisRepN': 4}>
1641.5343 	EXP 	text: autoDraw = False
1641.5343 	EXP 	textbox: autoDraw = False
1641.5343 	EXP 	polygon: autoDraw = True
1641.5849 	DATA 	Mouse:  Left button up, pos=(1096,243)
1642.5338 	INFO 	Keyboard events cleared
1642.5336 	EXP 	polygon: autoDraw = False
1642.5336 	EXP 	polygon_2: autoDraw = True
1643.6347 	DATA 	Keypress: space
1643.6658 	EXP 	polygon: autoDraw = False
1643.6658 	EXP 	polygon_2: autoDraw = False
1644.3491 	EXP 	Sound sound_1 reached end of file
1644.3654 	EXP 	Sound sound_1 started
1644.6746 	EXP 	Sound sound_1 stopped
1644.6924 	EXP 	text: autoDraw = True
1644.6924 	EXP 	textbox: autoDraw = True
1645.9108 	DATA 	Keypress: 3
1646.5040 	DATA 	Keypress: 0
1646.6214 	DATA 	Keypress: 0
1647.4800 	DATA 	Mouse: Left button down, pos=(1097,243)
1647.4809 	EXP 	New trial (rep=4, index=24): <Trial 168 (24 in rep 4) data={'delay': 0.4, 'freq': 400, 'condition': 'unexp', 'thisN': 168, 'thisTrialN': 24, 'thisRepN': 4}>
1647.4959 	EXP 	text: autoDraw = False
1647.4959 	EXP 	textbox: autoDraw = False
1647.4959 	EXP 	polygon: autoDraw = True
1647.5463 	DATA 	Mouse:  Left button up, pos=(1097,243)
1648.4946 	INFO 	Keyboard events cleared
1648.4945 	EXP 	polygon_2: autoDraw = True
1648.5112 	EXP 	polygon: autoDraw = False
1649.0657 	DATA 	Keypress: space
1649.0779 	EXP 	polygon: autoDraw = False
1649.0779 	EXP 	polygon_2: autoDraw = False
1649.4609 	EXP 	Sound sound_1 reached end of file
1649.4772 	EXP 	Sound sound_1 started
1649.7730 	EXP 	Sound sound_1 stopped
1649.7935 	EXP 	text: autoDraw = True
1649.7935 	EXP 	textbox: autoDraw = True
1650.6361 	DATA 	Keypress: 2
1650.8673 	DATA 	Keypress: 0
1650.9764 	DATA 	Keypress: 0
1651.5763 	DATA 	Mouse: Left button down, pos=(1097,243)
1651.5771 	EXP 	New trial (rep=4, index=25): <Trial 169 (25 in rep 4) data={'delay': 0.1, 'freq': 1000, 'condition': 'exp', 'thisN': 169, 'thisTrialN': 25, 'thisRepN': 4}>
1651.5918 	EXP 	text: autoDraw = False
1651.5918 	EXP 	textbox: autoDraw = False
1651.5918 	EXP 	polygon: autoDraw = True
1651.6600 	DATA 	Mouse:  Left button up, pos=(1097,243)
1652.5916 	INFO 	Keyboard events cleared
1652.5915 	EXP 	polygon: autoDraw = False
1652.5915 	EXP 	polygon_2: autoDraw = True
1653.0125 	DATA 	Keypress: space
1653.0243 	EXP 	polygon: autoDraw = False
1653.0243 	EXP 	polygon_2: autoDraw = False
1653.0909 	EXP 	Sound sound_1 reached end of file
1653.1072 	EXP 	Sound sound_1 started
1653.4012 	EXP 	Sound sound_1 stopped
1653.4192 	EXP 	text: autoDraw = True
1653.4192 	EXP 	textbox: autoDraw = True
1653.7909 	DATA 	Keypress: 1
1653.9642 	DATA 	Keypress: 0
1654.0908 	DATA 	Keypress: 0
1654.7477 	DATA 	Mouse: Left button down, pos=(1097,243)
1654.7574 	EXP 	New trial (rep=4, index=26): <Trial 170 (26 in rep 4) data={'delay': 0.4, 'freq': 1000, 'condition': 'exp', 'thisN': 170, 'thisTrialN': 26, 'thisRepN': 4}>
1654.7728 	EXP 	text: autoDraw = False
1654.7728 	EXP 	textbox: autoDraw = False
1654.7728 	EXP 	polygon: autoDraw = True
1654.8400 	DATA 	Mouse:  Left button up, pos=(1097,243)
1655.7723 	INFO 	Keyboard events cleared
1655.7721 	EXP 	polygon_2: autoDraw = True
1655.7887 	EXP 	polygon: autoDraw = False
1656.0426 	DATA 	Keypress: space
1656.0548 	EXP 	polygon: autoDraw = False
1656.0548 	EXP 	polygon_2: autoDraw = False
1656.4219 	EXP 	Sound sound_1 reached end of file
1656.4382 	EXP 	Sound sound_1 started
1656.7541 	EXP 	Sound sound_1 stopped
1656.7720 	EXP 	text: autoDraw = True
1656.7720 	EXP 	textbox: autoDraw = True
1657.6158 	DATA 	Keypress: 1
1657.8812 	DATA 	Keypress: 0
1657.9938 	DATA 	Keypress: 0
1659.4769 	DATA 	Keypress: backspace
1659.6358 	DATA 	Keypress: backspace
1659.7527 	DATA 	Keypress: backspace
1660.5784 	DATA 	Keypress: 1
1660.7084 	DATA 	Keypress: 0
1660.8416 	DATA 	Keypress: 0
1661.4754 	DATA 	Mouse: Left button down, pos=(1099,243)
1661.4850 	EXP 	New trial (rep=4, index=27): <Trial 171 (27 in rep 4) data={'delay': 0.1, 'freq': 1000, 'condition': 'exp', 'thisN': 171, 'thisTrialN': 27, 'thisRepN': 4}>
1661.5004 	EXP 	text: autoDraw = False
1661.5004 	EXP 	textbox: autoDraw = False
1661.5004 	EXP 	polygon: autoDraw = True
1661.5676 	DATA 	Mouse:  Left button up, pos=(1099,243)
1662.4997 	INFO 	Keyboard events cleared
1662.4995 	EXP 	polygon: autoDraw = False
1662.4995 	EXP 	polygon_2: autoDraw = True
1662.7535 	DATA 	Keypress: space
1662.7656 	EXP 	polygon: autoDraw = False
1662.7656 	EXP 	polygon_2: autoDraw = False
1662.8496 	EXP 	Sound sound_1 reached end of file
1662.8658 	EXP 	Sound sound_1 started
1663.1759 	EXP 	Sound sound_1 stopped
1663.2007 	EXP 	text: autoDraw = True
1663.2007 	EXP 	textbox: autoDraw = True
1663.6667 	DATA 	Keypress: 1
1663.7912 	DATA 	Keypress: 0
1663.8989 	DATA 	Keypress: 0
1664.6317 	DATA 	Mouse: Left button down, pos=(1099,243)
1664.6326 	EXP 	New trial (rep=4, index=28): <Trial 172 (28 in rep 4) data={'delay': 0.7, 'freq': 400, 'condition': 'unexp', 'thisN': 172, 'thisTrialN': 28, 'thisRepN': 4}>
1664.6476 	EXP 	text: autoDraw = False
1664.6476 	EXP 	textbox: autoDraw = False
1664.6476 	EXP 	polygon: autoDraw = True
1664.7317 	DATA 	Mouse:  Left button up, pos=(1099,243)
1665.6471 	INFO 	Keyboard events cleared
1665.6469 	EXP 	polygon: autoDraw = False
1665.6469 	EXP 	polygon_2: autoDraw = True
1665.9508 	DATA 	Keypress: space
1665.9631 	EXP 	polygon: autoDraw = False
1665.9631 	EXP 	polygon_2: autoDraw = False
1666.6463 	EXP 	Sound sound_1 reached end of file
1666.6626 	EXP 	Sound sound_1 started
1666.9293 	EXP 	Sound sound_1 reached end of file
1666.9329 	EXP 	Sound sound_1 reached end of file
1666.9555 	EXP 	text: autoDraw = True
1666.9555 	EXP 	textbox: autoDraw = True
1668.1614 	DATA 	Keypress: 2
1668.3850 	DATA 	Keypress: 0
1669.0010 	DATA 	Keypress: backspace
1669.1512 	DATA 	Keypress: 5
1669.2944 	DATA 	Keypress: 0
1669.7937 	DATA 	Keypress: return
1670.3599 	DATA 	Mouse: wheel shift=(0,1), pos=(1099,243)
1670.6335 	DATA 	Mouse: Left button down, pos=(1101,245)
1670.6437 	EXP 	New trial (rep=4, index=29): <Trial 173 (29 in rep 4) data={'delay': 0.4, 'freq': 400, 'condition': 'unexp', 'thisN': 173, 'thisTrialN': 29, 'thisRepN': 4}>
1670.6590 	EXP 	text: autoDraw = False
1670.6590 	EXP 	textbox: autoDraw = False
1670.6590 	EXP 	polygon: autoDraw = True
1670.7100 	DATA 	Mouse:  Left button up, pos=(1101,245)
1671.6582 	INFO 	Keyboard events cleared
1671.6580 	EXP 	polygon: autoDraw = False
1671.6580 	EXP 	polygon_2: autoDraw = True
1672.2432 	DATA 	Keypress: space
1672.2576 	EXP 	polygon: autoDraw = False
1672.2576 	EXP 	polygon_2: autoDraw = False
1672.6244 	EXP 	Sound sound_1 reached end of file
1672.6407 	EXP 	Sound sound_1 started
1672.9290 	EXP 	Sound sound_1 stopped
1672.9525 	EXP 	text: autoDraw = True
1672.9525 	EXP 	textbox: autoDraw = True
1673.4741 	DATA 	Keypress: 3
1673.6405 	DATA 	Keypress: 0
1673.7636 	DATA 	Keypress: 0
1674.2799 	DATA 	Mouse: Left button down, pos=(1101,245)
1674.2904 	EXP 	New trial (rep=4, index=30): <Trial 174 (30 in rep 4) data={'delay': 0.4, 'freq': 1000, 'condition': 'exp', 'thisN': 174, 'thisTrialN': 30, 'thisRepN': 4}>
1674.3053 	EXP 	text: autoDraw = False
1674.3053 	EXP 	textbox: autoDraw = False
1674.3053 	EXP 	polygon: autoDraw = True
1674.4068 	DATA 	Mouse:  Left button up, pos=(1101,245)
1675.3053 	INFO 	Keyboard events cleared
1675.3051 	EXP 	polygon: autoDraw = False
1675.3051 	EXP 	polygon_2: autoDraw = True
1675.7422 	DATA 	Keypress: space
1675.7545 	EXP 	polygon: autoDraw = False
1675.7545 	EXP 	polygon_2: autoDraw = False
1676.1379 	EXP 	Sound sound_1 reached end of file
1676.1543 	EXP 	Sound sound_1 started
1676.4311 	EXP 	Sound sound_1 reached end of file
1676.4600 	EXP 	text: autoDraw = True
1676.4600 	EXP 	textbox: autoDraw = True
1677.6033 	DATA 	Keypress: 1
1678.1095 	DATA 	Keypress: backspace
1678.2028 	DATA 	Keypress: 2
1678.5194 	DATA 	Keypress: 0
1678.6856 	DATA 	Keypress: 0
1679.1757 	DATA 	Mouse: wheel shift=(0,1), pos=(1110,249)
1679.3042 	DATA 	Mouse: Left button down, pos=(1144,264)
1679.3756 	DATA 	Mouse:  Left button up, pos=(1144,264)
1680.0016 	DATA 	Mouse: Left button down, pos=(1015,191)
1680.0024 	EXP 	New trial (rep=4, index=31): <Trial 175 (31 in rep 4) data={'delay': 0.7, 'freq': 1000, 'condition': 'exp', 'thisN': 175, 'thisTrialN': 31, 'thisRepN': 4}>
1680.0173 	EXP 	text: autoDraw = False
1680.0173 	EXP 	textbox: autoDraw = False
1680.0173 	EXP 	polygon: autoDraw = True
1680.0851 	DATA 	Mouse:  Left button up, pos=(1014,190)
1681.0166 	INFO 	Keyboard events cleared
1681.0164 	EXP 	polygon: autoDraw = False
1681.0164 	EXP 	polygon_2: autoDraw = True
1681.2359 	DATA 	Keypress: space
1681.2664 	EXP 	polygon: autoDraw = False
1681.2664 	EXP 	polygon_2: autoDraw = False
1681.9332 	EXP 	Sound sound_1 reached end of file
1681.9493 	EXP 	Sound sound_1 started
1682.2535 	EXP 	Sound sound_1 stopped
1682.2753 	EXP 	text: autoDraw = True
1682.2753 	EXP 	textbox: autoDraw = True
1683.0742 	DATA 	Keypress: 3
1683.3383 	DATA 	Keypress: 0
1683.4723 	DATA 	Keypress: 0
1684.2312 	DATA 	Mouse: Left button down, pos=(1014,190)
1684.2321 	EXP 	New trial (rep=4, index=32): <Trial 176 (32 in rep 4) data={'delay': 0.7, 'freq': 1000, 'condition': 'exp', 'thisN': 176, 'thisTrialN': 32, 'thisRepN': 4}>
1684.2471 	EXP 	text: autoDraw = False
1684.2471 	EXP 	textbox: autoDraw = False
1684.2471 	EXP 	polygon: autoDraw = True
1684.2815 	DATA 	Mouse:  Left button up, pos=(1014,190)
1685.2466 	INFO 	Keyboard events cleared
1685.2465 	EXP 	polygon: autoDraw = False
1685.2465 	EXP 	polygon_2: autoDraw = True
1688.1153 	DATA 	Keypress: space
1688.1273 	EXP 	polygon: autoDraw = False
1688.1273 	EXP 	polygon_2: autoDraw = False
1688.8103 	EXP 	Sound sound_1 reached end of file
1688.8266 	EXP 	Sound sound_1 started
1689.1112 	EXP 	Sound sound_1 reached end of file
1689.1397 	EXP 	text: autoDraw = True
1689.1397 	EXP 	textbox: autoDraw = True
1689.7261 	DATA 	Keypress: 4
1690.2925 	DATA 	Keypress: 0
1690.4164 	DATA 	Keypress: 0
1691.1922 	DATA 	Mouse: Left button down, pos=(1014,189)
1691.1930 	EXP 	New trial (rep=4, index=33): <Trial 177 (33 in rep 4) data={'delay': 0.1, 'freq': 400, 'condition': 'unexp', 'thisN': 177, 'thisTrialN': 33, 'thisRepN': 4}>
1691.2075 	EXP 	text: autoDraw = False
1691.2075 	EXP 	textbox: autoDraw = False
1691.2075 	EXP 	polygon: autoDraw = True
1691.3086 	DATA 	Mouse:  Left button up, pos=(1014,189)
1692.2074 	INFO 	Keyboard events cleared
1692.2072 	EXP 	polygon: autoDraw = False
1692.2072 	EXP 	polygon_2: autoDraw = True
1697.0743 	DATA 	Keypress: space
1697.0859 	EXP 	polygon: autoDraw = False
1697.0859 	EXP 	polygon_2: autoDraw = False
1697.1530 	EXP 	Sound sound_1 reached end of file
1697.1693 	EXP 	Sound sound_1 started
1697.4228 	EXP 	Sound sound_1 reached end of file
1697.4265 	EXP 	Sound sound_1 reached end of file
1697.4500 	EXP 	text: autoDraw = True
1697.4500 	EXP 	textbox: autoDraw = True
1702.9910 	DATA 	Keypress: 2
1703.1870 	DATA 	Keypress: 0
1703.3975 	DATA 	Keypress: 0
1703.9805 	DATA 	Keypress: return
1704.9530 	DATA 	Mouse: wheel shift=(0,1), pos=(1014,189)
1705.2463 	DATA 	Mouse: Left button down, pos=(1014,189)
1705.2471 	EXP 	New trial (rep=4, index=34): <Trial 178 (34 in rep 4) data={'delay': 0.1, 'freq': 1000, 'condition': 'exp', 'thisN': 178, 'thisTrialN': 34, 'thisRepN': 4}>
1705.2621 	EXP 	text: autoDraw = False
1705.2621 	EXP 	textbox: autoDraw = False
1705.2621 	EXP 	polygon: autoDraw = True
1705.2961 	DATA 	Mouse:  Left button up, pos=(1014,189)
1706.2615 	INFO 	Keyboard events cleared
1706.2613 	EXP 	polygon: autoDraw = False
1706.2613 	EXP 	polygon_2: autoDraw = True
1706.8317 	DATA 	Keypress: space
1706.8441 	EXP 	polygon: autoDraw = False
1706.8441 	EXP 	polygon_2: autoDraw = False
1706.9279 	EXP 	Sound sound_1 reached end of file
1706.9442 	EXP 	Sound sound_1 started
1707.2461 	EXP 	Sound sound_1 stopped
1707.2683 	EXP 	text: autoDraw = True
1707.2683 	EXP 	textbox: autoDraw = True
1710.1502 	DATA 	Keypress: 2
1710.4416 	DATA 	Keypress: 0
1710.5650 	DATA 	Keypress: 0
1711.2574 	DATA 	Mouse: Left button down, pos=(1014,189)
1711.2583 	EXP 	New trial (rep=4, index=35): <Trial 179 (35 in rep 4) data={'delay': 0.7, 'freq': 1000, 'condition': 'exp', 'thisN': 179, 'thisTrialN': 35, 'thisRepN': 4}>
1711.2734 	EXP 	text: autoDraw = False
1711.2734 	EXP 	textbox: autoDraw = False
1711.2734 	EXP 	polygon: autoDraw = True
1711.3579 	DATA 	Mouse:  Left button up, pos=(1014,189)
1712.2731 	INFO 	Keyboard events cleared
1712.2729 	EXP 	polygon: autoDraw = False
1712.2729 	EXP 	polygon_2: autoDraw = True
1713.2588 	DATA 	Keypress: space
1713.2718 	EXP 	polygon: autoDraw = False
1713.2718 	EXP 	polygon_2: autoDraw = False
1713.9546 	EXP 	Sound sound_1 reached end of file
1713.9709 	EXP 	Sound sound_1 started
1714.2575 	EXP 	Sound sound_1 stopped
1714.2733 	EXP 	text: autoDraw = True
1714.2733 	EXP 	textbox: autoDraw = True
1715.2453 	DATA 	Keypress: 3
1715.3874 	DATA 	Keypress: 0
1715.5204 	DATA 	Keypress: 0
1716.3033 	DATA 	Mouse: Left button down, pos=(1014,189)
1716.3042 	EXP 	New trial (rep=5, index=0): <Trial 180 (0 in rep 5) data={'delay': 0.1, 'freq': 1000, 'condition': 'exp', 'thisN': 180, 'thisTrialN': 0, 'thisRepN': 5}>
1716.3192 	EXP 	text: autoDraw = False
1716.3192 	EXP 	textbox: autoDraw = False
1716.3192 	EXP 	polygon: autoDraw = True
1716.4030 	DATA 	Mouse:  Left button up, pos=(1014,189)
1717.3187 	INFO 	Keyboard events cleared
1717.3185 	EXP 	polygon: autoDraw = False
1717.3185 	EXP 	polygon_2: autoDraw = True
1725.0165 	DATA 	Keypress: space
1725.0282 	EXP 	polygon: autoDraw = False
1725.0282 	EXP 	polygon_2: autoDraw = False
1725.0955 	EXP 	Sound sound_1 reached end of file
1725.1118 	EXP 	Sound sound_1 started
1725.3480 	EXP 	Sound sound_1 reached end of file
1725.3618 	EXP 	Sound sound_1 reached end of file
1725.3853 	EXP 	text: autoDraw = True
1725.3853 	EXP 	textbox: autoDraw = True
1727.4365 	DATA 	Keypress: 1
1727.5935 	DATA 	Keypress: 0
1727.7264 	DATA 	Keypress: 0
1728.5094 	DATA 	Mouse: Left button down, pos=(1014,189)
1728.5102 	EXP 	New trial (rep=5, index=1): <Trial 181 (1 in rep 5) data={'delay': 0.1, 'freq': 1000, 'condition': 'exp', 'thisN': 181, 'thisTrialN': 1, 'thisRepN': 5}>
1728.5252 	EXP 	text: autoDraw = False
1728.5252 	EXP 	textbox: autoDraw = False
1728.5252 	EXP 	polygon: autoDraw = True
1728.6259 	DATA 	Mouse:  Left button up, pos=(1014,189)
1729.5244 	INFO 	Keyboard events cleared
1729.5242 	EXP 	polygon: autoDraw = False
1729.5242 	EXP 	polygon_2: autoDraw = True
1730.2113 	DATA 	Keypress: space
1730.2235 	EXP 	polygon: autoDraw = False
1730.2235 	EXP 	polygon_2: autoDraw = False
1730.2907 	EXP 	Sound sound_1 reached end of file
1730.3070 	EXP 	Sound sound_1 started
1730.5945 	EXP 	Sound sound_1 stopped
1730.6123 	EXP 	text: autoDraw = True
1730.6123 	EXP 	textbox: autoDraw = True
1732.1226 	DATA 	Keypress: 1
1732.2964 	DATA 	Keypress: 0
1732.4223 	DATA 	Keypress: 0
1733.3051 	DATA 	Mouse: Left button down, pos=(1014,189)
1733.3059 	EXP 	New trial (rep=5, index=2): <Trial 182 (2 in rep 5) data={'delay': 0.4, 'freq': 1000, 'condition': 'exp', 'thisN': 182, 'thisTrialN': 2, 'thisRepN': 5}>
1733.3210 	EXP 	text: autoDraw = False
1733.3210 	EXP 	textbox: autoDraw = False
1733.3210 	EXP 	polygon: autoDraw = True
1733.4051 	DATA 	Mouse:  Left button up, pos=(1014,189)
1734.3202 	INFO 	Keyboard events cleared
1734.3200 	EXP 	polygon: autoDraw = False
1734.3200 	EXP 	polygon_2: autoDraw = True
1734.6909 	DATA 	Keypress: space
1734.7033 	EXP 	polygon: autoDraw = False
1734.7033 	EXP 	polygon_2: autoDraw = False
1735.0867 	EXP 	Sound sound_1 reached end of file
1735.1030 	EXP 	Sound sound_1 started
1735.3552 	EXP 	Sound sound_1 reached end of file
1735.3588 	EXP 	Sound sound_1 reached end of file
1735.3750 	EXP 	text: autoDraw = True
1735.3750 	EXP 	textbox: autoDraw = True
1736.5456 	DATA 	Keypress: 2
1736.6188 	DATA 	Keypress: 0
1736.7418 	DATA 	Keypress: 0
1737.3023 	DATA 	Mouse: Left button down, pos=(1016,189)
1737.3031 	EXP 	New trial (rep=5, index=3): <Trial 183 (3 in rep 5) data={'delay': 0.1, 'freq': 1000, 'condition': 'exp', 'thisN': 183, 'thisTrialN': 3, 'thisRepN': 5}>
1737.3173 	EXP 	text: autoDraw = False
1737.3173 	EXP 	textbox: autoDraw = False
1737.3173 	EXP 	polygon: autoDraw = True
1737.3852 	DATA 	Mouse:  Left button up, pos=(1016,189)
1738.3170 	INFO 	Keyboard events cleared
1738.3169 	EXP 	polygon: autoDraw = False
1738.3169 	EXP 	polygon_2: autoDraw = True
1738.8701 	DATA 	Keypress: space
1738.8825 	EXP 	polygon: autoDraw = False
1738.8825 	EXP 	polygon_2: autoDraw = False
1738.9499 	EXP 	Sound sound_1 reached end of file
1738.9662 	EXP 	Sound sound_1 started
1739.2664 	EXP 	Sound sound_1 stopped
1739.2878 	EXP 	text: autoDraw = True
1739.2878 	EXP 	textbox: autoDraw = True
1739.8791 	DATA 	Keypress: 1
1740.0049 	DATA 	Keypress: 0
1740.1154 	DATA 	Keypress: 0
1740.6488 	DATA 	Mouse: Left button down, pos=(1060,140)
1740.7653 	DATA 	Mouse:  Left button up, pos=(1060,140)
1741.6478 	DATA 	Mouse: Left button down, pos=(1060,263)
1741.6486 	EXP 	New trial (rep=5, index=4): <Trial 184 (4 in rep 5) data={'delay': 0.4, 'freq': 1000, 'condition': 'exp', 'thisN': 184, 'thisTrialN': 4, 'thisRepN': 5}>
1741.6638 	EXP 	text: autoDraw = False
1741.6638 	EXP 	textbox: autoDraw = False
1741.6638 	EXP 	polygon: autoDraw = True
1741.7309 	DATA 	Mouse:  Left button up, pos=(1060,263)
1742.6633 	INFO 	Keyboard events cleared
1742.6631 	EXP 	polygon_2: autoDraw = True
1742.6795 	EXP 	polygon: autoDraw = False
1745.1317 	DATA 	Keypress: space
1745.1440 	EXP 	polygon: autoDraw = False
1745.1440 	EXP 	polygon_2: autoDraw = False
1745.5110 	EXP 	Sound sound_1 reached end of file
1745.5272 	EXP 	Sound sound_1 started
1745.8249 	EXP 	Sound sound_1 stopped
1745.8408 	EXP 	text: autoDraw = True
1745.8408 	EXP 	textbox: autoDraw = True
1749.0177 	DATA 	Keypress: space
1751.2061 	DATA 	Keypress: 1
1751.5725 	DATA 	Keypress: 5
1751.7456 	DATA 	Keypress: 0
1752.5622 	DATA 	Mouse: Left button down, pos=(1060,263)
1752.5722 	EXP 	New trial (rep=5, index=5): <Trial 185 (5 in rep 5) data={'delay': 0.1, 'freq': 1000, 'condition': 'exp', 'thisN': 185, 'thisTrialN': 5, 'thisRepN': 5}>
1752.5876 	EXP 	text: autoDraw = False
1752.5876 	EXP 	textbox: autoDraw = False
1752.5876 	EXP 	polygon: autoDraw = True
1752.6550 	DATA 	Mouse:  Left button up, pos=(1060,263)
1753.5870 	INFO 	Keyboard events cleared
1753.5868 	EXP 	polygon: autoDraw = False
1753.5868 	EXP 	polygon_2: autoDraw = True
1754.1570 	DATA 	Keypress: space
1754.1696 	EXP 	polygon: autoDraw = False
1754.1696 	EXP 	polygon_2: autoDraw = False
1754.2533 	EXP 	Sound sound_1 reached end of file
1754.2696 	EXP 	Sound sound_1 started
1754.5975 	EXP 	Sound sound_1 stopped
1754.6217 	EXP 	text: autoDraw = True
1754.6217 	EXP 	textbox: autoDraw = True
1757.3969 	DATA 	Keypress: 2
1757.4910 	DATA 	Keypress: 0
1757.5946 	DATA 	Keypress: 0
1758.1501 	DATA 	Mouse: Left button down, pos=(1060,263)
1758.1510 	EXP 	New trial (rep=5, index=6): <Trial 186 (6 in rep 5) data={'delay': 0.7, 'freq': 1000, 'condition': 'exp', 'thisN': 186, 'thisTrialN': 6, 'thisRepN': 5}>
1758.1662 	EXP 	text: autoDraw = False
1758.1662 	EXP 	textbox: autoDraw = False
1758.1662 	EXP 	polygon: autoDraw = True
1758.1837 	DATA 	Mouse:  Left button up, pos=(1060,258)
1759.1655 	INFO 	Keyboard events cleared
1759.1653 	EXP 	polygon_2: autoDraw = True
1759.1820 	EXP 	polygon: autoDraw = False
1759.9688 	DATA 	Keypress: space
1759.9812 	EXP 	polygon: autoDraw = False
1759.9812 	EXP 	polygon_2: autoDraw = False
1760.6644 	EXP 	Sound sound_1 reached end of file
1760.6807 	EXP 	Sound sound_1 started
1760.9334 	EXP 	Sound sound_1 reached end of file
1760.9364 	EXP 	Sound sound_1 reached end of file
1760.9511 	EXP 	text: autoDraw = True
1760.9511 	EXP 	textbox: autoDraw = True
1762.1941 	DATA 	Keypress: 3
1762.6790 	DATA 	Keypress: 0
1762.8049 	DATA 	Keypress: 0
1763.4620 	DATA 	Mouse: Left button down, pos=(1060,257)
1763.4628 	EXP 	New trial (rep=5, index=7): <Trial 187 (7 in rep 5) data={'delay': 0.4, 'freq': 1000, 'condition': 'exp', 'thisN': 187, 'thisTrialN': 7, 'thisRepN': 5}>
1763.4778 	EXP 	text: autoDraw = False
1763.4778 	EXP 	textbox: autoDraw = False
1763.4778 	EXP 	polygon: autoDraw = True
1763.5458 	DATA 	Mouse:  Left button up, pos=(1060,257)
1764.4777 	INFO 	Keyboard events cleared
1764.4775 	EXP 	polygon: autoDraw = False
1764.4775 	EXP 	polygon_2: autoDraw = True
1764.8984 	DATA 	Keypress: space
1764.9100 	EXP 	polygon: autoDraw = False
1764.9100 	EXP 	polygon_2: autoDraw = False
1765.2937 	EXP 	Sound sound_1 reached end of file
1765.3100 	EXP 	Sound sound_1 started
1765.5957 	EXP 	Sound sound_1 stopped
1765.6125 	EXP 	text: autoDraw = True
1765.6125 	EXP 	textbox: autoDraw = True
1766.4868 	DATA 	Keypress: 2
1766.6330 	DATA 	Keypress: 0
1766.7662 	DATA 	Keypress: 0
1767.3254 	DATA 	Mouse: Left button down, pos=(1060,257)
1767.3265 	EXP 	New trial (rep=5, index=8): <Trial 188 (8 in rep 5) data={'delay': 0.4, 'freq': 1000, 'condition': 'exp', 'thisN': 188, 'thisTrialN': 8, 'thisRepN': 5}>
1767.3409 	EXP 	text: autoDraw = False
1767.3409 	EXP 	textbox: autoDraw = False
1767.3409 	EXP 	polygon: autoDraw = True
1767.4423 	DATA 	Mouse:  Left button up, pos=(1060,257)
1768.3409 	INFO 	Keyboard events cleared
1768.3407 	EXP 	polygon: autoDraw = False
1768.3407 	EXP 	polygon_2: autoDraw = True
1768.7948 	DATA 	Keypress: space
1768.8063 	EXP 	polygon: autoDraw = False
1768.8063 	EXP 	polygon_2: autoDraw = False
1769.1902 	EXP 	Sound sound_1 reached end of file
1769.2065 	EXP 	Sound sound_1 started
1769.4936 	EXP 	Sound sound_1 stopped
1769.5190 	EXP 	text: autoDraw = True
1769.5190 	EXP 	textbox: autoDraw = True
1770.3560 	DATA 	Keypress: 4
1770.9950 	DATA 	Keypress: 0
1771.1289 	DATA 	Keypress: 0
1772.3711 	DATA 	Mouse: Left button down, pos=(1060,257)
1772.3720 	EXP 	New trial (rep=5, index=9): <Trial 189 (9 in rep 5) data={'delay': 0.4, 'freq': 400, 'condition': 'unexp', 'thisN': 189, 'thisTrialN': 9, 'thisRepN': 5}>
1772.3869 	EXP 	text: autoDraw = False
1772.3869 	EXP 	textbox: autoDraw = False
1772.3869 	EXP 	polygon: autoDraw = True
1772.4379 	DATA 	Mouse:  Left button up, pos=(1060,257)
1773.3861 	INFO 	Keyboard events cleared
1773.3859 	EXP 	polygon: autoDraw = False
1773.3859 	EXP 	polygon_2: autoDraw = True
1773.9388 	DATA 	Keypress: space
1773.9524 	EXP 	polygon: autoDraw = False
1773.9524 	EXP 	polygon_2: autoDraw = False
1774.3191 	EXP 	Sound sound_1 reached end of file
1774.3354 	EXP 	Sound sound_1 started
1774.6044 	EXP 	Sound sound_1 reached end of file
1774.6409 	EXP 	text: autoDraw = True
1774.6409 	EXP 	textbox: autoDraw = True
1775.8684 	DATA 	Keypress: 3
1776.1179 	DATA 	Keypress: 0
1776.2513 	DATA 	Keypress: 0
1776.7172 	DATA 	Mouse: Left button down, pos=(1060,257)
1776.7181 	EXP 	New trial (rep=5, index=10): <Trial 190 (10 in rep 5) data={'delay': 0.7, 'freq': 1000, 'condition': 'exp', 'thisN': 190, 'thisTrialN': 10, 'thisRepN': 5}>
1776.7329 	EXP 	text: autoDraw = False
1776.7329 	EXP 	textbox: autoDraw = False
1776.7329 	EXP 	polygon: autoDraw = True
1776.8008 	DATA 	Mouse:  Left button up, pos=(1060,257)
1777.7323 	INFO 	Keyboard events cleared
1777.7322 	EXP 	polygon: autoDraw = False
1777.7322 	EXP 	polygon_2: autoDraw = True
1779.0193 	DATA 	Keypress: space
1779.0313 	EXP 	polygon: autoDraw = False
1779.0313 	EXP 	polygon_2: autoDraw = False
1779.7145 	EXP 	Sound sound_1 reached end of file
1779.7308 	EXP 	Sound sound_1 started
1780.0023 	EXP 	Sound sound_1 reached end of file
1780.0381 	EXP 	text: autoDraw = True
1780.0381 	EXP 	textbox: autoDraw = True
1780.8392 	DATA 	Keypress: 4
1781.0202 	DATA 	Keypress: 0
1781.1532 	DATA 	Keypress: 0
1781.6462 	DATA 	Mouse: Left button down, pos=(1060,257)
1781.6471 	EXP 	New trial (rep=5, index=11): <Trial 191 (11 in rep 5) data={'delay': 0.7, 'freq': 400, 'condition': 'unexp', 'thisN': 191, 'thisTrialN': 11, 'thisRepN': 5}>
1781.6622 	EXP 	text: autoDraw = False
1781.6622 	EXP 	textbox: autoDraw = False
1781.6622 	EXP 	polygon: autoDraw = True
1781.7300 	DATA 	Mouse:  Left button up, pos=(1060,257)
1782.6617 	INFO 	Keyboard events cleared
1782.6615 	EXP 	polygon: autoDraw = False
1782.6615 	EXP 	polygon_2: autoDraw = True
1783.1317 	DATA 	Keypress: space
1783.1443 	EXP 	polygon: autoDraw = False
1783.1443 	EXP 	polygon_2: autoDraw = False
1783.8276 	EXP 	Sound sound_1 reached end of file
1783.8439 	EXP 	Sound sound_1 started
1784.1151 	EXP 	Sound sound_1 reached end of file
1784.1438 	EXP 	text: autoDraw = True
1784.1438 	EXP 	textbox: autoDraw = True
1784.7436 	DATA 	Keypress: 5
1784.8766 	DATA 	Keypress: 0
1784.9838 	DATA 	Keypress: 0
1785.5597 	DATA 	Mouse: Left button down, pos=(1075,257)
1785.5606 	EXP 	New trial (rep=5, index=12): <Trial 192 (12 in rep 5) data={'delay': 0.4, 'freq': 1000, 'condition': 'exp', 'thisN': 192, 'thisTrialN': 12, 'thisRepN': 5}>
1785.5756 	EXP 	text: autoDraw = False
1785.5756 	EXP 	textbox: autoDraw = False
1785.5756 	EXP 	polygon: autoDraw = True
1785.6265 	DATA 	Mouse:  Left button up, pos=(1075,257)
1786.5750 	INFO 	Keyboard events cleared
1786.5748 	EXP 	polygon: autoDraw = False
1786.5748 	EXP 	polygon_2: autoDraw = True
1786.9622 	DATA 	Keypress: space
1786.9744 	EXP 	polygon: autoDraw = False
1786.9744 	EXP 	polygon_2: autoDraw = False
1787.3578 	EXP 	Sound sound_1 reached end of file
1787.3741 	EXP 	Sound sound_1 started
1787.6782 	EXP 	Sound sound_1 stopped
1787.6975 	EXP 	text: autoDraw = True
1787.6975 	EXP 	textbox: autoDraw = True
1788.2829 	DATA 	Keypress: 3
1788.5236 	DATA 	Keypress: 0
1788.6476 	DATA 	Keypress: 0
1789.5059 	DATA 	Mouse: Left button down, pos=(1077,257)
1789.5068 	EXP 	New trial (rep=5, index=13): <Trial 193 (13 in rep 5) data={'delay': 0.7, 'freq': 400, 'condition': 'unexp', 'thisN': 193, 'thisTrialN': 13, 'thisRepN': 5}>
1789.5220 	EXP 	text: autoDraw = False
1789.5220 	EXP 	textbox: autoDraw = False
1789.5220 	EXP 	polygon: autoDraw = True
1789.5397 	DATA 	Mouse:  Left button up, pos=(1077,257)
1790.5215 	INFO 	Keyboard events cleared
1790.5213 	EXP 	polygon: autoDraw = False
1790.5213 	EXP 	polygon_2: autoDraw = True
1791.5228 	DATA 	Keypress: space
1791.5370 	EXP 	polygon: autoDraw = False
1791.5370 	EXP 	polygon_2: autoDraw = False
1792.2201 	EXP 	Sound sound_1 reached end of file
1792.2364 	EXP 	Sound sound_1 started
1792.5012 	EXP 	Sound sound_1 reached end of file
1792.5048 	EXP 	Sound sound_1 reached end of file
1792.5284 	EXP 	text: autoDraw = True
1792.5284 	EXP 	textbox: autoDraw = True
1793.4698 	DATA 	Keypress: 2
1793.6024 	DATA 	Keypress: 0
1793.7355 	DATA 	Keypress: 0
1794.7183 	DATA 	Mouse: Left button down, pos=(921,168)
1794.7191 	EXP 	New trial (rep=5, index=14): <Trial 194 (14 in rep 5) data={'delay': 0.1, 'freq': 1000, 'condition': 'exp', 'thisN': 194, 'thisTrialN': 14, 'thisRepN': 5}>
1794.7344 	EXP 	text: autoDraw = False
1794.7344 	EXP 	textbox: autoDraw = False
1794.7344 	EXP 	polygon: autoDraw = True
1794.8022 	DATA 	Mouse:  Left button up, pos=(924,170)
1795.7337 	INFO 	Keyboard events cleared
1795.7335 	EXP 	polygon: autoDraw = False
1795.7335 	EXP 	polygon_2: autoDraw = True
1797.1509 	DATA 	Keypress: space
1797.1822 	EXP 	polygon: autoDraw = False
1797.1822 	EXP 	polygon_2: autoDraw = False
1797.2493 	EXP 	Sound sound_1 reached end of file
1797.2655 	EXP 	Sound sound_1 started
1797.5362 	EXP 	Sound sound_1 reached end of file
1797.5722 	EXP 	text: autoDraw = True
1797.5722 	EXP 	textbox: autoDraw = True
1798.6980 	DATA 	Keypress: 2
1798.7978 	DATA 	Keypress: 0
1798.9044 	DATA 	Keypress: 0
1799.6974 	DATA 	Mouse: Left button down, pos=(876,219)
1799.6983 	EXP 	New trial (rep=5, index=15): <Trial 195 (15 in rep 5) data={'delay': 0.7, 'freq': 1000, 'condition': 'exp', 'thisN': 195, 'thisTrialN': 15, 'thisRepN': 5}>
1799.7133 	EXP 	text: autoDraw = False
1799.7133 	EXP 	textbox: autoDraw = False
1799.7133 	EXP 	polygon: autoDraw = True
1799.7975 	DATA 	Mouse:  Left button up, pos=(876,219)
1800.3809 	DATA 	Keypress: space
1800.7124 	INFO 	Keyboard events cleared
1800.7122 	EXP 	polygon: autoDraw = False
1800.7122 	EXP 	polygon_2: autoDraw = True
1801.0162 	DATA 	Keypress: space
1801.0288 	EXP 	polygon: autoDraw = False
1801.0288 	EXP 	polygon_2: autoDraw = False
1801.7116 	EXP 	Sound sound_1 reached end of file
1801.7279 	EXP 	Sound sound_1 started
1802.0064 	EXP 	Sound sound_1 reached end of file
1802.0328 	EXP 	text: autoDraw = True
1802.0328 	EXP 	textbox: autoDraw = True
1803.9599 	DATA 	Keypress: 3
1804.1604 	DATA 	Keypress: 0
1804.2931 	DATA 	Keypress: 0
1804.6997 	DATA 	Mouse: wheel shift=(0,1), pos=(876,219)
1805.0927 	DATA 	Mouse: Left button down, pos=(907,230)
1805.0936 	EXP 	New trial (rep=5, index=16): <Trial 196 (16 in rep 5) data={'delay': 0.4, 'freq': 400, 'condition': 'unexp', 'thisN': 196, 'thisTrialN': 16, 'thisRepN': 5}>
1805.1086 	EXP 	text: autoDraw = False
1805.1086 	EXP 	textbox: autoDraw = False
1805.1086 	EXP 	polygon: autoDraw = True
1805.1428 	DATA 	Mouse:  Left button up, pos=(907,230)
1806.1080 	INFO 	Keyboard events cleared
1806.1078 	EXP 	polygon: autoDraw = False
1806.1078 	EXP 	polygon_2: autoDraw = True
1806.5784 	DATA 	Keypress: space
1806.5902 	EXP 	polygon: autoDraw = False
1806.5902 	EXP 	polygon_2: autoDraw = False
1806.9573 	EXP 	Sound sound_1 reached end of file
1806.9737 	EXP 	Sound sound_1 started
1807.2655 	EXP 	Sound sound_1 stopped
1807.2804 	EXP 	text: autoDraw = True
1807.2804 	EXP 	textbox: autoDraw = True
1807.8835 	DATA 	Keypress: 2
1808.5063 	DATA 	Keypress: 0
1808.6465 	DATA 	Keypress: 0
1809.4960 	DATA 	Mouse: Left button down, pos=(907,230)
1809.5057 	EXP 	New trial (rep=5, index=17): <Trial 197 (17 in rep 5) data={'delay': 0.4, 'freq': 1000, 'condition': 'exp', 'thisN': 197, 'thisTrialN': 17, 'thisRepN': 5}>
1809.5214 	EXP 	text: autoDraw = False
1809.5214 	EXP 	textbox: autoDraw = False
1809.5214 	EXP 	polygon: autoDraw = True
1809.6053 	DATA 	Mouse:  Left button up, pos=(907,230)
1810.5206 	INFO 	Keyboard events cleared
1810.5204 	EXP 	polygon: autoDraw = False
1810.5204 	EXP 	polygon_2: autoDraw = True
1811.1240 	DATA 	Keypress: space
1811.1367 	EXP 	polygon: autoDraw = False
1811.1367 	EXP 	polygon_2: autoDraw = False
1811.5034 	EXP 	Sound sound_1 reached end of file
1811.5197 	EXP 	Sound sound_1 started
1811.8337 	EXP 	Sound sound_1 stopped
1811.8604 	EXP 	text: autoDraw = True
1811.8604 	EXP 	textbox: autoDraw = True
1812.6358 	DATA 	Keypress: 2
1812.7767 	DATA 	Keypress: 0
1812.9191 	DATA 	Keypress: 0
1814.3845 	DATA 	Mouse: Left button down, pos=(969,192)
1814.3854 	EXP 	New trial (rep=5, index=18): <Trial 198 (18 in rep 5) data={'delay': 0.7, 'freq': 1000, 'condition': 'exp', 'thisN': 198, 'thisTrialN': 18, 'thisRepN': 5}>
1814.4001 	EXP 	text: autoDraw = False
1814.4001 	EXP 	textbox: autoDraw = False
1814.4001 	EXP 	polygon: autoDraw = True
1814.4681 	DATA 	Mouse:  Left button up, pos=(969,192)
1815.3999 	INFO 	Keyboard events cleared
1815.3997 	EXP 	polygon: autoDraw = False
1815.3997 	EXP 	polygon_2: autoDraw = True
1815.7706 	DATA 	Keypress: space
1815.7826 	EXP 	polygon: autoDraw = False
1815.7826 	EXP 	polygon_2: autoDraw = False
1816.4658 	EXP 	Sound sound_1 reached end of file
1816.4821 	EXP 	Sound sound_1 started
1816.7760 	EXP 	Sound sound_1 stopped
1816.7907 	EXP 	text: autoDraw = True
1816.7907 	EXP 	textbox: autoDraw = True
1817.4924 	DATA 	Keypress: 3
1817.7716 	DATA 	Keypress: 0
1817.8816 	DATA 	Keypress: 0
1818.4978 	DATA 	Mouse: Left button down, pos=(969,192)
1818.4987 	EXP 	New trial (rep=5, index=19): <Trial 199 (19 in rep 5) data={'delay': 0.7, 'freq': 1000, 'condition': 'exp', 'thisN': 199, 'thisTrialN': 19, 'thisRepN': 5}>
1818.5135 	EXP 	text: autoDraw = False
1818.5135 	EXP 	textbox: autoDraw = False
1818.5135 	EXP 	polygon: autoDraw = True
1818.5810 	DATA 	Mouse:  Left button up, pos=(969,192)
1819.5130 	INFO 	Keyboard events cleared
1819.5128 	EXP 	polygon_2: autoDraw = True
1819.5293 	EXP 	polygon: autoDraw = False
1820.7827 	DATA 	Keypress: space
1820.7950 	EXP 	polygon: autoDraw = False
1820.7950 	EXP 	polygon_2: autoDraw = False
1821.4780 	EXP 	Sound sound_1 reached end of file
1821.4943 	EXP 	Sound sound_1 started
1821.7658 	EXP 	Sound sound_1 reached end of file
1821.7945 	EXP 	text: autoDraw = True
1821.7945 	EXP 	textbox: autoDraw = True
1823.5352 	DATA 	Keypress: 3
1824.1152 	DATA 	Keypress: 0
1824.2427 	DATA 	Keypress: 0
1825.3918 	DATA 	Mouse: Left button down, pos=(970,192)
1825.3927 	EXP 	New trial (rep=5, index=20): <Trial 200 (20 in rep 5) data={'delay': 0.7, 'freq': 1000, 'condition': 'exp', 'thisN': 200, 'thisTrialN': 20, 'thisRepN': 5}>
1825.4076 	EXP 	text: autoDraw = False
1825.4076 	EXP 	textbox: autoDraw = False
1825.4076 	EXP 	polygon: autoDraw = True
1825.4418 	DATA 	Mouse:  Left button up, pos=(970,192)
1826.4066 	INFO 	Keyboard events cleared
1826.4064 	EXP 	polygon: autoDraw = False
1826.4064 	EXP 	polygon_2: autoDraw = True
1827.0902 	DATA 	Keypress: return
1827.7259 	DATA 	Keypress: space
1827.7389 	EXP 	polygon: autoDraw = False
1827.7389 	EXP 	polygon_2: autoDraw = False
1828.4218 	EXP 	Sound sound_1 reached end of file
1828.4381 	EXP 	Sound sound_1 started
1828.7446 	EXP 	Sound sound_1 stopped
1828.7696 	EXP 	text: autoDraw = True
1828.7696 	EXP 	textbox: autoDraw = True
1829.7138 	DATA 	Keypress: 3
1829.9441 	DATA 	Keypress: 0
1830.0708 	DATA 	Keypress: 0
1831.1366 	DATA 	Mouse: Left button down, pos=(970,192)
1831.1375 	EXP 	New trial (rep=5, index=21): <Trial 201 (21 in rep 5) data={'delay': 0.7, 'freq': 1000, 'condition': 'exp', 'thisN': 201, 'thisTrialN': 21, 'thisRepN': 5}>
1831.1525 	EXP 	text: autoDraw = False
1831.1525 	EXP 	textbox: autoDraw = False
1831.1525 	EXP 	polygon: autoDraw = True
1831.2035 	DATA 	Mouse:  Left button up, pos=(970,192)
1832.1519 	INFO 	Keyboard events cleared
1832.1518 	EXP 	polygon_2: autoDraw = True
1832.1681 	EXP 	polygon: autoDraw = False
1832.7216 	DATA 	Keypress: space
1832.7345 	EXP 	polygon: autoDraw = False
1832.7345 	EXP 	polygon_2: autoDraw = False
1833.4177 	EXP 	Sound sound_1 reached end of file
1833.4340 	EXP 	Sound sound_1 started
1833.7537 	EXP 	Sound sound_1 stopped
1833.7704 	EXP 	text: autoDraw = True
1833.7704 	EXP 	textbox: autoDraw = True
1834.9474 	DATA 	Keypress: 2
1835.1836 	DATA 	Keypress: 0
1835.3159 	DATA 	Keypress: 0
1836.0729 	DATA 	Mouse: Left button down, pos=(970,192)
1836.0830 	EXP 	New trial (rep=5, index=22): <Trial 202 (22 in rep 5) data={'delay': 0.4, 'freq': 1000, 'condition': 'exp', 'thisN': 202, 'thisTrialN': 22, 'thisRepN': 5}>
1836.0978 	EXP 	text: autoDraw = False
1836.0978 	EXP 	textbox: autoDraw = False
1836.0978 	EXP 	polygon: autoDraw = True
1836.1490 	DATA 	Mouse:  Left button up, pos=(970,192)
1837.0978 	INFO 	Keyboard events cleared
1837.0976 	EXP 	polygon: autoDraw = False
1837.0976 	EXP 	polygon_2: autoDraw = True
1837.5662 	DATA 	Keypress: space
1837.5798 	EXP 	polygon: autoDraw = False
1837.5798 	EXP 	polygon_2: autoDraw = False
1837.9466 	EXP 	Sound sound_1 reached end of file
1837.9629 	EXP 	Sound sound_1 started
1838.2657 	EXP 	Sound sound_1 stopped
1838.2812 	EXP 	text: autoDraw = True
1838.2812 	EXP 	textbox: autoDraw = True
1839.0128 	DATA 	Keypress: 1
1839.3299 	DATA 	Keypress: 0
1840.3785 	DATA 	Keypress: 0
1841.4688 	DATA 	Mouse: Left button down, pos=(971,192)
1841.4782 	EXP 	New trial (rep=5, index=23): <Trial 203 (23 in rep 5) data={'delay': 0.4, 'freq': 1000, 'condition': 'exp', 'thisN': 203, 'thisTrialN': 23, 'thisRepN': 5}>
1841.4936 	EXP 	text: autoDraw = False
1841.4936 	EXP 	textbox: autoDraw = False
1841.4936 	EXP 	polygon: autoDraw = True
1841.5780 	DATA 	Mouse:  Left button up, pos=(971,192)
1842.4930 	INFO 	Keyboard events cleared
1842.4928 	EXP 	polygon: autoDraw = False
1842.4928 	EXP 	polygon_2: autoDraw = True
1844.4764 	DATA 	Keypress: space
1844.4909 	EXP 	polygon: autoDraw = False
1844.4909 	EXP 	polygon_2: autoDraw = False
1844.8574 	EXP 	Sound sound_1 reached end of file
1844.8737 	EXP 	Sound sound_1 started
1845.1720 	EXP 	Sound sound_1 stopped
1845.1887 	EXP 	text: autoDraw = True
1845.1887 	EXP 	textbox: autoDraw = True
1846.0235 	DATA 	Keypress: 2
1846.3466 	DATA 	Keypress: 0
1846.4961 	DATA 	Keypress: 0
1847.3723 	DATA 	Mouse: Left button down, pos=(971,192)
1847.3731 	EXP 	New trial (rep=5, index=24): <Trial 204 (24 in rep 5) data={'delay': 0.7, 'freq': 1000, 'condition': 'exp', 'thisN': 204, 'thisTrialN': 24, 'thisRepN': 5}>
1847.3885 	EXP 	text: autoDraw = False
1847.3885 	EXP 	textbox: autoDraw = False
1847.3885 	EXP 	polygon: autoDraw = True
1847.4726 	DATA 	Mouse:  Left button up, pos=(971,192)
1848.3879 	INFO 	Keyboard events cleared
1848.3877 	EXP 	polygon: autoDraw = False
1848.3877 	EXP 	polygon_2: autoDraw = True
1848.9416 	DATA 	Keypress: space
1848.9537 	EXP 	polygon: autoDraw = False
1848.9537 	EXP 	polygon_2: autoDraw = False
1849.6366 	EXP 	Sound sound_1 reached end of file
1849.6529 	EXP 	Sound sound_1 started
1849.9238 	EXP 	Sound sound_1 reached end of file
1849.9607 	EXP 	text: autoDraw = True
1849.9607 	EXP 	textbox: autoDraw = True
1850.6198 	DATA 	Keypress: 4
1850.7696 	DATA 	Keypress: 0
1850.8936 	DATA 	Keypress: 0
1851.5760 	DATA 	Mouse: Left button down, pos=(971,192)
1851.5860 	EXP 	New trial (rep=5, index=25): <Trial 205 (25 in rep 5) data={'delay': 0.7, 'freq': 1000, 'condition': 'exp', 'thisN': 205, 'thisTrialN': 25, 'thisRepN': 5}>
1851.6013 	EXP 	text: autoDraw = False
1851.6013 	EXP 	textbox: autoDraw = False
1851.6013 	EXP 	polygon: autoDraw = True
1851.6689 	DATA 	Mouse:  Left button up, pos=(971,192)
1852.6003 	INFO 	Keyboard events cleared
1852.6002 	EXP 	polygon: autoDraw = False
1852.6002 	EXP 	polygon_2: autoDraw = True
1853.1547 	DATA 	Keypress: space
1853.1669 	EXP 	polygon: autoDraw = False
1853.1669 	EXP 	polygon_2: autoDraw = False
1853.8498 	EXP 	Sound sound_1 reached end of file
1853.8661 	EXP 	Sound sound_1 started
1854.1708 	EXP 	Sound sound_1 stopped
1854.1966 	EXP 	text: autoDraw = True
1854.1966 	EXP 	textbox: autoDraw = True
1855.0401 	DATA 	Keypress: 2
1856.0383 	DATA 	Keypress: 5
1856.1815 	DATA 	Keypress: 0
1857.1137 	DATA 	Mouse: Left button down, pos=(971,192)
1857.1146 	EXP 	New trial (rep=5, index=26): <Trial 206 (26 in rep 5) data={'delay': 0.1, 'freq': 1000, 'condition': 'exp', 'thisN': 206, 'thisTrialN': 26, 'thisRepN': 5}>
1857.1297 	EXP 	text: autoDraw = False
1857.1297 	EXP 	textbox: autoDraw = False
1857.1297 	EXP 	polygon: autoDraw = True
1857.2142 	DATA 	Mouse:  Left button up, pos=(974,192)
1858.1293 	INFO 	Keyboard events cleared
1858.1291 	EXP 	polygon: autoDraw = False
1858.1291 	EXP 	polygon_2: autoDraw = True
1858.7161 	DATA 	Keypress: space
1858.7286 	EXP 	polygon: autoDraw = False
1858.7286 	EXP 	polygon_2: autoDraw = False
1858.8119 	EXP 	Sound sound_1 reached end of file
1858.8283 	EXP 	Sound sound_1 started
1859.1135 	EXP 	Sound sound_1 reached end of file
1859.1307 	EXP 	text: autoDraw = True
1859.1307 	EXP 	textbox: autoDraw = True
1860.5381 	DATA 	Keypress: 3
1860.8441 	DATA 	Keypress: 0
1860.9885 	DATA 	Keypress: 0
1861.5524 	DATA 	Mouse: Left button down, pos=(974,192)
1861.5604 	EXP 	New trial (rep=5, index=27): <Trial 207 (27 in rep 5) data={'delay': 0.7, 'freq': 400, 'condition': 'unexp', 'thisN': 207, 'thisTrialN': 27, 'thisRepN': 5}>
1861.5756 	EXP 	text: autoDraw = False
1861.5756 	EXP 	textbox: autoDraw = False
1861.5756 	EXP 	polygon: autoDraw = True
1861.6598 	DATA 	Mouse:  Left button up, pos=(974,192)
1862.5751 	INFO 	Keyboard events cleared
1862.5750 	EXP 	polygon: autoDraw = False
1862.5750 	EXP 	polygon_2: autoDraw = True
1863.0453 	DATA 	Keypress: space
1863.0582 	EXP 	polygon: autoDraw = False
1863.0582 	EXP 	polygon_2: autoDraw = False
1863.7409 	EXP 	Sound sound_1 reached end of file
1863.7572 	EXP 	Sound sound_1 started
1864.0083 	EXP 	Sound sound_1 reached end of file
1864.0121 	EXP 	Sound sound_1 reached end of file
1864.0343 	EXP 	text: autoDraw = True
1864.0343 	EXP 	textbox: autoDraw = True
1864.9837 	DATA 	Keypress: 4
1865.3565 	DATA 	Keypress: 0
1865.4899 	DATA 	Keypress: 0
1866.4953 	DATA 	Mouse: Left button down, pos=(974,192)
1866.5064 	EXP 	New trial (rep=5, index=28): <Trial 208 (28 in rep 5) data={'delay': 0.1, 'freq': 400, 'condition': 'unexp', 'thisN': 208, 'thisTrialN': 28, 'thisRepN': 5}>
1866.5217 	EXP 	text: autoDraw = False
1866.5217 	EXP 	textbox: autoDraw = False
1866.5217 	EXP 	polygon: autoDraw = True
1866.5559 	DATA 	Mouse:  Left button up, pos=(974,192)
1867.5213 	INFO 	Keyboard events cleared
1867.5211 	EXP 	polygon: autoDraw = False
1867.5211 	EXP 	polygon_2: autoDraw = True
1868.4720 	DATA 	Keypress: space
1868.5030 	EXP 	polygon: autoDraw = False
1868.5030 	EXP 	polygon_2: autoDraw = False
1868.5702 	EXP 	Sound sound_1 reached end of file
1868.5866 	EXP 	Sound sound_1 started
1868.8487 	EXP 	Sound sound_1 reached end of file
1868.8530 	EXP 	Sound sound_1 reached end of file
1868.8768 	EXP 	text: autoDraw = True
1868.8768 	EXP 	textbox: autoDraw = True
1870.5277 	DATA 	Keypress: 1
1870.6999 	DATA 	Keypress: 0
1870.8186 	DATA 	Keypress: 0
1871.4515 	DATA 	Mouse: Left button down, pos=(974,192)
1871.4524 	EXP 	New trial (rep=5, index=29): <Trial 209 (29 in rep 5) data={'delay': 0.1, 'freq': 1000, 'condition': 'exp', 'thisN': 209, 'thisTrialN': 29, 'thisRepN': 5}>
1871.4671 	EXP 	text: autoDraw = False
1871.4671 	EXP 	textbox: autoDraw = False
1871.4671 	EXP 	polygon: autoDraw = True
1871.5350 	DATA 	Mouse:  Left button up, pos=(975,192)
1872.4667 	INFO 	Keyboard events cleared
1872.4666 	EXP 	polygon: autoDraw = False
1872.4666 	EXP 	polygon_2: autoDraw = True
1872.7877 	DATA 	Keypress: space
1872.7997 	EXP 	polygon: autoDraw = False
1872.7997 	EXP 	polygon_2: autoDraw = False
1872.8667 	EXP 	Sound sound_1 reached end of file
1872.8830 	EXP 	Sound sound_1 started
1873.1684 	EXP 	Sound sound_1 stopped
1873.1845 	EXP 	text: autoDraw = True
1873.1845 	EXP 	textbox: autoDraw = True
1873.7118 	DATA 	Keypress: 1
1873.8392 	DATA 	Keypress: 0
1873.9327 	DATA 	Keypress: 0
1874.5151 	DATA 	Mouse: Left button down, pos=(975,192)
1874.5160 	EXP 	New trial (rep=5, index=30): <Trial 210 (30 in rep 5) data={'delay': 0.1, 'freq': 400, 'condition': 'unexp', 'thisN': 210, 'thisTrialN': 30, 'thisRepN': 5}>
1874.5313 	EXP 	text: autoDraw = False
1874.5313 	EXP 	textbox: autoDraw = False
1874.5313 	EXP 	polygon: autoDraw = True
1874.5824 	DATA 	Mouse:  Left button up, pos=(975,192)
1875.5309 	INFO 	Keyboard events cleared
1875.5307 	EXP 	polygon: autoDraw = False
1875.5307 	EXP 	polygon_2: autoDraw = True
1876.0009 	DATA 	Keypress: space
1876.0131 	EXP 	polygon: autoDraw = False
1876.0131 	EXP 	polygon_2: autoDraw = False
1876.0805 	EXP 	Sound sound_1 reached end of file
1876.0968 	EXP 	Sound sound_1 started
1876.3524 	EXP 	Sound sound_1 reached end of file
1876.3637 	EXP 	Sound sound_1 reached end of file
1876.3869 	EXP 	text: autoDraw = True
1876.3869 	EXP 	textbox: autoDraw = True
1876.6966 	DATA 	Keypress: 1
1876.9300 	DATA 	Keypress: 0
1877.0200 	DATA 	Keypress: 0
1877.5959 	DATA 	Mouse: Left button down, pos=(978,192)
1877.5968 	EXP 	New trial (rep=5, index=31): <Trial 211 (31 in rep 5) data={'delay': 0.1, 'freq': 1000, 'condition': 'exp', 'thisN': 211, 'thisTrialN': 31, 'thisRepN': 5}>
1877.6121 	EXP 	text: autoDraw = False
1877.6121 	EXP 	textbox: autoDraw = False
1877.6121 	EXP 	polygon: autoDraw = True
1877.6795 	DATA 	Mouse:  Left button up, pos=(978,192)
1878.6116 	INFO 	Keyboard events cleared
1878.6114 	EXP 	polygon_2: autoDraw = True
1878.6281 	EXP 	polygon: autoDraw = False
1878.8823 	DATA 	Keypress: space
1878.8943 	EXP 	polygon: autoDraw = False
1878.8943 	EXP 	polygon_2: autoDraw = False
1878.9613 	EXP 	Sound sound_1 reached end of file
1878.9776 	EXP 	Sound sound_1 started
1879.2675 	EXP 	Sound sound_1 stopped
1879.2913 	EXP 	text: autoDraw = True
1879.2913 	EXP 	textbox: autoDraw = True
1879.6531 	DATA 	Keypress: 1
1879.8177 	DATA 	Keypress: 0
1879.9272 	DATA 	Keypress: 0
1880.6840 	DATA 	Mouse: Left button down, pos=(978,192)
1880.6940 	EXP 	New trial (rep=5, index=32): <Trial 212 (32 in rep 5) data={'delay': 0.4, 'freq': 1000, 'condition': 'exp', 'thisN': 212, 'thisTrialN': 32, 'thisRepN': 5}>
1880.7094 	EXP 	text: autoDraw = False
1880.7094 	EXP 	textbox: autoDraw = False
1880.7094 	EXP 	polygon: autoDraw = True
1880.8267 	DATA 	Mouse:  Left button up, pos=(978,192)
1881.7086 	INFO 	Keyboard events cleared
1881.7084 	EXP 	polygon: autoDraw = False
1881.7084 	EXP 	polygon_2: autoDraw = True
1882.0129 	DATA 	Keypress: space
1882.0250 	EXP 	polygon: autoDraw = False
1882.0250 	EXP 	polygon_2: autoDraw = False
1882.4087 	EXP 	Sound sound_1 reached end of file
1882.4248 	EXP 	Sound sound_1 started
1882.6869 	EXP 	Sound sound_1 reached end of file
1882.6910 	EXP 	Sound sound_1 reached end of file
1882.7177 	EXP 	text: autoDraw = True
1882.7177 	EXP 	textbox: autoDraw = True
1883.0837 	DATA 	Keypress: 2
1883.2816 	DATA 	Keypress: 0
1883.3578 	DATA 	Keypress: 0
1884.1906 	DATA 	Mouse: Left button down, pos=(978,192)
1884.1915 	EXP 	New trial (rep=5, index=33): <Trial 213 (33 in rep 5) data={'delay': 0.4, 'freq': 400, 'condition': 'unexp', 'thisN': 213, 'thisTrialN': 33, 'thisRepN': 5}>
1884.2064 	EXP 	text: autoDraw = False
1884.2064 	EXP 	textbox: autoDraw = False
1884.2064 	EXP 	polygon: autoDraw = True
1884.3405 	DATA 	Mouse:  Left button up, pos=(994,138)
1885.2058 	INFO 	Keyboard events cleared
1885.2056 	EXP 	polygon: autoDraw = False
1885.2056 	EXP 	polygon_2: autoDraw = True
1886.0095 	DATA 	Keypress: space
1886.0212 	EXP 	polygon: autoDraw = False
1886.0212 	EXP 	polygon_2: autoDraw = False
1886.4045 	EXP 	Sound sound_1 reached end of file
1886.4209 	EXP 	Sound sound_1 started
1886.7436 	EXP 	Sound sound_1 stopped
1886.7602 	EXP 	text: autoDraw = True
1886.7602 	EXP 	textbox: autoDraw = True
1887.2379 	DATA 	Keypress: 3
1887.4281 	DATA 	Keypress: 0
1887.5542 	DATA 	Keypress: 0
1888.1939 	DATA 	Mouse: Left button down, pos=(973,183)
1888.2042 	EXP 	New trial (rep=5, index=34): <Trial 214 (34 in rep 5) data={'delay': 0.1, 'freq': 400, 'condition': 'unexp', 'thisN': 214, 'thisTrialN': 34, 'thisRepN': 5}>
1888.2195 	EXP 	text: autoDraw = False
1888.2195 	EXP 	textbox: autoDraw = False
1888.2195 	EXP 	polygon: autoDraw = True
1888.2710 	DATA 	Mouse:  Left button up, pos=(973,183)
1889.2187 	INFO 	Keyboard events cleared
1889.2185 	EXP 	polygon: autoDraw = False
1889.2185 	EXP 	polygon_2: autoDraw = True
1889.5228 	DATA 	Keypress: space
1889.5351 	EXP 	polygon: autoDraw = False
1889.5351 	EXP 	polygon_2: autoDraw = False
1889.6021 	EXP 	Sound sound_1 reached end of file
1889.6184 	EXP 	Sound sound_1 started
1889.9215 	EXP 	Sound sound_1 stopped
1889.9459 	EXP 	text: autoDraw = True
1889.9459 	EXP 	textbox: autoDraw = True
1890.8679 	DATA 	Keypress: 1
1890.9674 	DATA 	Keypress: 0
1891.0741 	DATA 	Keypress: 0
1891.7172 	DATA 	Mouse: Left button down, pos=(973,183)
1891.7181 	EXP 	New trial (rep=5, index=35): <Trial 215 (35 in rep 5) data={'delay': 0.1, 'freq': 1000, 'condition': 'exp', 'thisN': 215, 'thisTrialN': 35, 'thisRepN': 5}>
1891.7331 	EXP 	text: autoDraw = False
1891.7331 	EXP 	textbox: autoDraw = False
1891.7331 	EXP 	polygon: autoDraw = True
1891.8507 	DATA 	Mouse:  Left button up, pos=(973,183)
1892.7326 	INFO 	Keyboard events cleared
1892.7325 	EXP 	polygon: autoDraw = False
1892.7325 	EXP 	polygon_2: autoDraw = True
1893.1526 	DATA 	Keypress: space
1893.1652 	EXP 	polygon: autoDraw = False
1893.1652 	EXP 	polygon_2: autoDraw = False
1893.2322 	EXP 	Sound sound_1 reached end of file
1893.2485 	EXP 	Sound sound_1 started
1893.5085 	EXP 	Sound sound_1 reached end of file
1893.5153 	EXP 	Sound sound_1 reached end of file
1893.5407 	EXP 	text: autoDraw = True
1893.5407 	EXP 	textbox: autoDraw = True
1894.1483 	DATA 	Keypress: 1
1894.2813 	DATA 	Keypress: 0
1894.3983 	DATA 	Keypress: 0
1894.9549 	DATA 	Mouse: Left button down, pos=(973,183)
1894.9650 	EXP 	New trial (rep=6, index=0): <Trial 216 (0 in rep 6) data={'delay': 0.4, 'freq': 400, 'condition': 'unexp', 'thisN': 216, 'thisTrialN': 0, 'thisRepN': 6}>
1894.9802 	EXP 	text: autoDraw = False
1894.9802 	EXP 	textbox: autoDraw = False
1894.9802 	EXP 	polygon: autoDraw = True
1895.0315 	DATA 	Mouse:  Left button up, pos=(973,183)
1895.9796 	INFO 	Keyboard events cleared
1895.9794 	EXP 	polygon: autoDraw = False
1895.9794 	EXP 	polygon_2: autoDraw = True
1896.3836 	DATA 	Keypress: space
1896.3959 	EXP 	polygon: autoDraw = False
1896.3959 	EXP 	polygon_2: autoDraw = False
1896.7625 	EXP 	Sound sound_1 reached end of file
1896.7789 	EXP 	Sound sound_1 started
1897.0997 	EXP 	Sound sound_1 stopped
1897.1157 	EXP 	text: autoDraw = True
1897.1157 	EXP 	textbox: autoDraw = True
1897.3884 	DATA 	Keypress: 2
1897.5118 	DATA 	Keypress: 0
1897.6077 	DATA 	Keypress: 0
1898.2854 	DATA 	Mouse: Left button down, pos=(974,184)
1898.2954 	EXP 	New trial (rep=6, index=1): <Trial 217 (1 in rep 6) data={'delay': 0.7, 'freq': 400, 'condition': 'unexp', 'thisN': 217, 'thisTrialN': 1, 'thisRepN': 6}>
1898.3104 	EXP 	text: autoDraw = False
1898.3104 	EXP 	textbox: autoDraw = False
1898.3104 	EXP 	polygon: autoDraw = True
1898.4113 	DATA 	Mouse:  Left button up, pos=(974,184)
1899.3102 	INFO 	Keyboard events cleared
1899.3100 	EXP 	polygon: autoDraw = False
1899.3100 	EXP 	polygon_2: autoDraw = True
1899.6306 	DATA 	Keypress: space
1899.6430 	EXP 	polygon: autoDraw = False
1899.6430 	EXP 	polygon_2: autoDraw = False
1900.3261 	EXP 	Sound sound_1 reached end of file
1900.3424 	EXP 	Sound sound_1 started
1900.6131 	EXP 	Sound sound_1 reached end of file
1900.6424 	EXP 	text: autoDraw = True
1900.6424 	EXP 	textbox: autoDraw = True
1901.3674 	DATA 	Keypress: 0
1901.4920 	DATA 	Keypress: 0
1902.1308 	DATA 	Keypress: backspace
1902.2576 	DATA 	Keypress: backspace
1902.7076 	DATA 	Keypress: 3
1903.1409 	DATA 	Keypress: 5
1903.7472 	DATA 	Keypress: 0
1904.7130 	DATA 	Keypress: backspace
1904.8388 	DATA 	Keypress: backspace
1905.4791 	DATA 	Keypress: 0
1906.6708 	DATA 	Keypress: 0
1907.3370 	DATA 	Mouse: Left button down, pos=(974,184)
1907.3379 	EXP 	New trial (rep=6, index=2): <Trial 218 (2 in rep 6) data={'delay': 0.4, 'freq': 1000, 'condition': 'exp', 'thisN': 218, 'thisTrialN': 2, 'thisRepN': 6}>
1907.3525 	EXP 	text: autoDraw = False
1907.3525 	EXP 	textbox: autoDraw = False
1907.3525 	EXP 	polygon: autoDraw = True
1907.4034 	DATA 	Mouse:  Left button up, pos=(974,184)
1908.3523 	INFO 	Keyboard events cleared
1908.3521 	EXP 	polygon: autoDraw = False
1908.3521 	EXP 	polygon_2: autoDraw = True
1909.0380 	DATA 	Keypress: space
1909.0513 	EXP 	polygon: autoDraw = False
1909.0513 	EXP 	polygon_2: autoDraw = False
1909.4180 	EXP 	Sound sound_1 reached end of file
1909.4343 	EXP 	Sound sound_1 started
1909.7577 	EXP 	Sound sound_1 stopped
1909.7745 	EXP 	text: autoDraw = True
1909.7745 	EXP 	textbox: autoDraw = True
1912.3655 	DATA 	Keypress: 3
1912.6231 	DATA 	Keypress: 5
1912.7890 	DATA 	Keypress: 0
1913.4650 	DATA 	Mouse: Left button down, pos=(974,184)
1913.4661 	EXP 	New trial (rep=6, index=3): <Trial 219 (3 in rep 6) data={'delay': 0.7, 'freq': 1000, 'condition': 'exp', 'thisN': 219, 'thisTrialN': 3, 'thisRepN': 6}>
1913.4806 	EXP 	text: autoDraw = False
1913.4806 	EXP 	textbox: autoDraw = False
1913.4806 	EXP 	polygon: autoDraw = True
1913.5148 	DATA 	Mouse:  Left button up, pos=(974,184)
1914.4800 	INFO 	Keyboard events cleared
1914.4798 	EXP 	polygon: autoDraw = False
1914.4798 	EXP 	polygon_2: autoDraw = True
1914.7669 	DATA 	Keypress: space
1914.7797 	EXP 	polygon: autoDraw = False
1914.7797 	EXP 	polygon_2: autoDraw = False
1915.4629 	EXP 	Sound sound_1 reached end of file
1915.4792 	EXP 	Sound sound_1 started
1915.7679 	EXP 	Sound sound_1 stopped
1915.7825 	EXP 	text: autoDraw = True
1915.7825 	EXP 	textbox: autoDraw = True
1916.1956 	DATA 	Keypress: 5
1916.3621 	DATA 	Keypress: 0
1916.4694 	DATA 	Keypress: 0
1917.3949 	DATA 	Mouse: Left button down, pos=(974,184)
1917.3958 	EXP 	New trial (rep=6, index=4): <Trial 220 (4 in rep 6) data={'delay': 0.1, 'freq': 1000, 'condition': 'exp', 'thisN': 220, 'thisTrialN': 4, 'thisRepN': 6}>
1917.4108 	EXP 	text: autoDraw = False
1917.4108 	EXP 	textbox: autoDraw = False
1917.4108 	EXP 	polygon: autoDraw = True
1917.4955 	DATA 	Mouse:  Left button up, pos=(974,184)
1918.4098 	INFO 	Keyboard events cleared
1918.4097 	EXP 	polygon: autoDraw = False
1918.4097 	EXP 	polygon_2: autoDraw = True
1918.9472 	DATA 	Keypress: space
1918.9595 	EXP 	polygon: autoDraw = False
1918.9595 	EXP 	polygon_2: autoDraw = False
1919.0265 	EXP 	Sound sound_1 reached end of file
1919.0428 	EXP 	Sound sound_1 started
1919.3347 	EXP 	Sound sound_1 stopped
1919.3598 	EXP 	text: autoDraw = True
1919.3598 	EXP 	textbox: autoDraw = True
1920.0211 	DATA 	Keypress: 1
1920.1987 	DATA 	Keypress: 0
1920.3256 	DATA 	Keypress: 0
1920.9321 	DATA 	Mouse: Left button down, pos=(974,184)
1920.9423 	EXP 	New trial (rep=6, index=5): <Trial 221 (5 in rep 6) data={'delay': 0.7, 'freq': 1000, 'condition': 'exp', 'thisN': 221, 'thisTrialN': 5, 'thisRepN': 6}>
1920.9574 	EXP 	text: autoDraw = False
1920.9574 	EXP 	textbox: autoDraw = False
1920.9574 	EXP 	polygon: autoDraw = True
1921.0087 	DATA 	Mouse:  Left button up, pos=(974,184)
1921.9571 	INFO 	Keyboard events cleared
1921.9570 	EXP 	polygon: autoDraw = False
1921.9570 	EXP 	polygon_2: autoDraw = True
1922.6441 	DATA 	Keypress: space
1922.6561 	EXP 	polygon: autoDraw = False
1922.6561 	EXP 	polygon_2: autoDraw = False
1923.3391 	EXP 	Sound sound_1 reached end of file
1923.3554 	EXP 	Sound sound_1 started
1923.6659 	EXP 	Sound sound_1 stopped
1923.6906 	EXP 	text: autoDraw = True
1923.6906 	EXP 	textbox: autoDraw = True
1925.2709 	DATA 	Keypress: 2
1925.4540 	DATA 	Keypress: 0
1925.5711 	DATA 	Keypress: 0
1926.4441 	DATA 	Keypress: backspace
1926.5939 	DATA 	Keypress: backspace
1926.6937 	DATA 	Keypress: backspace
1927.6023 	DATA 	Keypress: 3
1927.8595 	DATA 	Keypress: 0
1927.9922 	DATA 	Keypress: 0
1928.7351 	DATA 	Mouse: Left button down, pos=(974,184)
1928.7360 	EXP 	New trial (rep=6, index=6): <Trial 222 (6 in rep 6) data={'delay': 0.4, 'freq': 1000, 'condition': 'exp', 'thisN': 222, 'thisTrialN': 6, 'thisRepN': 6}>
1928.7505 	EXP 	text: autoDraw = False
1928.7505 	EXP 	textbox: autoDraw = False
1928.7505 	EXP 	polygon: autoDraw = True
1928.8186 	DATA 	Mouse:  Left button up, pos=(974,184)
1929.7500 	INFO 	Keyboard events cleared
1929.7498 	EXP 	polygon: autoDraw = False
1929.7498 	EXP 	polygon_2: autoDraw = True
1930.2349 	DATA 	Keypress: n
1930.9535 	DATA 	Keypress: space
1930.9657 	EXP 	polygon: autoDraw = False
1930.9657 	EXP 	polygon_2: autoDraw = False
1931.3490 	EXP 	Sound sound_1 reached end of file
1931.3653 	EXP 	Sound sound_1 started
1931.6708 	EXP 	Sound sound_1 stopped
1931.6878 	EXP 	text: autoDraw = True
1931.6878 	EXP 	textbox: autoDraw = True
1932.5646 	DATA 	Keypress: 2
1932.7715 	DATA 	Keypress: 0
1932.8979 	DATA 	Keypress: 0
1933.7046 	DATA 	Mouse: Left button down, pos=(974,184)
1933.7142 	EXP 	New trial (rep=6, index=7): <Trial 223 (7 in rep 6) data={'delay': 0.4, 'freq': 400, 'condition': 'unexp', 'thisN': 223, 'thisTrialN': 7, 'thisRepN': 6}>
1933.7295 	EXP 	text: autoDraw = False
1933.7295 	EXP 	textbox: autoDraw = False
1933.7295 	EXP 	polygon: autoDraw = True
1933.7472 	DATA 	Mouse:  Left button up, pos=(974,184)
1934.7294 	INFO 	Keyboard events cleared
1934.7292 	EXP 	polygon: autoDraw = False
1934.7292 	EXP 	polygon_2: autoDraw = True
2028.0856 	DATA 	Keypress: space
2028.0976 	EXP 	polygon: autoDraw = False
2028.0976 	EXP 	polygon_2: autoDraw = False
2028.4646 	EXP 	Sound sound_1 reached end of file
2028.4808 	EXP 	Sound sound_1 started
2028.7709 	EXP 	Sound sound_1 stopped
2028.7933 	EXP 	text: autoDraw = True
2028.7933 	EXP 	textbox: autoDraw = True
2030.1055 	DATA 	Keypress: 2
2030.2464 	DATA 	Keypress: 0
2030.3630 	DATA 	Keypress: 0
2031.1458 	DATA 	Mouse: Left button down, pos=(974,184)
2031.1466 	EXP 	New trial (rep=6, index=8): <Trial 224 (8 in rep 6) data={'delay': 0.1, 'freq': 1000, 'condition': 'exp', 'thisN': 224, 'thisTrialN': 8, 'thisRepN': 6}>
2031.1617 	EXP 	text: autoDraw = False
2031.1617 	EXP 	textbox: autoDraw = False
2031.1617 	EXP 	polygon: autoDraw = True
2031.2127 	DATA 	Mouse:  Left button up, pos=(974,184)
2032.1612 	INFO 	Keyboard events cleared
2032.1610 	EXP 	polygon: autoDraw = False
2032.1610 	EXP 	polygon_2: autoDraw = True
2032.5152 	DATA 	Keypress: space
2032.5267 	EXP 	polygon: autoDraw = False
2032.5267 	EXP 	polygon_2: autoDraw = False
2032.6108 	EXP 	Sound sound_1 reached end of file
2032.6271 	EXP 	Sound sound_1 started
2032.9112 	EXP 	Sound sound_1 stopped
2032.9269 	EXP 	text: autoDraw = True
2032.9269 	EXP 	textbox: autoDraw = True
2033.6601 	DATA 	Keypress: 2
2035.0259 	DATA 	Keypress: backspace
2035.2255 	DATA 	Keypress: 1
2035.4489 	DATA 	Keypress: 0
2035.5751 	DATA 	Keypress: 0
2036.1581 	DATA 	Mouse: Left button down, pos=(974,184)
2036.1590 	EXP 	New trial (rep=6, index=9): <Trial 225 (9 in rep 6) data={'delay': 0.1, 'freq': 1000, 'condition': 'exp', 'thisN': 225, 'thisTrialN': 9, 'thisRepN': 6}>
2036.1736 	EXP 	text: autoDraw = False
2036.1736 	EXP 	textbox: autoDraw = False
2036.1736 	EXP 	polygon: autoDraw = True
2036.1745 	DATA 	Mouse: wheel shift=(0,1), pos=(974,184)
2036.2581 	DATA 	Mouse:  Left button up, pos=(974,184)
2037.1735 	INFO 	Keyboard events cleared
2037.1733 	EXP 	polygon: autoDraw = False
2037.1733 	EXP 	polygon_2: autoDraw = True
2037.5249 	DATA 	Keypress: space
2037.5564 	EXP 	polygon: autoDraw = False
2037.5564 	EXP 	polygon_2: autoDraw = False
2037.6396 	EXP 	Sound sound_1 reached end of file
2037.6560 	EXP 	Sound sound_1 started
2037.9326 	EXP 	Sound sound_1 reached end of file
2037.9638 	EXP 	text: autoDraw = True
2037.9638 	EXP 	textbox: autoDraw = True
2038.4157 	DATA 	Keypress: 1
2038.6632 	DATA 	Keypress: 0
2038.7796 	DATA 	Keypress: 0
2039.3221 	DATA 	Mouse: Left button down, pos=(974,184)
2039.3229 	EXP 	New trial (rep=6, index=10): <Trial 226 (10 in rep 6) data={'delay': 0.4, 'freq': 1000, 'condition': 'exp', 'thisN': 226, 'thisTrialN': 10, 'thisRepN': 6}>
2039.3377 	EXP 	text: autoDraw = False
2039.3377 	EXP 	textbox: autoDraw = False
2039.3377 	EXP 	polygon: autoDraw = True
2039.4056 	DATA 	Mouse:  Left button up, pos=(974,184)
2040.3371 	INFO 	Keyboard events cleared
2040.3370 	EXP 	polygon: autoDraw = False
2040.3370 	EXP 	polygon_2: autoDraw = True
2040.9907 	DATA 	Keypress: space
2041.0032 	EXP 	polygon: autoDraw = False
2041.0032 	EXP 	polygon_2: autoDraw = False
2041.3865 	EXP 	Sound sound_1 reached end of file
2041.4028 	EXP 	Sound sound_1 started
2041.7009 	EXP 	Sound sound_1 stopped
2041.7152 	EXP 	text: autoDraw = True
2041.7152 	EXP 	textbox: autoDraw = True
2042.2525 	DATA 	Keypress: 1
2042.4261 	DATA 	Keypress: 0
2042.5358 	DATA 	Keypress: 0
2043.0688 	DATA 	Mouse: Left button down, pos=(974,184)
2043.0696 	EXP 	New trial (rep=6, index=11): <Trial 227 (11 in rep 6) data={'delay': 0.7, 'freq': 1000, 'condition': 'exp', 'thisN': 227, 'thisTrialN': 11, 'thisRepN': 6}>
2043.0845 	EXP 	text: autoDraw = False
2043.0845 	EXP 	textbox: autoDraw = False
2043.0845 	EXP 	polygon: autoDraw = True
2043.1689 	DATA 	Mouse:  Left button up, pos=(974,184)
2044.0839 	INFO 	Keyboard events cleared
2044.0838 	EXP 	polygon: autoDraw = False
2044.0838 	EXP 	polygon_2: autoDraw = True
2044.4043 	DATA 	Keypress: space
2044.4168 	EXP 	polygon: autoDraw = False
2044.4168 	EXP 	polygon_2: autoDraw = False
2045.1000 	EXP 	Sound sound_1 reached end of file
2045.1163 	EXP 	Sound sound_1 started
2045.3540 	EXP 	Sound sound_1 reached end of file
2045.3664 	EXP 	Sound sound_1 reached end of file
2045.3895 	EXP 	text: autoDraw = True
2045.3895 	EXP 	textbox: autoDraw = True
2046.0288 	DATA 	Keypress: 2
2046.1557 	DATA 	Keypress: 0
2046.2990 	DATA 	Keypress: 0
2047.0653 	DATA 	Mouse: Left button down, pos=(975,184)
2047.0661 	EXP 	New trial (rep=6, index=12): <Trial 228 (12 in rep 6) data={'delay': 0.1, 'freq': 400, 'condition': 'unexp', 'thisN': 228, 'thisTrialN': 12, 'thisRepN': 6}>
2047.0812 	EXP 	text: autoDraw = False
2047.0812 	EXP 	textbox: autoDraw = False
2047.0812 	EXP 	polygon: autoDraw = True
2047.1485 	DATA 	Mouse:  Left button up, pos=(976,184)
2048.0806 	INFO 	Keyboard events cleared
2048.0804 	EXP 	polygon: autoDraw = False
2048.0804 	EXP 	polygon_2: autoDraw = True
2048.5175 	DATA 	Keypress: space
2048.5298 	EXP 	polygon: autoDraw = False
2048.5298 	EXP 	polygon_2: autoDraw = False
2048.5969 	EXP 	Sound sound_1 reached end of file
2048.6132 	EXP 	Sound sound_1 started
2048.8494 	EXP 	Sound sound_1 reached end of file
2048.8630 	EXP 	Sound sound_1 reached end of file
2048.8854 	EXP 	text: autoDraw = True
2048.8854 	EXP 	textbox: autoDraw = True
2049.3424 	DATA 	Keypress: 1
2049.5632 	DATA 	Keypress: 0
2049.6737 	DATA 	Keypress: 0
2050.1864 	DATA 	Mouse: Left button down, pos=(978,184)
2050.1964 	EXP 	New trial (rep=6, index=13): <Trial 229 (13 in rep 6) data={'delay': 0.1, 'freq': 400, 'condition': 'unexp', 'thisN': 229, 'thisTrialN': 13, 'thisRepN': 6}>
2050.2114 	EXP 	text: autoDraw = False
2050.2114 	EXP 	textbox: autoDraw = False
2050.2114 	EXP 	polygon: autoDraw = True
2050.2793 	DATA 	Mouse:  Left button up, pos=(978,184)
2051.2112 	INFO 	Keyboard events cleared
2051.2110 	EXP 	polygon: autoDraw = False
2051.2110 	EXP 	polygon_2: autoDraw = True
2051.5805 	DATA 	Keypress: space
2051.5938 	EXP 	polygon: autoDraw = False
2051.5938 	EXP 	polygon_2: autoDraw = False
2051.6606 	EXP 	Sound sound_1 reached end of file
2051.6769 	EXP 	Sound sound_1 started
2051.9241 	EXP 	Sound sound_1 reached end of file
2051.9279 	EXP 	Sound sound_1 reached end of file
2051.9496 	EXP 	text: autoDraw = True
2051.9496 	EXP 	textbox: autoDraw = True
2052.2389 	DATA 	Keypress: 1
2052.4104 	DATA 	Keypress: 0
2052.5277 	DATA 	Keypress: 0
2053.0502 	DATA 	Mouse: Left button down, pos=(979,184)
2053.0607 	EXP 	New trial (rep=6, index=14): <Trial 230 (14 in rep 6) data={'delay': 0.1, 'freq': 1000, 'condition': 'exp', 'thisN': 230, 'thisTrialN': 14, 'thisRepN': 6}>
2053.0761 	EXP 	text: autoDraw = False
2053.0761 	EXP 	textbox: autoDraw = False
2053.0761 	EXP 	polygon: autoDraw = True
2053.1435 	DATA 	Mouse:  Left button up, pos=(979,184)
2054.0756 	INFO 	Keyboard events cleared
2054.0754 	EXP 	polygon: autoDraw = False
2054.0754 	EXP 	polygon_2: autoDraw = True
2054.6621 	DATA 	Keypress: space
2054.6743 	EXP 	polygon: autoDraw = False
2054.6743 	EXP 	polygon_2: autoDraw = False
2054.7416 	EXP 	Sound sound_1 reached end of file
2054.7579 	EXP 	Sound sound_1 started
2055.0034 	EXP 	Sound sound_1 reached end of file
2055.0073 	EXP 	Sound sound_1 reached end of file
2055.0247 	EXP 	text: autoDraw = True
2055.0247 	EXP 	textbox: autoDraw = True
2055.5189 	DATA 	Keypress: 1
2055.6407 	DATA 	Keypress: 0
2055.7574 	DATA 	Keypress: 0
2056.3970 	DATA 	Mouse: Left button down, pos=(981,184)
2056.4077 	EXP 	New trial (rep=6, index=15): <Trial 231 (15 in rep 6) data={'delay': 0.7, 'freq': 1000, 'condition': 'exp', 'thisN': 231, 'thisTrialN': 15, 'thisRepN': 6}>
2056.4231 	EXP 	text: autoDraw = False
2056.4231 	EXP 	textbox: autoDraw = False
2056.4231 	EXP 	polygon: autoDraw = True
2056.4739 	DATA 	Mouse:  Left button up, pos=(981,184)
2057.4225 	INFO 	Keyboard events cleared
2057.4223 	EXP 	polygon: autoDraw = False
2057.4223 	EXP 	polygon_2: autoDraw = True
2057.6573 	DATA 	Keypress: space
2057.6887 	EXP 	polygon: autoDraw = False
2057.6887 	EXP 	polygon_2: autoDraw = False
2058.3718 	EXP 	Sound sound_1 reached end of file
2058.3881 	EXP 	Sound sound_1 started
2058.6882 	EXP 	Sound sound_1 stopped
2058.7022 	EXP 	text: autoDraw = True
2058.7022 	EXP 	textbox: autoDraw = True
2059.0324 	DATA 	Keypress: 3
2059.2116 	DATA 	Keypress: 0
2059.3280 	DATA 	Keypress: 0
2059.9043 	DATA 	Mouse: Left button down, pos=(989,189)
2059.9051 	EXP 	New trial (rep=6, index=16): <Trial 232 (16 in rep 6) data={'delay': 0.4, 'freq': 1000, 'condition': 'exp', 'thisN': 232, 'thisTrialN': 16, 'thisRepN': 6}>
2059.9200 	EXP 	text: autoDraw = False
2059.9200 	EXP 	textbox: autoDraw = False
2059.9200 	EXP 	polygon: autoDraw = True
2060.0043 	DATA 	Mouse:  Left button up, pos=(989,189)
2060.9194 	INFO 	Keyboard events cleared
2060.9191 	EXP 	polygon_2: autoDraw = True
2060.9211 	DATA 	Keypress: space
2060.9358 	EXP 	polygon: autoDraw = False
2061.4231 	DATA 	Keypress: space
2061.4355 	EXP 	polygon: autoDraw = False
2061.4355 	EXP 	polygon_2: autoDraw = False
2061.8185 	EXP 	Sound sound_1 reached end of file
2061.8348 	EXP 	Sound sound_1 started
2062.1163 	EXP 	Sound sound_1 reached end of file
2062.1351 	EXP 	text: autoDraw = True
2062.1351 	EXP 	textbox: autoDraw = True
2063.9802 	DATA 	Keypress: 2
2064.1265 	DATA 	Keypress: 0
2064.2336 	DATA 	Keypress: 0
2064.9498 	DATA 	Mouse: Left button down, pos=(989,189)
2064.9507 	EXP 	New trial (rep=6, index=17): <Trial 233 (17 in rep 6) data={'delay': 0.7, 'freq': 1000, 'condition': 'exp', 'thisN': 233, 'thisTrialN': 17, 'thisRepN': 6}>
2064.9653 	EXP 	text: autoDraw = False
2064.9653 	EXP 	textbox: autoDraw = False
2064.9653 	EXP 	polygon: autoDraw = True
2065.0166 	DATA 	Mouse:  Left button up, pos=(989,189)
2065.9649 	INFO 	Keyboard events cleared
2065.9647 	EXP 	polygon: autoDraw = False
2065.9647 	EXP 	polygon_2: autoDraw = True
2066.3357 	DATA 	Keypress: space
2066.3476 	EXP 	polygon: autoDraw = False
2066.3476 	EXP 	polygon_2: autoDraw = False
2067.0309 	EXP 	Sound sound_1 reached end of file
2067.0472 	EXP 	Sound sound_1 started
2067.3312 	EXP 	Sound sound_1 stopped
2067.3541 	EXP 	text: autoDraw = True
2067.3541 	EXP 	textbox: autoDraw = True
2067.9272 	DATA 	Keypress: 4
2068.0800 	DATA 	Keypress: 0
2068.1883 	DATA 	Keypress: 0
2068.5965 	DATA 	Mouse: Left button down, pos=(989,189)
2068.5974 	EXP 	New trial (rep=6, index=18): <Trial 234 (18 in rep 6) data={'delay': 0.4, 'freq': 1000, 'condition': 'exp', 'thisN': 234, 'thisTrialN': 18, 'thisRepN': 6}>
2068.6123 	EXP 	text: autoDraw = False
2068.6123 	EXP 	textbox: autoDraw = False
2068.6123 	EXP 	polygon: autoDraw = True
2068.6966 	DATA 	Mouse:  Left button up, pos=(989,189)
2069.6118 	INFO 	Keyboard events cleared
2069.6115 	EXP 	polygon: autoDraw = False
2069.6115 	EXP 	polygon_2: autoDraw = True
2069.9319 	DATA 	Keypress: space
2069.9445 	EXP 	polygon: autoDraw = False
2069.9445 	EXP 	polygon_2: autoDraw = False
2070.3114 	EXP 	Sound sound_1 reached end of file
2070.3277 	EXP 	Sound sound_1 started
2070.6207 	EXP 	Sound sound_1 stopped
2070.6438 	EXP 	text: autoDraw = True
2070.6438 	EXP 	textbox: autoDraw = True
2071.3530 	DATA 	Keypress: 2
2071.4692 	DATA 	Keypress: 0
2071.5691 	DATA 	Keypress: 0
2072.2765 	DATA 	Mouse: Left button down, pos=(996,189)
2072.2773 	EXP 	New trial (rep=6, index=19): <Trial 235 (19 in rep 6) data={'delay': 0.1, 'freq': 1000, 'condition': 'exp', 'thisN': 235, 'thisTrialN': 19, 'thisRepN': 6}>
2072.2922 	EXP 	text: autoDraw = False
2072.2922 	EXP 	textbox: autoDraw = False
2072.2922 	EXP 	polygon: autoDraw = True
2072.3436 	DATA 	Mouse:  Left button up, pos=(996,189)
2073.2920 	INFO 	Keyboard events cleared
2073.2918 	EXP 	polygon: autoDraw = False
2073.2918 	EXP 	polygon_2: autoDraw = True
2073.5793 	DATA 	Keypress: space
2073.5912 	EXP 	polygon: autoDraw = False
2073.5912 	EXP 	polygon_2: autoDraw = False
2073.6585 	EXP 	Sound sound_1 reached end of file
2073.6748 	EXP 	Sound sound_1 started
2073.9280 	EXP 	Sound sound_1 reached end of file
2073.9313 	EXP 	Sound sound_1 reached end of file
2073.9482 	EXP 	text: autoDraw = True
2073.9482 	EXP 	textbox: autoDraw = True
2074.4921 	DATA 	Keypress: 1
2074.6180 	DATA 	Keypress: 0
2074.7313 	DATA 	Keypress: 0
2075.2408 	DATA 	Mouse: Left button down, pos=(996,189)
2075.2416 	EXP 	New trial (rep=6, index=20): <Trial 236 (20 in rep 6) data={'delay': 0.7, 'freq': 1000, 'condition': 'exp', 'thisN': 236, 'thisTrialN': 20, 'thisRepN': 6}>
2075.2563 	EXP 	text: autoDraw = False
2075.2563 	EXP 	textbox: autoDraw = False
2075.2563 	EXP 	polygon: autoDraw = True
2075.2905 	DATA 	Mouse:  Left button up, pos=(996,189)
2076.2561 	INFO 	Keyboard events cleared
2076.2560 	EXP 	polygon: autoDraw = False
2076.2560 	EXP 	polygon_2: autoDraw = True
2076.6761 	DATA 	Keypress: space
2076.6888 	EXP 	polygon: autoDraw = False
2076.6888 	EXP 	polygon_2: autoDraw = False
2077.3717 	EXP 	Sound sound_1 reached end of file
2077.3880 	EXP 	Sound sound_1 started
2077.6730 	EXP 	Sound sound_1 stopped
2077.6928 	EXP 	text: autoDraw = True
2077.6928 	EXP 	textbox: autoDraw = True
2078.2474 	DATA 	Keypress: 3
2078.3713 	DATA 	Keypress: 0
2078.4796 	DATA 	Keypress: 0
2079.1613 	DATA 	Mouse: Left button down, pos=(999,189)
2079.1713 	EXP 	New trial (rep=6, index=21): <Trial 237 (21 in rep 6) data={'delay': 0.7, 'freq': 400, 'condition': 'unexp', 'thisN': 237, 'thisTrialN': 21, 'thisRepN': 6}>
2079.1867 	EXP 	text: autoDraw = False
2079.1867 	EXP 	textbox: autoDraw = False
2079.1867 	EXP 	polygon: autoDraw = True
2079.2539 	DATA 	Mouse:  Left button up, pos=(999,189)
2080.1856 	INFO 	Keyboard events cleared
2080.1855 	EXP 	polygon: autoDraw = False
2080.1855 	EXP 	polygon_2: autoDraw = True
2080.3886 	DATA 	Keypress: space
2080.4022 	EXP 	polygon: autoDraw = False
2080.4022 	EXP 	polygon_2: autoDraw = False
2081.0852 	EXP 	Sound sound_1 reached end of file
2081.1015 	EXP 	Sound sound_1 started
2081.3382 	EXP 	Sound sound_1 reached end of file
2081.3518 	EXP 	Sound sound_1 reached end of file
2081.3742 	EXP 	text: autoDraw = True
2081.3742 	EXP 	textbox: autoDraw = True
2082.4175 	DATA 	Keypress: 4
2082.6245 	DATA 	Keypress: 0
2082.7247 	DATA 	Keypress: 0
2083.2904 	DATA 	Mouse: Left button down, pos=(999,189)
2083.3011 	EXP 	New trial (rep=6, index=22): <Trial 238 (22 in rep 6) data={'delay': 0.1, 'freq': 1000, 'condition': 'exp', 'thisN': 238, 'thisTrialN': 22, 'thisRepN': 6}>
2083.3161 	EXP 	text: autoDraw = False
2083.3161 	EXP 	textbox: autoDraw = False
2083.3161 	EXP 	polygon: autoDraw = True
2083.3676 	DATA 	Mouse:  Left button up, pos=(999,189)
2084.3154 	INFO 	Keyboard events cleared
2084.3152 	EXP 	polygon: autoDraw = False
2084.3152 	EXP 	polygon_2: autoDraw = True
2084.7023 	DATA 	Keypress: space
2084.7151 	EXP 	polygon: autoDraw = False
2084.7151 	EXP 	polygon_2: autoDraw = False
2084.7818 	EXP 	Sound sound_1 reached end of file
2084.7982 	EXP 	Sound sound_1 started
2085.0898 	EXP 	Sound sound_1 stopped
2085.1057 	EXP 	text: autoDraw = True
2085.1057 	EXP 	textbox: autoDraw = True
2086.8803 	DATA 	Keypress: 2
2087.1800 	DATA 	Keypress: 0
2087.3135 	DATA 	Keypress: 0
2088.0531 	DATA 	Mouse: Left button down, pos=(1000,189)
2088.0635 	EXP 	New trial (rep=6, index=23): <Trial 239 (23 in rep 6) data={'delay': 0.1, 'freq': 1000, 'condition': 'exp', 'thisN': 239, 'thisTrialN': 23, 'thisRepN': 6}>
2088.0789 	EXP 	text: autoDraw = False
2088.0789 	EXP 	textbox: autoDraw = False
2088.0789 	EXP 	polygon: autoDraw = True
2088.1462 	DATA 	Mouse:  Left button up, pos=(1000,189)
2089.0783 	INFO 	Keyboard events cleared
2089.0782 	EXP 	polygon: autoDraw = False
2089.0782 	EXP 	polygon_2: autoDraw = True
2090.5144 	DATA 	Keypress: space
2090.5268 	EXP 	polygon: autoDraw = False
2090.5268 	EXP 	polygon_2: autoDraw = False
2090.5937 	EXP 	Sound sound_1 reached end of file
2090.6100 	EXP 	Sound sound_1 started
2090.8489 	EXP 	Sound sound_1 reached end of file
2090.8601 	EXP 	Sound sound_1 reached end of file
2090.8840 	EXP 	text: autoDraw = True
2090.8840 	EXP 	textbox: autoDraw = True
2092.0091 	DATA 	Keypress: 1
2092.2424 	DATA 	Keypress: 0
2092.3590 	DATA 	Keypress: 0
2092.8587 	DATA 	Mouse: Left button down, pos=(1003,189)
2092.8596 	EXP 	New trial (rep=6, index=24): <Trial 240 (24 in rep 6) data={'delay': 0.4, 'freq': 400, 'condition': 'unexp', 'thisN': 240, 'thisTrialN': 24, 'thisRepN': 6}>
2092.8747 	EXP 	text: autoDraw = False
2092.8747 	EXP 	textbox: autoDraw = False
2092.8747 	EXP 	polygon: autoDraw = True
2092.9589 	DATA 	Mouse:  Left button up, pos=(1003,189)
2093.8742 	INFO 	Keyboard events cleared
2093.8740 	EXP 	polygon_2: autoDraw = True
2093.8906 	EXP 	polygon: autoDraw = False
2094.2277 	DATA 	Keypress: space
2094.2401 	EXP 	polygon: autoDraw = False
2094.2401 	EXP 	polygon_2: autoDraw = False
2094.6069 	EXP 	Sound sound_1 reached end of file
2094.6232 	EXP 	Sound sound_1 started
2094.9265 	EXP 	Sound sound_1 stopped
2094.9499 	EXP 	text: autoDraw = True
2094.9499 	EXP 	textbox: autoDraw = True
2096.1219 	DATA 	Keypress: 2
2096.2222 	DATA 	Keypress: 0
2096.3221 	DATA 	Keypress: 0
2097.0384 	DATA 	Mouse: Left button down, pos=(1004,190)
2097.0394 	EXP 	New trial (rep=6, index=25): <Trial 241 (25 in rep 6) data={'delay': 0.7, 'freq': 1000, 'condition': 'exp', 'thisN': 241, 'thisTrialN': 25, 'thisRepN': 6}>
2097.0544 	EXP 	text: autoDraw = False
2097.0544 	EXP 	textbox: autoDraw = False
2097.0544 	EXP 	polygon: autoDraw = True
2097.1049 	DATA 	Mouse:  Left button up, pos=(1007,190)
2098.0538 	INFO 	Keyboard events cleared
2098.0536 	EXP 	polygon: autoDraw = False
2098.0536 	EXP 	polygon_2: autoDraw = True
2098.6235 	DATA 	Keypress: space
2098.6360 	EXP 	polygon: autoDraw = False
2098.6360 	EXP 	polygon_2: autoDraw = False
2099.3028 	EXP 	Sound sound_1 reached end of file
2099.3191 	EXP 	Sound sound_1 started
2099.6144 	EXP 	Sound sound_1 stopped
2099.6363 	EXP 	text: autoDraw = True
2099.6363 	EXP 	textbox: autoDraw = True
2100.1984 	DATA 	Keypress: 3
2100.8422 	DATA 	Keypress: 0
2102.0507 	DATA 	Keypress: 0
2102.9924 	DATA 	Mouse: Left button down, pos=(1007,190)
2102.9969 	EXP 	New trial (rep=6, index=26): <Trial 242 (26 in rep 6) data={'delay': 0.1, 'freq': 1000, 'condition': 'exp', 'thisN': 242, 'thisTrialN': 26, 'thisRepN': 6}>
2103.0002 	EXP 	text: autoDraw = False
2103.0002 	EXP 	textbox: autoDraw = False
2103.0002 	EXP 	polygon: autoDraw = True
2103.0164 	DATA 	Mouse:  Left button up, pos=(1007,190)
2103.9987 	INFO 	Keyboard events cleared
2103.9986 	EXP 	polygon_2: autoDraw = True
2104.0151 	EXP 	polygon: autoDraw = False
2105.1184 	DATA 	Keypress: space
2105.1306 	EXP 	polygon: autoDraw = False
2105.1306 	EXP 	polygon_2: autoDraw = False
2105.1977 	EXP 	Sound sound_1 reached end of file
2105.2140 	EXP 	Sound sound_1 started
2105.5001 	EXP 	Sound sound_1 reached end of file
2105.5291 	EXP 	text: autoDraw = True
2105.5291 	EXP 	textbox: autoDraw = True
2107.2714 	DATA 	Keypress: 2
2107.7196 	DATA 	Keypress: 0
2107.8365 	DATA 	Keypress: 0
2111.2095 	DATA 	Mouse: Left button down, pos=(1007,190)
2111.2104 	EXP 	New trial (rep=6, index=27): <Trial 243 (27 in rep 6) data={'delay': 0.7, 'freq': 1000, 'condition': 'exp', 'thisN': 243, 'thisTrialN': 27, 'thisRepN': 6}>
2111.2254 	EXP 	text: autoDraw = False
2111.2254 	EXP 	textbox: autoDraw = False
2111.2254 	EXP 	polygon: autoDraw = True
2111.2763 	DATA 	Mouse:  Left button up, pos=(1007,190)
2112.2248 	INFO 	Keyboard events cleared
2112.2246 	EXP 	polygon: autoDraw = False
2112.2246 	EXP 	polygon_2: autoDraw = True
2112.4765 	DATA 	Keypress: space
2112.5075 	EXP 	polygon: autoDraw = False
2112.5075 	EXP 	polygon_2: autoDraw = False
2113.1905 	EXP 	Sound sound_1 reached end of file
2113.2068 	EXP 	Sound sound_1 started
2113.5011 	EXP 	Sound sound_1 stopped
2113.5243 	EXP 	text: autoDraw = True
2113.5243 	EXP 	textbox: autoDraw = True
2116.3990 	DATA 	Keypress: 3
2116.5619 	DATA 	Keypress: 0
2116.6713 	DATA 	Keypress: 0
2117.3279 	DATA 	Mouse: Left button down, pos=(1007,190)
2117.3382 	EXP 	New trial (rep=6, index=28): <Trial 244 (28 in rep 6) data={'delay': 0.1, 'freq': 1000, 'condition': 'exp', 'thisN': 244, 'thisTrialN': 28, 'thisRepN': 6}>
2117.3534 	EXP 	text: autoDraw = False
2117.3534 	EXP 	textbox: autoDraw = False
2117.3534 	EXP 	polygon: autoDraw = True
2117.4543 	DATA 	Mouse:  Left button up, pos=(1007,190)
2118.3528 	INFO 	Keyboard events cleared
2118.3526 	EXP 	polygon_2: autoDraw = True
2118.3691 	EXP 	polygon: autoDraw = False
2119.1539 	DATA 	Keypress: space
2119.1849 	EXP 	polygon: autoDraw = False
2119.1849 	EXP 	polygon_2: autoDraw = False
2119.2522 	EXP 	Sound sound_1 reached end of file
2119.2685 	EXP 	Sound sound_1 started
2119.5046 	EXP 	Sound sound_1 reached end of file
2119.5181 	EXP 	Sound sound_1 reached end of file
2119.5347 	EXP 	text: autoDraw = True
2119.5347 	EXP 	textbox: autoDraw = True
2121.1307 	DATA 	Keypress: 1
2121.3339 	DATA 	Keypress: 0
2121.4505 	DATA 	Keypress: 0
2122.0405 	DATA 	Mouse: Left button down, pos=(1007,190)
2122.0505 	EXP 	New trial (rep=6, index=29): <Trial 245 (29 in rep 6) data={'delay': 0.1, 'freq': 400, 'condition': 'unexp', 'thisN': 245, 'thisTrialN': 29, 'thisRepN': 6}>
2122.0659 	EXP 	text: autoDraw = False
2122.0659 	EXP 	textbox: autoDraw = False
2122.0659 	EXP 	polygon: autoDraw = True
2122.1003 	DATA 	Mouse:  Left button up, pos=(1007,190)
2123.0654 	INFO 	Keyboard events cleared
2123.0653 	EXP 	polygon_2: autoDraw = True
2123.0816 	EXP 	polygon: autoDraw = False
2123.3335 	DATA 	Keypress: space
2123.3649 	EXP 	polygon: autoDraw = False
2123.3649 	EXP 	polygon_2: autoDraw = False
2123.4315 	EXP 	Sound sound_1 reached end of file
2123.4479 	EXP 	Sound sound_1 started
2123.7568 	EXP 	Sound sound_1 stopped
2123.7817 	EXP 	text: autoDraw = True
2123.7817 	EXP 	textbox: autoDraw = True
2124.1940 	DATA 	Keypress: 1
2124.3308 	DATA 	Keypress: 0
2124.4260 	DATA 	Keypress: 0
2124.8488 	DATA 	Mouse: Left button down, pos=(1015,190)
2124.8497 	EXP 	New trial (rep=6, index=30): <Trial 246 (30 in rep 6) data={'delay': 0.4, 'freq': 1000, 'condition': 'exp', 'thisN': 246, 'thisTrialN': 30, 'thisRepN': 6}>
2124.8631 	EXP 	text: autoDraw = False
2124.8631 	EXP 	textbox: autoDraw = False
2124.8631 	EXP 	polygon: autoDraw = True
2124.8974 	DATA 	Mouse:  Left button up, pos=(1015,190)
2125.8629 	INFO 	Keyboard events cleared
2125.8627 	EXP 	polygon: autoDraw = False
2125.8627 	EXP 	polygon_2: autoDraw = True
2126.1001 	DATA 	Keypress: space
2126.1124 	EXP 	polygon: autoDraw = False
2126.1124 	EXP 	polygon_2: autoDraw = False
2126.4958 	EXP 	Sound sound_1 reached end of file
2126.5121 	EXP 	Sound sound_1 started
2126.8309 	EXP 	Sound sound_1 stopped
2126.8540 	EXP 	text: autoDraw = True
2126.8540 	EXP 	textbox: autoDraw = True
2127.3204 	DATA 	Keypress: 2
2127.5189 	DATA 	Keypress: 0
2127.6280 	DATA 	Keypress: 0
2128.3017 	DATA 	Mouse: Left button down, pos=(1020,190)
2128.3119 	EXP 	New trial (rep=6, index=31): <Trial 247 (31 in rep 6) data={'delay': 0.4, 'freq': 1000, 'condition': 'exp', 'thisN': 247, 'thisTrialN': 31, 'thisRepN': 6}>
2128.3269 	EXP 	text: autoDraw = False
2128.3269 	EXP 	textbox: autoDraw = False
2128.3269 	EXP 	polygon: autoDraw = True
2128.3944 	DATA 	Mouse:  Left button up, pos=(1020,190)
2129.3267 	INFO 	Keyboard events cleared
2129.3265 	EXP 	polygon: autoDraw = False
2129.3265 	EXP 	polygon_2: autoDraw = True
2130.0467 	DATA 	Keypress: space
2130.0590 	EXP 	polygon: autoDraw = False
2130.0590 	EXP 	polygon_2: autoDraw = False
2130.4425 	EXP 	Sound sound_1 reached end of file
2130.4588 	EXP 	Sound sound_1 started
2130.7549 	EXP 	Sound sound_1 stopped
2130.7719 	EXP 	text: autoDraw = True
2130.7719 	EXP 	textbox: autoDraw = True
2131.1666 	DATA 	Keypress: 2
2131.5313 	DATA 	Keypress: backspace
2131.7079 	DATA 	Keypress: 1
2131.8149 	DATA 	Keypress: 0
2131.9076 	DATA 	Keypress: 0
2132.7646 	DATA 	Mouse: Left button down, pos=(955,247)
2132.7746 	EXP 	New trial (rep=6, index=32): <Trial 248 (32 in rep 6) data={'delay': 0.7, 'freq': 1000, 'condition': 'exp', 'thisN': 248, 'thisTrialN': 32, 'thisRepN': 6}>
2132.7900 	EXP 	text: autoDraw = False
2132.7900 	EXP 	textbox: autoDraw = False
2132.7900 	EXP 	polygon: autoDraw = True
2132.8406 	DATA 	Mouse:  Left button up, pos=(955,247)
2133.7891 	INFO 	Keyboard events cleared
2133.7889 	EXP 	polygon: autoDraw = False
2133.7889 	EXP 	polygon_2: autoDraw = True
2135.4423 	DATA 	Keypress: space
2135.4540 	EXP 	polygon: autoDraw = False
2135.4540 	EXP 	polygon_2: autoDraw = False
2136.1375 	EXP 	Sound sound_1 reached end of file
2136.1537 	EXP 	Sound sound_1 started
2136.4306 	EXP 	Sound sound_1 reached end of file
2136.4625 	EXP 	text: autoDraw = True
2136.4625 	EXP 	textbox: autoDraw = True
2137.1199 	DATA 	Keypress: 2
2137.3106 	DATA 	Keypress: 0
2137.4362 	DATA 	Keypress: 0
2138.2133 	DATA 	Mouse: Left button down, pos=(955,247)
2138.2194 	EXP 	New trial (rep=6, index=33): <Trial 249 (33 in rep 6) data={'delay': 0.4, 'freq': 1000, 'condition': 'exp', 'thisN': 249, 'thisTrialN': 33, 'thisRepN': 6}>
2138.2352 	EXP 	text: autoDraw = False
2138.2352 	EXP 	textbox: autoDraw = False
2138.2352 	EXP 	polygon: autoDraw = True
2138.3027 	DATA 	Mouse:  Left button up, pos=(955,247)
2139.2346 	INFO 	Keyboard events cleared
2139.2344 	EXP 	polygon: autoDraw = False
2139.2344 	EXP 	polygon_2: autoDraw = True
2139.7714 	DATA 	Keypress: space
2139.7838 	EXP 	polygon: autoDraw = False
2139.7838 	EXP 	polygon_2: autoDraw = False
2140.1672 	EXP 	Sound sound_1 reached end of file
2140.1835 	EXP 	Sound sound_1 started
2140.4349 	EXP 	Sound sound_1 reached end of file
2140.4385 	EXP 	Sound sound_1 reached end of file
2140.4560 	EXP 	text: autoDraw = True
2140.4560 	EXP 	textbox: autoDraw = True
2141.6496 	DATA 	Keypress: 2
2142.2225 	DATA 	Keypress: 0
2142.3656 	DATA 	Keypress: 0
2143.1480 	DATA 	Mouse: Left button down, pos=(951,243)
2143.1489 	EXP 	New trial (rep=6, index=34): <Trial 250 (34 in rep 6) data={'delay': 0.4, 'freq': 1000, 'condition': 'exp', 'thisN': 250, 'thisTrialN': 34, 'thisRepN': 6}>
2143.1640 	EXP 	text: autoDraw = False
2143.1640 	EXP 	textbox: autoDraw = False
2143.1640 	EXP 	polygon: autoDraw = True
2143.1818 	DATA 	Mouse:  Left button up, pos=(951,243)
2144.1630 	INFO 	Keyboard events cleared
2144.1629 	EXP 	polygon_2: autoDraw = True
2144.1795 	EXP 	polygon: autoDraw = False
2144.2811 	DATA 	Keypress: space
2144.2960 	EXP 	polygon: autoDraw = False
2144.2960 	EXP 	polygon_2: autoDraw = False
2144.6626 	EXP 	Sound sound_1 reached end of file
2144.6790 	EXP 	Sound sound_1 started
2144.9123 	EXP 	Sound sound_1 reached end of file
2144.9290 	EXP 	Sound sound_1 reached end of file
2144.9458 	EXP 	text: autoDraw = True
2144.9458 	EXP 	textbox: autoDraw = True
2145.7760 	DATA 	Keypress: 2
2146.0453 	DATA 	Keypress: 0
2146.1705 	DATA 	Keypress: 0
2146.6024 	DATA 	Mouse: wheel shift=(0,1), pos=(952,243)
2146.8114 	DATA 	Mouse: Left button down, pos=(953,243)
2146.8126 	EXP 	New trial (rep=6, index=35): <Trial 251 (35 in rep 6) data={'delay': 0.7, 'freq': 400, 'condition': 'unexp', 'thisN': 251, 'thisTrialN': 35, 'thisRepN': 6}>
2146.8273 	EXP 	text: autoDraw = False
2146.8273 	EXP 	textbox: autoDraw = False
2146.8273 	EXP 	polygon: autoDraw = True
2146.8950 	DATA 	Mouse:  Left button up, pos=(953,243)
2147.8271 	INFO 	Keyboard events cleared
2147.8269 	EXP 	polygon: autoDraw = False
2147.8269 	EXP 	polygon_2: autoDraw = True
2148.1617 	DATA 	Keypress: space
2148.1760 	EXP 	polygon: autoDraw = False
2148.1760 	EXP 	polygon_2: autoDraw = False
2148.8431 	EXP 	Sound sound_1 reached end of file
2148.8594 	EXP 	Sound sound_1 started
2149.1649 	EXP 	Sound sound_1 stopped
2149.1813 	EXP 	text: autoDraw = True
2149.1813 	EXP 	textbox: autoDraw = True
2149.8735 	DATA 	Keypress: 3
2149.9671 	DATA 	Keypress: 0
2150.0921 	DATA 	Keypress: 0
2150.9930 	DATA 	Mouse: Left button down, pos=(956,243)
2150.9938 	EXP 	New trial (rep=7, index=0): <Trial 252 (0 in rep 7) data={'delay': 0.1, 'freq': 1000, 'condition': 'exp', 'thisN': 252, 'thisTrialN': 0, 'thisRepN': 7}>
2151.0075 	EXP 	text: autoDraw = False
2151.0075 	EXP 	textbox: autoDraw = False
2151.0075 	EXP 	polygon: autoDraw = True
2151.0581 	DATA 	Mouse:  Left button up, pos=(956,243)
2152.0068 	INFO 	Keyboard events cleared
2152.0066 	EXP 	polygon: autoDraw = False
2152.0066 	EXP 	polygon_2: autoDraw = True
2152.2603 	DATA 	Keypress: space
2152.2729 	EXP 	polygon: autoDraw = False
2152.2729 	EXP 	polygon_2: autoDraw = False
2152.3400 	EXP 	Sound sound_1 reached end of file
2152.3563 	EXP 	Sound sound_1 started
2152.6700 	EXP 	Sound sound_1 stopped
2152.6869 	EXP 	text: autoDraw = True
2152.6869 	EXP 	textbox: autoDraw = True
2153.7690 	DATA 	Keypress: 2
2154.0719 	DATA 	Keypress: 0
2154.2049 	DATA 	Keypress: 0
2154.8548 	DATA 	Mouse: Left button down, pos=(956,243)
2154.8556 	EXP 	New trial (rep=7, index=1): <Trial 253 (1 in rep 7) data={'delay': 0.4, 'freq': 1000, 'condition': 'exp', 'thisN': 253, 'thisTrialN': 1, 'thisRepN': 7}>
2154.8707 	EXP 	text: autoDraw = False
2154.8707 	EXP 	textbox: autoDraw = False
2154.8707 	EXP 	polygon: autoDraw = True
2154.9050 	DATA 	Mouse:  Left button up, pos=(956,243)
2155.7865 	WARNING 	Keypress was given unknown key code (174)
2155.8700 	INFO 	Keyboard events cleared
2155.8698 	EXP 	polygon: autoDraw = False
2155.8698 	EXP 	polygon_2: autoDraw = True
2155.8871 	WARNING 	Keypress was given unknown key code (174)
2156.0029 	WARNING 	Keypress was given unknown key code (174)
2156.1033 	WARNING 	Keypress was given unknown key code (174)
2156.2200 	WARNING 	Keypress was given unknown key code (174)
2156.3199 	WARNING 	Keypress was given unknown key code (174)
2156.4196 	WARNING 	Keypress was given unknown key code (174)
2157.1232 	DATA 	Keypress: space
2157.1354 	EXP 	polygon: autoDraw = False
2157.1354 	EXP 	polygon_2: autoDraw = False
2157.5188 	EXP 	Sound sound_1 reached end of file
2157.5351 	EXP 	Sound sound_1 started
2157.8335 	EXP 	Sound sound_1 stopped
2157.8577 	EXP 	text: autoDraw = True
2157.8577 	EXP 	textbox: autoDraw = True
2159.2341 	DATA 	Keypress: 3
2159.3574 	DATA 	Keypress: 0
2159.4837 	DATA 	Keypress: 0
2160.0508 	DATA 	Mouse: Left button down, pos=(957,243)
2160.0516 	EXP 	New trial (rep=7, index=2): <Trial 254 (2 in rep 7) data={'delay': 0.1, 'freq': 1000, 'condition': 'exp', 'thisN': 254, 'thisTrialN': 2, 'thisRepN': 7}>
2160.0662 	EXP 	text: autoDraw = False
2160.0662 	EXP 	textbox: autoDraw = False
2160.0662 	EXP 	polygon: autoDraw = True
2160.1000 	DATA 	Mouse:  Left button up, pos=(957,243)
2161.0656 	INFO 	Keyboard events cleared
2161.0654 	EXP 	polygon: autoDraw = False
2161.0654 	EXP 	polygon_2: autoDraw = True
2161.5661 	DATA 	Keypress: space
2161.5809 	EXP 	polygon: autoDraw = False
2161.5809 	EXP 	polygon_2: autoDraw = False
2161.6478 	EXP 	Sound sound_1 reached end of file
2161.6642 	EXP 	Sound sound_1 started
2161.9268 	EXP 	Sound sound_1 reached end of file
2161.9313 	EXP 	Sound sound_1 reached end of file
2161.9532 	EXP 	text: autoDraw = True
2161.9532 	EXP 	textbox: autoDraw = True
2162.5477 	DATA 	Keypress: 1
2162.6976 	DATA 	Keypress: 0
2162.8145 	DATA 	Keypress: 0
2163.7305 	DATA 	Mouse: Left button down, pos=(963,243)
2163.7313 	EXP 	New trial (rep=7, index=3): <Trial 255 (3 in rep 7) data={'delay': 0.7, 'freq': 1000, 'condition': 'exp', 'thisN': 255, 'thisTrialN': 3, 'thisRepN': 7}>
2163.7459 	EXP 	text: autoDraw = False
2163.7459 	EXP 	textbox: autoDraw = False
2163.7459 	EXP 	polygon: autoDraw = True
2163.8303 	DATA 	Mouse:  Left button up, pos=(963,243)
2164.7454 	INFO 	Keyboard events cleared
2164.7453 	EXP 	polygon: autoDraw = False
2164.7453 	EXP 	polygon_2: autoDraw = True
2165.0661 	DATA 	Keypress: space
2165.0781 	EXP 	polygon: autoDraw = False
2165.0781 	EXP 	polygon_2: autoDraw = False
2165.7617 	EXP 	Sound sound_1 reached end of file
2165.7780 	EXP 	Sound sound_1 started
2166.0924 	EXP 	Sound sound_1 stopped
2166.1167 	EXP 	text: autoDraw = True
2166.1167 	EXP 	textbox: autoDraw = True
2167.0563 	DATA 	Keypress: 2
2167.6602 	DATA 	Keypress: 5
2167.7436 	DATA 	Keypress: 0
2168.3761 	DATA 	Mouse: wheel shift=(0,1), pos=(976,247)
2168.5335 	DATA 	Mouse: Left button down, pos=(976,247)
2168.5432 	EXP 	New trial (rep=7, index=4): <Trial 256 (4 in rep 7) data={'delay': 0.7, 'freq': 1000, 'condition': 'exp', 'thisN': 256, 'thisTrialN': 4, 'thisRepN': 7}>
2168.5583 	EXP 	text: autoDraw = False
2168.5583 	EXP 	textbox: autoDraw = False
2168.5583 	EXP 	polygon: autoDraw = True
2168.6095 	DATA 	Mouse:  Left button up, pos=(976,247)
2169.5579 	INFO 	Keyboard events cleared
2169.5577 	EXP 	polygon: autoDraw = False
2169.5577 	EXP 	polygon_2: autoDraw = True
2169.9620 	DATA 	Keypress: space
2169.9744 	EXP 	polygon: autoDraw = False
2169.9744 	EXP 	polygon_2: autoDraw = False
2170.6573 	EXP 	Sound sound_1 reached end of file
2170.6737 	EXP 	Sound sound_1 started
2170.9357 	EXP 	Sound sound_1 reached end of file
2170.9400 	EXP 	Sound sound_1 reached end of file
2170.9617 	EXP 	text: autoDraw = True
2170.9617 	EXP 	textbox: autoDraw = True
2171.3995 	DATA 	Keypress: 4
2171.5464 	DATA 	Keypress: minus
2172.0564 	DATA 	Keypress: backspace
2172.2894 	DATA 	Keypress: 0
2172.4064 	DATA 	Keypress: 0
2173.4295 	DATA 	Mouse: Left button down, pos=(979,249)
2173.4391 	EXP 	New trial (rep=7, index=5): <Trial 257 (5 in rep 7) data={'delay': 0.1, 'freq': 1000, 'condition': 'exp', 'thisN': 257, 'thisTrialN': 5, 'thisRepN': 7}>
2173.4545 	EXP 	text: autoDraw = False
2173.4545 	EXP 	textbox: autoDraw = False
2173.4545 	EXP 	polygon: autoDraw = True
2173.4885 	DATA 	Mouse:  Left button up, pos=(981,249)
2174.4539 	INFO 	Keyboard events cleared
2174.4537 	EXP 	polygon_2: autoDraw = True
2174.4703 	EXP 	polygon: autoDraw = False
2174.9410 	DATA 	Keypress: space
2174.9532 	EXP 	polygon: autoDraw = False
2174.9532 	EXP 	polygon_2: autoDraw = False
2175.0202 	EXP 	Sound sound_1 reached end of file
2175.0365 	EXP 	Sound sound_1 started
2175.3330 	EXP 	Sound sound_1 stopped
2175.3501 	EXP 	text: autoDraw = True
2175.3501 	EXP 	textbox: autoDraw = True
2176.6355 	DATA 	Keypress: 2
2176.8855 	DATA 	Keypress: 0
2176.9855 	DATA 	Keypress: 0
2177.7680 	DATA 	Mouse: Left button down, pos=(982,249)
2177.7688 	EXP 	New trial (rep=7, index=6): <Trial 258 (6 in rep 7) data={'delay': 0.4, 'freq': 1000, 'condition': 'exp', 'thisN': 258, 'thisTrialN': 6, 'thisRepN': 7}>
2177.7838 	EXP 	text: autoDraw = False
2177.7838 	EXP 	textbox: autoDraw = False
2177.7838 	EXP 	polygon: autoDraw = True
2177.8514 	DATA 	Mouse:  Left button up, pos=(982,249)
2178.7835 	INFO 	Keyboard events cleared
2178.7833 	EXP 	polygon: autoDraw = False
2178.7833 	EXP 	polygon_2: autoDraw = True
2179.7034 	DATA 	Keypress: space
2179.7158 	EXP 	polygon: autoDraw = False
2179.7158 	EXP 	polygon_2: autoDraw = False
2180.0991 	EXP 	Sound sound_1 reached end of file
2180.1154 	EXP 	Sound sound_1 started
2180.4100 	EXP 	Sound sound_1 stopped
2180.4346 	EXP 	text: autoDraw = True
2180.4346 	EXP 	textbox: autoDraw = True
2184.0290 	DATA 	Keypress: 2
2184.3369 	DATA 	Keypress: 0
2184.4695 	DATA 	Keypress: 0
2184.9523 	DATA 	Mouse: Left button down, pos=(982,249)
2184.9625 	EXP 	New trial (rep=7, index=7): <Trial 259 (7 in rep 7) data={'delay': 0.7, 'freq': 400, 'condition': 'unexp', 'thisN': 259, 'thisTrialN': 7, 'thisRepN': 7}>
2184.9778 	EXP 	text: autoDraw = False
2184.9778 	EXP 	textbox: autoDraw = False
2184.9778 	EXP 	polygon: autoDraw = True
2185.0456 	DATA 	Mouse:  Left button up, pos=(982,249)
2185.9772 	INFO 	Keyboard events cleared
2185.9770 	EXP 	polygon: autoDraw = False
2185.9770 	EXP 	polygon_2: autoDraw = True
2186.2481 	DATA 	Keypress: space
2186.2598 	EXP 	polygon: autoDraw = False
2186.2598 	EXP 	polygon_2: autoDraw = False
2186.9430 	EXP 	Sound sound_1 reached end of file
2186.9593 	EXP 	Sound sound_1 started
2187.2518 	EXP 	Sound sound_1 stopped
2187.2678 	EXP 	text: autoDraw = True
2187.2678 	EXP 	textbox: autoDraw = True
2189.0035 	DATA 	Keypress: 3
2189.1811 	DATA 	Keypress: 5
2189.7145 	DATA 	Keypress: backspace
2189.8412 	DATA 	Keypress: backspace
2190.3162 	DATA 	Keypress: 4
2190.4149 	DATA 	Keypress: 0
2190.5234 	DATA 	Keypress: 0
2191.1300 	DATA 	Mouse: Left button down, pos=(984,249)
2191.1405 	EXP 	New trial (rep=7, index=8): <Trial 260 (8 in rep 7) data={'delay': 0.7, 'freq': 1000, 'condition': 'exp', 'thisN': 260, 'thisTrialN': 8, 'thisRepN': 7}>
2191.1558 	EXP 	text: autoDraw = False
2191.1558 	EXP 	textbox: autoDraw = False
2191.1558 	EXP 	polygon: autoDraw = True
2191.2234 	DATA 	Mouse:  Left button up, pos=(984,249)
2192.1546 	INFO 	Keyboard events cleared
2192.1544 	EXP 	polygon_2: autoDraw = True
2192.1710 	EXP 	polygon: autoDraw = False
2192.2570 	DATA 	Keypress: space
2192.2709 	EXP 	polygon: autoDraw = False
2192.2709 	EXP 	polygon_2: autoDraw = False
2192.9379 	EXP 	Sound sound_1 reached end of file
2192.9542 	EXP 	Sound sound_1 started
2193.1722 	DATA 	Keypress: space
2193.2581 	EXP 	Sound sound_1 stopped
2193.2803 	EXP 	text: autoDraw = True
2193.2803 	EXP 	textbox: autoDraw = True
2194.1817 	DATA 	Keypress: 2
2194.2958 	DATA 	Keypress: 0
2194.4108 	DATA 	Keypress: 0
2195.1212 	DATA 	Mouse: Left button down, pos=(985,249)
2195.1220 	EXP 	New trial (rep=7, index=9): <Trial 261 (9 in rep 7) data={'delay': 0.4, 'freq': 1000, 'condition': 'exp', 'thisN': 261, 'thisTrialN': 9, 'thisRepN': 7}>
2195.1356 	EXP 	text: autoDraw = False
2195.1356 	EXP 	textbox: autoDraw = False
2195.1356 	EXP 	polygon: autoDraw = True
2195.2196 	DATA 	Mouse:  Left button up, pos=(987,249)
2196.1349 	INFO 	Keyboard events cleared
2196.1347 	EXP 	polygon_2: autoDraw = True
2196.1513 	EXP 	polygon: autoDraw = False
2196.4063 	DATA 	Keypress: space
2196.4179 	EXP 	polygon: autoDraw = False
2196.4179 	EXP 	polygon_2: autoDraw = False
2196.8012 	EXP 	Sound sound_1 reached end of file
2196.8175 	EXP 	Sound sound_1 started
2197.1208 	EXP 	Sound sound_1 stopped
2197.1421 	EXP 	text: autoDraw = True
2197.1421 	EXP 	textbox: autoDraw = True
2197.8614 	DATA 	Keypress: 2
2198.0334 	DATA 	Keypress: 0
2198.1502 	DATA 	Keypress: 0
2198.5405 	DATA 	Mouse: Left button down, pos=(988,248)
2198.5507 	EXP 	New trial (rep=7, index=10): <Trial 262 (10 in rep 7) data={'delay': 0.4, 'freq': 400, 'condition': 'unexp', 'thisN': 262, 'thisTrialN': 10, 'thisRepN': 7}>
2198.5660 	EXP 	text: autoDraw = False
2198.5660 	EXP 	textbox: autoDraw = False
2198.5660 	EXP 	polygon: autoDraw = True
2198.5838 	DATA 	Mouse:  Left button up, pos=(988,248)
2199.5652 	INFO 	Keyboard events cleared
2199.5650 	EXP 	polygon: autoDraw = False
2199.5650 	EXP 	polygon_2: autoDraw = True
2199.9861 	DATA 	Keypress: space
2199.9982 	EXP 	polygon: autoDraw = False
2199.9982 	EXP 	polygon_2: autoDraw = False
2200.3648 	EXP 	Sound sound_1 reached end of file
2200.3812 	EXP 	Sound sound_1 started
2200.6670 	EXP 	Sound sound_1 stopped
2200.6899 	EXP 	text: autoDraw = True
2200.6899 	EXP 	textbox: autoDraw = True
2201.1731 	DATA 	Keypress: 3
2201.3810 	DATA 	Keypress: 0
2201.4876 	DATA 	Keypress: 0
2202.2535 	DATA 	Mouse: wheel shift=(0,1), pos=(991,249)
2202.5795 	DATA 	Mouse: Left button down, pos=(991,249)
2202.5804 	EXP 	New trial (rep=7, index=11): <Trial 263 (11 in rep 7) data={'delay': 0.4, 'freq': 1000, 'condition': 'exp', 'thisN': 263, 'thisTrialN': 11, 'thisRepN': 7}>
2202.5956 	EXP 	text: autoDraw = False
2202.5956 	EXP 	textbox: autoDraw = False
2202.5956 	EXP 	polygon: autoDraw = True
2202.6299 	DATA 	Mouse:  Left button up, pos=(991,249)
2203.5949 	INFO 	Keyboard events cleared
2203.5947 	EXP 	polygon: autoDraw = False
2203.5947 	EXP 	polygon_2: autoDraw = True
2203.8467 	DATA 	Keypress: space
2203.8781 	EXP 	polygon: autoDraw = False
2203.8781 	EXP 	polygon_2: autoDraw = False
2204.2609 	EXP 	Sound sound_1 reached end of file
2204.2772 	EXP 	Sound sound_1 started
2204.6001 	EXP 	Sound sound_1 stopped
2204.6235 	EXP 	text: autoDraw = True
2204.6235 	EXP 	textbox: autoDraw = True
2207.2680 	DATA 	Keypress: 3
2207.5256 	DATA 	Keypress: 0
2207.6419 	DATA 	Keypress: 0
2208.1748 	DATA 	Mouse: Left button down, pos=(995,250)
2208.1756 	EXP 	New trial (rep=7, index=12): <Trial 264 (12 in rep 7) data={'delay': 0.4, 'freq': 1000, 'condition': 'exp', 'thisN': 264, 'thisTrialN': 12, 'thisRepN': 7}>
2208.1910 	EXP 	text: autoDraw = False
2208.1910 	EXP 	textbox: autoDraw = False
2208.1910 	EXP 	polygon: autoDraw = True
2208.2583 	DATA 	Mouse:  Left button up, pos=(995,250)
2209.1904 	INFO 	Keyboard events cleared
2209.1902 	EXP 	polygon_2: autoDraw = True
2209.2068 	EXP 	polygon: autoDraw = False
2209.4441 	DATA 	Keypress: space
2209.4565 	EXP 	polygon: autoDraw = False
2209.4565 	EXP 	polygon_2: autoDraw = False
2209.8399 	EXP 	Sound sound_1 reached end of file
2209.8562 	EXP 	Sound sound_1 started
2210.1730 	EXP 	Sound sound_1 stopped
2210.1978 	EXP 	text: autoDraw = True
2210.1978 	EXP 	textbox: autoDraw = True
2211.0195 	DATA 	Keypress: 4
2211.2388 	DATA 	Keypress: 0
2211.3621 	DATA 	Keypress: 0
2211.7803 	DATA 	Mouse: Left button down, pos=(997,250)
2211.7892 	EXP 	New trial (rep=7, index=13): <Trial 265 (13 in rep 7) data={'delay': 0.1, 'freq': 1000, 'condition': 'exp', 'thisN': 265, 'thisTrialN': 13, 'thisRepN': 7}>
2211.8043 	EXP 	text: autoDraw = False
2211.8043 	EXP 	textbox: autoDraw = False
2211.8043 	EXP 	polygon: autoDraw = True
2211.8218 	DATA 	Mouse:  Left button up, pos=(999,250)
2212.8038 	INFO 	Keyboard events cleared
2212.8036 	EXP 	polygon: autoDraw = False
2212.8036 	EXP 	polygon_2: autoDraw = True
2228.8586 	DATA 	Keypress: space
2228.8896 	EXP 	polygon: autoDraw = False
2228.8896 	EXP 	polygon_2: autoDraw = False
2228.9566 	EXP 	Sound sound_1 reached end of file
2228.9729 	EXP 	Sound sound_1 started
2229.2764 	EXP 	Sound sound_1 stopped
2229.2898 	EXP 	text: autoDraw = True
2229.2898 	EXP 	textbox: autoDraw = True
2231.5983 	DATA 	Keypress: 2
2231.7211 	DATA 	Keypress: 0
2231.8377 	DATA 	Keypress: 0
2232.5206 	DATA 	Mouse: Left button down, pos=(999,250)
2232.5215 	EXP 	New trial (rep=7, index=14): <Trial 266 (14 in rep 7) data={'delay': 0.4, 'freq': 1000, 'condition': 'exp', 'thisN': 266, 'thisTrialN': 14, 'thisRepN': 7}>
2232.5364 	EXP 	text: autoDraw = False
2232.5364 	EXP 	textbox: autoDraw = False
2232.5364 	EXP 	polygon: autoDraw = True
2232.5706 	DATA 	Mouse:  Left button up, pos=(999,250)
2233.5358 	INFO 	Keyboard events cleared
2233.5356 	EXP 	polygon_2: autoDraw = True
2233.5523 	EXP 	polygon: autoDraw = False
2233.7728 	DATA 	Keypress: space
2233.7853 	EXP 	polygon: autoDraw = False
2233.7853 	EXP 	polygon_2: autoDraw = False
2234.1682 	EXP 	Sound sound_1 reached end of file
2234.1846 	EXP 	Sound sound_1 started
2234.4351 	EXP 	Sound sound_1 reached end of file
2234.4384 	EXP 	Sound sound_1 reached end of file
2234.4533 	EXP 	text: autoDraw = True
2234.4533 	EXP 	textbox: autoDraw = True
2234.8621 	DATA 	Keypress: 2
2235.0079 	DATA 	Keypress: 0
2235.1247 	DATA 	Keypress: 0
2235.7416 	DATA 	Mouse: Left button down, pos=(999,250)
2235.7512 	EXP 	New trial (rep=7, index=15): <Trial 267 (15 in rep 7) data={'delay': 0.1, 'freq': 1000, 'condition': 'exp', 'thisN': 267, 'thisTrialN': 15, 'thisRepN': 7}>
2235.7668 	EXP 	text: autoDraw = False
2235.7668 	EXP 	textbox: autoDraw = False
2235.7668 	EXP 	polygon: autoDraw = True
2235.7850 	DATA 	Mouse:  Left button up, pos=(999,250)
2236.7664 	INFO 	Keyboard events cleared
2236.7662 	EXP 	polygon: autoDraw = False
2236.7662 	EXP 	polygon_2: autoDraw = True
2237.1196 	DATA 	Keypress: space
2237.1324 	EXP 	polygon: autoDraw = False
2237.1324 	EXP 	polygon_2: autoDraw = False
2237.2161 	EXP 	Sound sound_1 reached end of file
2237.2324 	EXP 	Sound sound_1 started
2237.5091 	EXP 	Sound sound_1 reached end of file
2237.5418 	EXP 	text: autoDraw = True
2237.5418 	EXP 	textbox: autoDraw = True
2238.0906 	DATA 	Keypress: 1
2238.2987 	DATA 	Keypress: 0
2238.4150 	DATA 	Keypress: 0
2239.0815 	DATA 	Mouse: Left button down, pos=(999,250)
2239.0824 	EXP 	New trial (rep=7, index=16): <Trial 268 (16 in rep 7) data={'delay': 0.4, 'freq': 400, 'condition': 'unexp', 'thisN': 268, 'thisTrialN': 16, 'thisRepN': 7}>
2239.0974 	EXP 	text: autoDraw = False
2239.0974 	EXP 	textbox: autoDraw = False
2239.0974 	EXP 	polygon: autoDraw = True
2239.1484 	DATA 	Mouse:  Left button up, pos=(999,250)
2240.0968 	INFO 	Keyboard events cleared
2240.0967 	EXP 	polygon: autoDraw = False
2240.0967 	EXP 	polygon_2: autoDraw = True
2240.4007 	DATA 	Keypress: space
2240.4130 	EXP 	polygon: autoDraw = False
2240.4130 	EXP 	polygon_2: autoDraw = False
2240.7963 	EXP 	Sound sound_1 reached end of file
2240.8126 	EXP 	Sound sound_1 started
2241.1011 	EXP 	Sound sound_1 stopped
2241.1245 	EXP 	text: autoDraw = True
2241.1245 	EXP 	textbox: autoDraw = True
2241.6715 	DATA 	Keypress: 3
2241.7356 	DATA 	Keypress: 0
2241.8360 	DATA 	Keypress: 0
2243.0116 	DATA 	Keypress: backspace
2243.1344 	DATA 	Keypress: backspace
2243.2506 	DATA 	Keypress: backspace
2243.5372 	DATA 	Keypress: 2
2243.7108 	DATA 	Keypress: 0
2243.8173 	DATA 	Keypress: 0
2244.6771 	DATA 	Mouse: Left button down, pos=(999,250)
2244.6783 	EXP 	New trial (rep=7, index=17): <Trial 269 (17 in rep 7) data={'delay': 0.7, 'freq': 400, 'condition': 'unexp', 'thisN': 269, 'thisTrialN': 17, 'thisRepN': 7}>
2244.6926 	EXP 	text: autoDraw = False
2244.6926 	EXP 	textbox: autoDraw = False
2244.6926 	EXP 	polygon: autoDraw = True
2244.7601 	DATA 	Mouse:  Left button up, pos=(999,250)
2245.6920 	INFO 	Keyboard events cleared
2245.6918 	EXP 	polygon_2: autoDraw = True
2245.7084 	EXP 	polygon: autoDraw = False
2247.5779 	DATA 	Keypress: space
2247.5900 	EXP 	polygon: autoDraw = False
2247.5900 	EXP 	polygon_2: autoDraw = False
2248.2728 	EXP 	Sound sound_1 reached end of file
2248.2891 	EXP 	Sound sound_1 started
2248.6023 	EXP 	Sound sound_1 stopped
2248.6308 	EXP 	text: autoDraw = True
2248.6308 	EXP 	textbox: autoDraw = True
2249.0006 	DATA 	Keypress: 4
2249.1393 	DATA 	Keypress: 0
2249.2626 	DATA 	Keypress: 0
2250.0571 	DATA 	Mouse: Left button down, pos=(1009,250)
2250.0580 	EXP 	New trial (rep=7, index=18): <Trial 270 (18 in rep 7) data={'delay': 0.7, 'freq': 1000, 'condition': 'exp', 'thisN': 270, 'thisTrialN': 18, 'thisRepN': 7}>
2250.0711 	EXP 	text: autoDraw = False
2250.0711 	EXP 	textbox: autoDraw = False
2250.0711 	EXP 	polygon: autoDraw = True
2250.0888 	DATA 	Mouse:  Left button up, pos=(1009,250)
2251.0705 	INFO 	Keyboard events cleared
2251.0704 	EXP 	polygon: autoDraw = False
2251.0704 	EXP 	polygon_2: autoDraw = True
2251.3753 	DATA 	Keypress: space
2251.3864 	EXP 	polygon: autoDraw = False
2251.3864 	EXP 	polygon_2: autoDraw = False
2252.0696 	EXP 	Sound sound_1 reached end of file
2252.0859 	EXP 	Sound sound_1 started
2252.3497 	EXP 	Sound sound_1 reached end of file
2252.3536 	EXP 	Sound sound_1 reached end of file
2252.3757 	EXP 	text: autoDraw = True
2252.3757 	EXP 	textbox: autoDraw = True
2252.9527 	DATA 	Keypress: 5
2253.2857 	DATA 	Keypress: 0
2253.4189 	DATA 	Keypress: 0
2254.5513 	DATA 	Mouse: Left button down, pos=(1010,250)
2254.5522 	EXP 	New trial (rep=7, index=19): <Trial 271 (19 in rep 7) data={'delay': 0.7, 'freq': 1000, 'condition': 'exp', 'thisN': 271, 'thisTrialN': 19, 'thisRepN': 7}>
2254.5672 	EXP 	text: autoDraw = False
2254.5672 	EXP 	textbox: autoDraw = False
2254.5672 	EXP 	polygon: autoDraw = True
2254.6183 	DATA 	Mouse:  Left button up, pos=(1015,250)
2255.5661 	INFO 	Keyboard events cleared
2255.5660 	EXP 	polygon: autoDraw = False
2255.5660 	EXP 	polygon_2: autoDraw = True
2256.7526 	DATA 	Keypress: space
2256.7653 	EXP 	polygon: autoDraw = False
2256.7653 	EXP 	polygon_2: autoDraw = False
2257.4481 	EXP 	Sound sound_1 reached end of file
2257.4645 	EXP 	Sound sound_1 started
2257.7665 	EXP 	Sound sound_1 stopped
2257.7877 	EXP 	text: autoDraw = True
2257.7877 	EXP 	textbox: autoDraw = True
2258.8074 	DATA 	Keypress: 3
2258.9639 	DATA 	Keypress: 0
2259.0805 	DATA 	Keypress: 0
2259.8467 	DATA 	Mouse: Left button down, pos=(849,247)
2259.8476 	EXP 	New trial (rep=7, index=20): <Trial 272 (20 in rep 7) data={'delay': 0.1, 'freq': 400, 'condition': 'unexp', 'thisN': 272, 'thisTrialN': 20, 'thisRepN': 7}>
2259.8626 	EXP 	text: autoDraw = False
2259.8626 	EXP 	textbox: autoDraw = False
2259.8626 	EXP 	polygon: autoDraw = True
2259.8969 	DATA 	Mouse:  Left button up, pos=(849,247)
2260.8621 	INFO 	Keyboard events cleared
2260.8619 	EXP 	polygon: autoDraw = False
2260.8619 	EXP 	polygon_2: autoDraw = True
2261.2137 	DATA 	Keypress: space
2261.2444 	EXP 	polygon: autoDraw = False
2261.2444 	EXP 	polygon_2: autoDraw = False
2261.3117 	EXP 	Sound sound_1 reached end of file
2261.3281 	EXP 	Sound sound_1 started
2261.6217 	EXP 	Sound sound_1 stopped
2261.6438 	EXP 	text: autoDraw = True
2261.6438 	EXP 	textbox: autoDraw = True
2261.9779 	DATA 	Keypress: 1
2262.1280 	DATA 	Keypress: 0
2262.2446 	DATA 	Keypress: 0
2262.9438 	DATA 	Mouse: Left button down, pos=(849,247)
2262.9447 	EXP 	New trial (rep=7, index=21): <Trial 273 (21 in rep 7) data={'delay': 0.1, 'freq': 1000, 'condition': 'exp', 'thisN': 273, 'thisTrialN': 21, 'thisRepN': 7}>
2262.9599 	EXP 	text: autoDraw = False
2262.9599 	EXP 	textbox: autoDraw = False
2262.9599 	EXP 	polygon: autoDraw = True
2262.9941 	DATA 	Mouse:  Left button up, pos=(849,247)
2263.9588 	INFO 	Keyboard events cleared
2263.9586 	EXP 	polygon_2: autoDraw = True
2263.9752 	EXP 	polygon: autoDraw = False
2264.2134 	DATA 	Keypress: space
2264.2251 	EXP 	polygon: autoDraw = False
2264.2251 	EXP 	polygon_2: autoDraw = False
2264.3092 	EXP 	Sound sound_1 reached end of file
2264.3255 	EXP 	Sound sound_1 started
2264.6155 	EXP 	Sound sound_1 stopped
2264.6301 	EXP 	text: autoDraw = True
2264.6301 	EXP 	textbox: autoDraw = True
2265.1338 	DATA 	Keypress: 1
2265.2915 	DATA 	Keypress: 0
2265.3919 	DATA 	Keypress: 0
2266.0744 	DATA 	Mouse: Left button down, pos=(849,247)
2266.0753 	EXP 	New trial (rep=7, index=22): <Trial 274 (22 in rep 7) data={'delay': 0.1, 'freq': 1000, 'condition': 'exp', 'thisN': 274, 'thisTrialN': 22, 'thisRepN': 7}>
2266.0905 	EXP 	text: autoDraw = False
2266.0905 	EXP 	textbox: autoDraw = False
2266.0905 	EXP 	polygon: autoDraw = True
2266.1577 	DATA 	Mouse:  Left button up, pos=(849,247)
2267.0897 	INFO 	Keyboard events cleared
2267.0895 	EXP 	polygon: autoDraw = False
2267.0895 	EXP 	polygon_2: autoDraw = True
2267.4270 	DATA 	Keypress: space
2267.4395 	EXP 	polygon: autoDraw = False
2267.4395 	EXP 	polygon_2: autoDraw = False
2267.5066 	EXP 	Sound sound_1 reached end of file
2267.5226 	EXP 	Sound sound_1 started
2267.8291 	EXP 	Sound sound_1 stopped
2267.8546 	EXP 	text: autoDraw = True
2267.8546 	EXP 	textbox: autoDraw = True
2268.0326 	DATA 	Keypress: 1
2268.2289 	DATA 	Keypress: 0
2268.3559 	DATA 	Keypress: 0
2269.0289 	DATA 	Mouse: Left button down, pos=(849,247)
2269.0389 	EXP 	New trial (rep=7, index=23): <Trial 275 (23 in rep 7) data={'delay': 0.4, 'freq': 1000, 'condition': 'exp', 'thisN': 275, 'thisTrialN': 23, 'thisRepN': 7}>
2269.0542 	EXP 	text: autoDraw = False
2269.0542 	EXP 	textbox: autoDraw = False
2269.0542 	EXP 	polygon: autoDraw = True
2269.1222 	DATA 	Mouse:  Left button up, pos=(849,247)
2270.0538 	INFO 	Keyboard events cleared
2270.0537 	EXP 	polygon: autoDraw = False
2270.0537 	EXP 	polygon_2: autoDraw = True
2270.3411 	DATA 	Keypress: space
2270.3535 	EXP 	polygon: autoDraw = False
2270.3535 	EXP 	polygon_2: autoDraw = False
2270.7369 	EXP 	Sound sound_1 reached end of file
2270.7532 	EXP 	Sound sound_1 started
2271.0090 	EXP 	Sound sound_1 reached end of file
2271.0200 	EXP 	Sound sound_1 reached end of file
2271.0416 	EXP 	text: autoDraw = True
2271.0416 	EXP 	textbox: autoDraw = True
2271.3366 	DATA 	Keypress: 1
2271.5194 	DATA 	Keypress: 0
2271.6098 	DATA 	Keypress: 0
2272.1862 	DATA 	Mouse: Left button down, pos=(845,198)
2272.1870 	EXP 	New trial (rep=7, index=24): <Trial 276 (24 in rep 7) data={'delay': 0.1, 'freq': 1000, 'condition': 'exp', 'thisN': 276, 'thisTrialN': 24, 'thisRepN': 7}>
2272.2019 	EXP 	text: autoDraw = False
2272.2019 	EXP 	textbox: autoDraw = False
2272.2019 	EXP 	polygon: autoDraw = True
2272.2691 	DATA 	Mouse:  Left button up, pos=(845,198)
2273.2016 	INFO 	Keyboard events cleared
2273.2010 	EXP 	polygon_2: autoDraw = True
2273.2177 	EXP 	polygon: autoDraw = False
2273.5025 	DATA 	Keypress: space
2273.5340 	EXP 	polygon: autoDraw = False
2273.5340 	EXP 	polygon_2: autoDraw = False
2273.6013 	EXP 	Sound sound_1 reached end of file
2273.6176 	EXP 	Sound sound_1 started
2273.9205 	EXP 	Sound sound_1 stopped
2273.9437 	EXP 	text: autoDraw = True
2273.9437 	EXP 	textbox: autoDraw = True
2274.1005 	DATA 	Keypress: 1
2274.3072 	DATA 	Keypress: 0
2274.4906 	DATA 	Keypress: 0
2275.2996 	DATA 	Mouse: Left button down, pos=(846,196)
2275.3004 	EXP 	New trial (rep=7, index=25): <Trial 277 (25 in rep 7) data={'delay': 0.7, 'freq': 1000, 'condition': 'exp', 'thisN': 277, 'thisTrialN': 25, 'thisRepN': 7}>
2275.3154 	EXP 	text: autoDraw = False
2275.3154 	EXP 	textbox: autoDraw = False
2275.3154 	EXP 	polygon: autoDraw = True
2275.3331 	DATA 	Mouse:  Left button up, pos=(846,196)
2276.3146 	INFO 	Keyboard events cleared
2276.3145 	EXP 	polygon: autoDraw = False
2276.3145 	EXP 	polygon_2: autoDraw = True
2276.6175 	DATA 	Keypress: space
2276.6314 	EXP 	polygon: autoDraw = False
2276.6314 	EXP 	polygon_2: autoDraw = False
2277.3142 	EXP 	Sound sound_1 reached end of file
2277.3305 	EXP 	Sound sound_1 started
2277.6216 	EXP 	Sound sound_1 stopped
2277.6356 	EXP 	text: autoDraw = True
2277.6356 	EXP 	textbox: autoDraw = True
2279.4094 	DATA 	Keypress: 3
2279.6291 	DATA 	Keypress: 0
2280.0791 	DATA 	Keypress: 0
2281.0279 	DATA 	Mouse: Left button down, pos=(847,196)
2281.0288 	EXP 	New trial (rep=7, index=26): <Trial 278 (26 in rep 7) data={'delay': 0.7, 'freq': 1000, 'condition': 'exp', 'thisN': 278, 'thisTrialN': 26, 'thisRepN': 7}>
2281.0442 	EXP 	text: autoDraw = False
2281.0442 	EXP 	textbox: autoDraw = False
2281.0442 	EXP 	polygon: autoDraw = True
2281.1285 	DATA 	Mouse:  Left button up, pos=(847,196)
2282.0437 	INFO 	Keyboard events cleared
2282.0435 	EXP 	polygon: autoDraw = False
2282.0435 	EXP 	polygon_2: autoDraw = True
2282.3801 	DATA 	Keypress: space
2282.3929 	EXP 	polygon: autoDraw = False
2282.3929 	EXP 	polygon_2: autoDraw = False
2283.0762 	EXP 	Sound sound_1 reached end of file
2283.0924 	EXP 	Sound sound_1 started
2283.3579 	EXP 	Sound sound_1 reached end of file
2283.3618 	EXP 	Sound sound_1 reached end of file
2283.3839 	EXP 	text: autoDraw = True
2283.3839 	EXP 	textbox: autoDraw = True
2283.9512 	DATA 	Keypress: 4
2284.1490 	DATA 	Keypress: 0
2284.2652 	DATA 	Keypress: 0
2284.9499 	DATA 	Mouse: Left button down, pos=(847,196)
2284.9586 	EXP 	New trial (rep=7, index=27): <Trial 279 (27 in rep 7) data={'delay': 0.7, 'freq': 1000, 'condition': 'exp', 'thisN': 279, 'thisTrialN': 27, 'thisRepN': 7}>
2284.9741 	EXP 	text: autoDraw = False
2284.9741 	EXP 	textbox: autoDraw = False
2284.9741 	EXP 	polygon: autoDraw = True
2285.0420 	DATA 	Mouse:  Left button up, pos=(847,196)
2285.9736 	INFO 	Keyboard events cleared
2285.9734 	EXP 	polygon: autoDraw = False
2285.9734 	EXP 	polygon_2: autoDraw = True
2286.3104 	DATA 	Keypress: space
2286.3226 	EXP 	polygon: autoDraw = False
2286.3226 	EXP 	polygon_2: autoDraw = False
2287.0062 	EXP 	Sound sound_1 reached end of file
2287.0225 	EXP 	Sound sound_1 started
2287.3350 	EXP 	Sound sound_1 stopped
2287.3506 	EXP 	text: autoDraw = True
2287.3506 	EXP 	textbox: autoDraw = True
2287.7487 	DATA 	Keypress: 5
2287.9054 	DATA 	Keypress: minus
2288.0223 	DATA 	Keypress: minus
2288.8287 	DATA 	Keypress: backspace
2288.9546 	DATA 	Keypress: backspace
2289.5871 	DATA 	Keypress: 0
2289.7042 	DATA 	Keypress: 0
2290.4447 	DATA 	Mouse: Left button down, pos=(858,196)
2290.4539 	EXP 	New trial (rep=7, index=28): <Trial 280 (28 in rep 7) data={'delay': 0.4, 'freq': 1000, 'condition': 'exp', 'thisN': 280, 'thisTrialN': 28, 'thisRepN': 7}>
2290.4689 	EXP 	text: autoDraw = False
2290.4689 	EXP 	textbox: autoDraw = False
2290.4689 	EXP 	polygon: autoDraw = True
2290.4866 	DATA 	Mouse:  Left button up, pos=(858,196)
2291.4687 	INFO 	Keyboard events cleared
2291.4686 	EXP 	polygon: autoDraw = False
2291.4686 	EXP 	polygon_2: autoDraw = True
2291.9387 	DATA 	Keypress: space
2291.9513 	EXP 	polygon: autoDraw = False
2291.9513 	EXP 	polygon_2: autoDraw = False
2292.3347 	EXP 	Sound sound_1 reached end of file
2292.3511 	EXP 	Sound sound_1 started
2292.6060 	EXP 	Sound sound_1 reached end of file
2292.6176 	EXP 	Sound sound_1 reached end of file
2292.6356 	EXP 	text: autoDraw = True
2292.6356 	EXP 	textbox: autoDraw = True
2293.0771 	DATA 	Keypress: 3
2293.4670 	DATA 	Keypress: backspace
2293.9666 	DATA 	Keypress: 3
2294.1335 	DATA 	Keypress: 0
2294.2334 	DATA 	Keypress: 0
2295.5393 	DATA 	Mouse: Left button down, pos=(863,198)
2295.5494 	EXP 	New trial (rep=7, index=29): <Trial 281 (29 in rep 7) data={'delay': 0.1, 'freq': 400, 'condition': 'unexp', 'thisN': 281, 'thisTrialN': 29, 'thisRepN': 7}>
2295.5649 	EXP 	text: autoDraw = False
2295.5649 	EXP 	textbox: autoDraw = False
2295.5649 	EXP 	polygon: autoDraw = True
2295.5827 	DATA 	Mouse:  Left button up, pos=(863,198)
2296.5644 	INFO 	Keyboard events cleared
2296.5642 	EXP 	polygon: autoDraw = False
2296.5642 	EXP 	polygon_2: autoDraw = True
2297.0344 	DATA 	Keypress: space
2297.0469 	EXP 	polygon: autoDraw = False
2297.0469 	EXP 	polygon_2: autoDraw = False
2297.1140 	EXP 	Sound sound_1 reached end of file
2297.1303 	EXP 	Sound sound_1 started
2297.4311 	EXP 	Sound sound_1 stopped
2297.4537 	EXP 	text: autoDraw = True
2297.4537 	EXP 	textbox: autoDraw = True
2300.2200 	DATA 	Keypress: 3
2300.3846 	DATA 	Keypress: 0
2300.5180 	DATA 	Keypress: 0
2301.2272 	DATA 	Mouse: Left button down, pos=(867,198)
2301.2280 	EXP 	New trial (rep=7, index=30): <Trial 282 (30 in rep 7) data={'delay': 0.7, 'freq': 1000, 'condition': 'exp', 'thisN': 282, 'thisTrialN': 30, 'thisRepN': 7}>
2301.2431 	EXP 	text: autoDraw = False
2301.2431 	EXP 	textbox: autoDraw = False
2301.2431 	EXP 	polygon: autoDraw = True
2301.3107 	DATA 	Mouse:  Left button up, pos=(867,198)
2302.2427 	INFO 	Keyboard events cleared
2302.2425 	EXP 	polygon: autoDraw = False
2302.2425 	EXP 	polygon_2: autoDraw = True
2302.4634 	DATA 	Keypress: space
2302.4756 	EXP 	polygon: autoDraw = False
2302.4756 	EXP 	polygon_2: autoDraw = False
2303.1587 	EXP 	Sound sound_1 reached end of file
2303.1750 	EXP 	Sound sound_1 started
2303.4242 	EXP 	Sound sound_1 reached end of file
2303.4280 	EXP 	Sound sound_1 reached end of file
2303.4519 	EXP 	text: autoDraw = True
2303.4519 	EXP 	textbox: autoDraw = True
2305.1162 	DATA 	Keypress: 4
2305.2140 	DATA 	Keypress: 0
2305.3404 	DATA 	Keypress: 0
2306.1300 	DATA 	Mouse: Left button down, pos=(867,198)
2306.1402 	EXP 	New trial (rep=7, index=31): <Trial 283 (31 in rep 7) data={'delay': 0.1, 'freq': 400, 'condition': 'unexp', 'thisN': 283, 'thisTrialN': 31, 'thisRepN': 7}>
2306.1556 	EXP 	text: autoDraw = False
2306.1556 	EXP 	textbox: autoDraw = False
2306.1556 	EXP 	polygon: autoDraw = True
2306.2066 	DATA 	Mouse:  Left button up, pos=(867,198)
2307.1551 	INFO 	Keyboard events cleared
2307.1549 	EXP 	polygon: autoDraw = False
2307.1549 	EXP 	polygon_2: autoDraw = True
2307.4251 	DATA 	Keypress: space
2307.4377 	EXP 	polygon: autoDraw = False
2307.4377 	EXP 	polygon_2: autoDraw = False
2307.5049 	EXP 	Sound sound_1 reached end of file
2307.5212 	EXP 	Sound sound_1 started
2307.8351 	EXP 	Sound sound_1 stopped
2307.8538 	EXP 	text: autoDraw = True
2307.8538 	EXP 	textbox: autoDraw = True
2308.5711 	DATA 	Keypress: 2
2308.8781 	DATA 	Keypress: 0
2308.9869 	DATA 	Keypress: 0
2309.7447 	DATA 	Mouse: Left button down, pos=(870,198)
2309.7540 	EXP 	New trial (rep=7, index=32): <Trial 284 (32 in rep 7) data={'delay': 0.7, 'freq': 400, 'condition': 'unexp', 'thisN': 284, 'thisTrialN': 32, 'thisRepN': 7}>
2309.7691 	EXP 	text: autoDraw = False
2309.7691 	EXP 	textbox: autoDraw = False
2309.7691 	EXP 	polygon: autoDraw = True
2309.8032 	DATA 	Mouse:  Left button up, pos=(872,198)
2310.7686 	INFO 	Keyboard events cleared
2310.7684 	EXP 	polygon_2: autoDraw = True
2310.7851 	EXP 	polygon: autoDraw = False
2311.1222 	DATA 	Keypress: space
2311.1347 	EXP 	polygon: autoDraw = False
2311.1347 	EXP 	polygon_2: autoDraw = False
2311.8179 	EXP 	Sound sound_1 reached end of file
2311.8342 	EXP 	Sound sound_1 started
2312.1176 	EXP 	Sound sound_1 reached end of file
2312.1435 	EXP 	text: autoDraw = True
2312.1435 	EXP 	textbox: autoDraw = True
2312.8109 	DATA 	Keypress: 2
2313.0004 	DATA 	Keypress: 0
2313.1169 	DATA 	Keypress: 0
2314.7890 	DATA 	Mouse: Left button down, pos=(876,200)
2314.7991 	EXP 	New trial (rep=7, index=33): <Trial 285 (33 in rep 7) data={'delay': 0.1, 'freq': 1000, 'condition': 'exp', 'thisN': 285, 'thisTrialN': 33, 'thisRepN': 7}>
2314.8145 	EXP 	text: autoDraw = False
2314.8145 	EXP 	textbox: autoDraw = False
2314.8145 	EXP 	polygon: autoDraw = True
2314.9490 	DATA 	Mouse:  Left button up, pos=(876,200)
2315.8142 	INFO 	Keyboard events cleared
2315.8140 	EXP 	polygon: autoDraw = False
2315.8140 	EXP 	polygon_2: autoDraw = True
2316.2321 	DATA 	Keypress: space
2316.2635 	EXP 	polygon: autoDraw = False
2316.2635 	EXP 	polygon_2: autoDraw = False
2316.3301 	EXP 	Sound sound_1 reached end of file
2316.3464 	EXP 	Sound sound_1 started
2316.6686 	EXP 	Sound sound_1 stopped
2316.6867 	EXP 	text: autoDraw = True
2316.6867 	EXP 	textbox: autoDraw = True
2317.9391 	DATA 	Keypress: 1
2318.0524 	DATA 	Keypress: 0
2318.1526 	DATA 	Keypress: 0
2318.5623 	DATA 	Mouse: wheel shift=(0,1), pos=(876,200)
2318.6971 	DATA 	Mouse: Left button down, pos=(912,227)
2318.6979 	EXP 	New trial (rep=7, index=34): <Trial 286 (34 in rep 7) data={'delay': 0.4, 'freq': 400, 'condition': 'unexp', 'thisN': 286, 'thisTrialN': 34, 'thisRepN': 7}>
2318.7110 	EXP 	text: autoDraw = False
2318.7110 	EXP 	textbox: autoDraw = False
2318.7110 	EXP 	polygon: autoDraw = True
2318.7957 	DATA 	Mouse:  Left button up, pos=(912,227)
2319.7108 	INFO 	Keyboard events cleared
2319.7107 	EXP 	polygon: autoDraw = False
2319.7107 	EXP 	polygon_2: autoDraw = True
2319.9978 	DATA 	Keypress: space
2320.0102 	EXP 	polygon: autoDraw = False
2320.0102 	EXP 	polygon_2: autoDraw = False
2320.3936 	EXP 	Sound sound_1 reached end of file
2320.4099 	EXP 	Sound sound_1 started
2320.6912 	EXP 	Sound sound_1 reached end of file
2320.7179 	EXP 	text: autoDraw = True
2320.7179 	EXP 	textbox: autoDraw = True
2321.7736 	DATA 	Keypress: 2
2321.8756 	DATA 	Keypress: 0
2321.9983 	DATA 	Keypress: 0
2322.5755 	DATA 	Mouse: Left button down, pos=(912,227)
2322.5763 	EXP 	New trial (rep=7, index=35): <Trial 287 (35 in rep 7) data={'delay': 0.4, 'freq': 1000, 'condition': 'exp', 'thisN': 287, 'thisTrialN': 35, 'thisRepN': 7}>
2322.5914 	EXP 	text: autoDraw = False
2322.5914 	EXP 	textbox: autoDraw = False
2322.5914 	EXP 	polygon: autoDraw = True
2322.6590 	DATA 	Mouse:  Left button up, pos=(912,227)
2323.5904 	INFO 	Keyboard events cleared
2323.5902 	EXP 	polygon: autoDraw = False
2323.5902 	EXP 	polygon_2: autoDraw = True
2323.8774 	DATA 	Keypress: space
2323.8901 	EXP 	polygon: autoDraw = False
2323.8901 	EXP 	polygon_2: autoDraw = False
2324.2737 	EXP 	Sound sound_1 reached end of file
2324.2900 	EXP 	Sound sound_1 started
2324.5971 	EXP 	Sound sound_1 stopped
2324.6162 	EXP 	text: autoDraw = True
2324.6162 	EXP 	textbox: autoDraw = True
2325.8222 	DATA 	Keypress: 2
2325.9558 	DATA 	Keypress: 0
2326.0721 	DATA 	Keypress: 0
2326.6227 	DATA 	Mouse: Left button down, pos=(912,227)
2326.6235 	EXP 	New trial (rep=8, index=0): <Trial 288 (0 in rep 8) data={'delay': 0.7, 'freq': 1000, 'condition': 'exp', 'thisN': 288, 'thisTrialN': 0, 'thisRepN': 8}>
2326.6378 	EXP 	text: autoDraw = False
2326.6378 	EXP 	textbox: autoDraw = False
2326.6378 	EXP 	polygon: autoDraw = True
2326.6885 	DATA 	Mouse:  Left button up, pos=(912,227)
2327.6372 	INFO 	Keyboard events cleared
2327.6371 	EXP 	polygon: autoDraw = False
2327.6371 	EXP 	polygon_2: autoDraw = True
2327.8075 	DATA 	Keypress: space
2327.8202 	EXP 	polygon: autoDraw = False
2327.8202 	EXP 	polygon_2: autoDraw = False
2328.5033 	EXP 	Sound sound_1 reached end of file
2328.5196 	EXP 	Sound sound_1 started
2328.8313 	EXP 	Sound sound_1 stopped
2328.8570 	EXP 	text: autoDraw = True
2328.8570 	EXP 	textbox: autoDraw = True
2330.1613 	DATA 	Keypress: 3
2330.2922 	DATA 	Keypress: 0
2330.4091 	DATA 	Keypress: 0
2331.0418 	DATA 	Mouse: Left button down, pos=(917,225)
2331.0520 	EXP 	New trial (rep=8, index=1): <Trial 289 (1 in rep 8) data={'delay': 0.4, 'freq': 400, 'condition': 'unexp', 'thisN': 289, 'thisTrialN': 1, 'thisRepN': 8}>
2331.0671 	EXP 	text: autoDraw = False
2331.0671 	EXP 	textbox: autoDraw = False
2331.0671 	EXP 	polygon: autoDraw = True
2331.1182 	DATA 	Mouse:  Left button up, pos=(917,225)
2332.0667 	INFO 	Keyboard events cleared
2332.0665 	EXP 	polygon: autoDraw = False
2332.0665 	EXP 	polygon_2: autoDraw = True
2332.7207 	DATA 	Keypress: space
2332.7327 	EXP 	polygon: autoDraw = False
2332.7327 	EXP 	polygon_2: autoDraw = False
2333.1159 	EXP 	Sound sound_1 reached end of file
2333.1321 	EXP 	Sound sound_1 started
2333.4250 	EXP 	Sound sound_1 stopped
2333.4485 	EXP 	text: autoDraw = True
2333.4485 	EXP 	textbox: autoDraw = True
2335.1647 	DATA 	Keypress: 2
2335.2811 	DATA 	Keypress: 0
2335.3872 	DATA 	Keypress: 0
2335.9800 	DATA 	Mouse: Left button down, pos=(922,226)
2335.9808 	EXP 	New trial (rep=8, index=2): <Trial 290 (2 in rep 8) data={'delay': 0.4, 'freq': 400, 'condition': 'unexp', 'thisN': 290, 'thisTrialN': 2, 'thisRepN': 8}>
2335.9958 	EXP 	text: autoDraw = False
2335.9958 	EXP 	textbox: autoDraw = False
2335.9958 	EXP 	polygon: autoDraw = True
2336.0302 	DATA 	Mouse:  Left button up, pos=(922,226)
2336.9636 	DATA 	Keypress: space
2336.9954 	INFO 	Keyboard events cleared
2336.9952 	EXP 	polygon: autoDraw = False
2336.9952 	EXP 	polygon_2: autoDraw = True
2337.3468 	DATA 	Keypress: space
2337.3784 	EXP 	polygon: autoDraw = False
2337.3784 	EXP 	polygon_2: autoDraw = False
2337.7452 	EXP 	Sound sound_1 reached end of file
2337.7615 	EXP 	Sound sound_1 started
2337.9967 	EXP 	Sound sound_1 reached end of file
2338.0115 	EXP 	Sound sound_1 reached end of file
2338.0302 	EXP 	text: autoDraw = True
2338.0302 	EXP 	textbox: autoDraw = True
2338.5924 	DATA 	Keypress: 1
2338.7784 	DATA 	Keypress: 0
2338.8863 	DATA 	Keypress: 0
2339.5107 	DATA 	Mouse: Left button down, pos=(922,226)
2339.5115 	EXP 	New trial (rep=8, index=3): <Trial 291 (3 in rep 8) data={'delay': 0.7, 'freq': 400, 'condition': 'unexp', 'thisN': 291, 'thisTrialN': 3, 'thisRepN': 8}>
2339.5267 	EXP 	text: autoDraw = False
2339.5267 	EXP 	textbox: autoDraw = False
2339.5267 	EXP 	polygon: autoDraw = True
2339.5940 	DATA 	Mouse:  Left button up, pos=(922,226)
2340.5260 	INFO 	Keyboard events cleared
2340.5259 	EXP 	polygon: autoDraw = False
2340.5259 	EXP 	polygon_2: autoDraw = True
2340.7799 	DATA 	Keypress: space
2340.7922 	EXP 	polygon: autoDraw = False
2340.7922 	EXP 	polygon_2: autoDraw = False
2341.4753 	EXP 	Sound sound_1 reached end of file
2341.4916 	EXP 	Sound sound_1 started
2341.7745 	EXP 	Sound sound_1 reached end of file
2341.8007 	EXP 	text: autoDraw = True
2341.8007 	EXP 	textbox: autoDraw = True
2342.1250 	DATA 	Keypress: 4
2342.2817 	DATA 	Keypress: 0
2342.4018 	DATA 	Keypress: 0
2343.0748 	DATA 	Mouse: Left button down, pos=(923,226)
2343.0763 	EXP 	New trial (rep=8, index=4): <Trial 292 (4 in rep 8) data={'delay': 0.1, 'freq': 400, 'condition': 'unexp', 'thisN': 292, 'thisTrialN': 4, 'thisRepN': 8}>
2343.0898 	EXP 	text: autoDraw = False
2343.0898 	EXP 	textbox: autoDraw = False
2343.0898 	EXP 	polygon: autoDraw = True
2343.1408 	DATA 	Mouse:  Left button up, pos=(923,226)
2344.0896 	INFO 	Keyboard events cleared
2344.0894 	EXP 	polygon: autoDraw = False
2344.0894 	EXP 	polygon_2: autoDraw = True
2344.3412 	DATA 	Keypress: space
2344.3724 	EXP 	polygon: autoDraw = False
2344.3724 	EXP 	polygon_2: autoDraw = False
2344.4557 	EXP 	Sound sound_1 reached end of file
2344.4720 	EXP 	Sound sound_1 started
2344.7689 	EXP 	Sound sound_1 stopped
2344.7925 	EXP 	text: autoDraw = True
2344.7925 	EXP 	textbox: autoDraw = True
2345.3983 	DATA 	Keypress: 1
2345.5450 	DATA 	Keypress: 0
2345.6552 	DATA 	Keypress: 0
2346.1953 	DATA 	Mouse: Left button down, pos=(917,210)
2346.2053 	EXP 	New trial (rep=8, index=5): <Trial 293 (5 in rep 8) data={'delay': 0.7, 'freq': 400, 'condition': 'unexp', 'thisN': 293, 'thisTrialN': 5, 'thisRepN': 8}>
2346.2207 	EXP 	text: autoDraw = False
2346.2207 	EXP 	textbox: autoDraw = False
2346.2207 	EXP 	polygon: autoDraw = True
2346.2547 	DATA 	Mouse:  Left button up, pos=(917,210)
2347.2198 	INFO 	Keyboard events cleared
2347.2196 	EXP 	polygon: autoDraw = False
2347.2196 	EXP 	polygon_2: autoDraw = True
2347.5076 	DATA 	Keypress: space
2347.5194 	EXP 	polygon: autoDraw = False
2347.5194 	EXP 	polygon_2: autoDraw = False
2348.2025 	EXP 	Sound sound_1 reached end of file
2348.2187 	EXP 	Sound sound_1 started
2348.5086 	EXP 	Sound sound_1 stopped
2348.5310 	EXP 	text: autoDraw = True
2348.5310 	EXP 	textbox: autoDraw = True
2349.1857 	DATA 	Keypress: 3
2349.8515 	DATA 	Keypress: 0
2349.9680 	DATA 	Keypress: 0
2350.6507 	DATA 	Mouse: Left button down, pos=(917,210)
2350.6515 	EXP 	New trial (rep=8, index=6): <Trial 294 (6 in rep 8) data={'delay': 0.7, 'freq': 1000, 'condition': 'exp', 'thisN': 294, 'thisTrialN': 6, 'thisRepN': 8}>
2350.6669 	EXP 	text: autoDraw = False
2350.6669 	EXP 	textbox: autoDraw = False
2350.6669 	EXP 	polygon: autoDraw = True
2350.7345 	DATA 	Mouse:  Left button up, pos=(917,210)
2351.6663 	INFO 	Keyboard events cleared
2351.6661 	EXP 	polygon: autoDraw = False
2351.6661 	EXP 	polygon_2: autoDraw = True
2351.8704 	DATA 	Keypress: space
2351.8826 	EXP 	polygon: autoDraw = False
2351.8826 	EXP 	polygon_2: autoDraw = False
2352.5653 	EXP 	Sound sound_1 reached end of file
2352.5816 	EXP 	Sound sound_1 started
2352.8512 	EXP 	Sound sound_1 reached end of file
2352.8547 	EXP 	Sound sound_1 reached end of file
2352.8693 	EXP 	text: autoDraw = True
2352.8693 	EXP 	textbox: autoDraw = True
2353.5924 	DATA 	Keypress: 4
2353.9718 	DATA 	Keypress: 0
2354.1144 	DATA 	Keypress: 0
2354.7640 	DATA 	Mouse: Left button down, pos=(917,210)
2354.7649 	EXP 	New trial (rep=8, index=7): <Trial 295 (7 in rep 8) data={'delay': 0.1, 'freq': 1000, 'condition': 'exp', 'thisN': 295, 'thisTrialN': 7, 'thisRepN': 8}>
2354.7800 	EXP 	text: autoDraw = False
2354.7800 	EXP 	textbox: autoDraw = False
2354.7800 	EXP 	polygon: autoDraw = True
2354.8476 	DATA 	Mouse:  Left button up, pos=(917,210)
2355.7794 	INFO 	Keyboard events cleared
2355.7793 	EXP 	polygon_2: autoDraw = True
2355.7955 	EXP 	polygon: autoDraw = False
2360.0798 	DATA 	Keypress: space
2360.0918 	EXP 	polygon: autoDraw = False
2360.0918 	EXP 	polygon_2: autoDraw = False
2360.1754 	EXP 	Sound sound_1 reached end of file
2360.1916 	EXP 	Sound sound_1 started
2360.4812 	EXP 	Sound sound_1 stopped
2360.4994 	EXP 	text: autoDraw = True
2360.4994 	EXP 	textbox: autoDraw = True
2361.4007 	DATA 	Keypress: 1
2361.6414 	DATA 	Keypress: 0
2361.7651 	DATA 	Keypress: 0
2362.2907 	DATA 	Mouse: wheel shift=(0,1), pos=(918,209)
2362.6976 	DATA 	Mouse: Left button down, pos=(918,209)
2362.7075 	EXP 	New trial (rep=8, index=8): <Trial 296 (8 in rep 8) data={'delay': 0.4, 'freq': 1000, 'condition': 'exp', 'thisN': 296, 'thisTrialN': 8, 'thisRepN': 8}>
2362.7230 	EXP 	text: autoDraw = False
2362.7230 	EXP 	textbox: autoDraw = False
2362.7230 	EXP 	polygon: autoDraw = True
2362.8073 	DATA 	Mouse:  Left button up, pos=(918,209)
2363.3915 	DATA 	Keypress: space
2363.7222 	INFO 	Keyboard events cleared
2363.7220 	EXP 	polygon: autoDraw = False
2363.7220 	EXP 	polygon_2: autoDraw = True
2364.1259 	DATA 	Keypress: space
2364.1385 	EXP 	polygon: autoDraw = False
2364.1385 	EXP 	polygon_2: autoDraw = False
2364.5052 	EXP 	Sound sound_1 reached end of file
2364.5215 	EXP 	Sound sound_1 started
2364.8299 	EXP 	Sound sound_1 stopped
2364.8536 	EXP 	text: autoDraw = True
2364.8536 	EXP 	textbox: autoDraw = True
2369.1763 	DATA 	Keypress: 3
2369.4078 	DATA 	Keypress: 0
2369.5345 	DATA 	Keypress: 0
2369.9672 	DATA 	Mouse: wheel shift=(0,1), pos=(918,209)
2370.0008 	DATA 	Mouse: wheel shift=(0,1), pos=(932,224)
2370.4506 	DATA 	Mouse: Left button down, pos=(934,225)
2370.4515 	EXP 	New trial (rep=8, index=9): <Trial 297 (9 in rep 8) data={'delay': 0.1, 'freq': 1000, 'condition': 'exp', 'thisN': 297, 'thisTrialN': 9, 'thisRepN': 8}>
2370.4665 	EXP 	text: autoDraw = False
2370.4665 	EXP 	textbox: autoDraw = False
2370.4665 	EXP 	polygon: autoDraw = True
2370.5339 	DATA 	Mouse:  Left button up, pos=(934,225)
2371.4658 	INFO 	Keyboard events cleared
2371.4656 	EXP 	polygon: autoDraw = False
2371.4656 	EXP 	polygon_2: autoDraw = True
2371.8362 	DATA 	Keypress: space
2371.8483 	EXP 	polygon: autoDraw = False
2371.8483 	EXP 	polygon_2: autoDraw = False
2371.9318 	EXP 	Sound sound_1 reached end of file
2371.9481 	EXP 	Sound sound_1 started
2372.2577 	EXP 	Sound sound_1 stopped
2372.2821 	EXP 	text: autoDraw = True
2372.2821 	EXP 	textbox: autoDraw = True
2372.6483 	DATA 	Keypress: 1
2372.8485 	DATA 	Keypress: 0
2372.9646 	DATA 	Keypress: 0
2373.7742 	DATA 	Mouse: Left button down, pos=(934,225)
2373.7813 	EXP 	New trial (rep=8, index=10): <Trial 298 (10 in rep 8) data={'delay': 0.1, 'freq': 1000, 'condition': 'exp', 'thisN': 298, 'thisTrialN': 10, 'thisRepN': 8}>
2373.7968 	EXP 	text: autoDraw = False
2373.7968 	EXP 	textbox: autoDraw = False
2373.7968 	EXP 	polygon: autoDraw = True
2373.8646 	DATA 	Mouse:  Left button up, pos=(934,225)
2374.7962 	INFO 	Keyboard events cleared
2374.7960 	EXP 	polygon: autoDraw = False
2374.7960 	EXP 	polygon_2: autoDraw = True
2376.8151 	DATA 	Keypress: space
2376.8275 	EXP 	polygon: autoDraw = False
2376.8275 	EXP 	polygon_2: autoDraw = False
2376.9107 	EXP 	Sound sound_1 reached end of file
2376.9270 	EXP 	Sound sound_1 started
2377.2503 	EXP 	Sound sound_1 stopped
2377.2669 	EXP 	text: autoDraw = True
2377.2669 	EXP 	textbox: autoDraw = True
2377.7545 	DATA 	Keypress: 1
2377.9508 	DATA 	Keypress: 0
2378.0667 	DATA 	Keypress: 0
2378.7611 	DATA 	Mouse: Left button down, pos=(937,227)
2378.7619 	EXP 	New trial (rep=8, index=11): <Trial 299 (11 in rep 8) data={'delay': 0.4, 'freq': 1000, 'condition': 'exp', 'thisN': 299, 'thisTrialN': 11, 'thisRepN': 8}>
2378.7757 	EXP 	text: autoDraw = False
2378.7757 	EXP 	textbox: autoDraw = False
2378.7757 	EXP 	polygon: autoDraw = True
2378.8269 	DATA 	Mouse:  Left button up, pos=(937,227)
2379.7751 	INFO 	Keyboard events cleared
2379.7749 	EXP 	polygon: autoDraw = False
2379.7749 	EXP 	polygon_2: autoDraw = True
2380.1290 	DATA 	Keypress: space
2380.1413 	EXP 	polygon: autoDraw = False
2380.1413 	EXP 	polygon_2: autoDraw = False
2380.5246 	EXP 	Sound sound_1 reached end of file
2380.5409 	EXP 	Sound sound_1 started
2380.8261 	EXP 	Sound sound_1 stopped
2380.8509 	EXP 	text: autoDraw = True
2380.8509 	EXP 	textbox: autoDraw = True
2381.4163 	DATA 	Keypress: 2
2381.5981 	DATA 	Keypress: 0
2381.6973 	DATA 	Keypress: 0
2382.2898 	DATA 	Mouse: Left button down, pos=(939,227)
2382.2907 	EXP 	New trial (rep=8, index=12): <Trial 300 (12 in rep 8) data={'delay': 0.1, 'freq': 400, 'condition': 'unexp', 'thisN': 300, 'thisTrialN': 12, 'thisRepN': 8}>
2382.3060 	EXP 	text: autoDraw = False
2382.3060 	EXP 	textbox: autoDraw = False
2382.3060 	EXP 	polygon: autoDraw = True
2382.4235 	DATA 	Mouse:  Left button up, pos=(939,227)
2383.3056 	INFO 	Keyboard events cleared
2383.3054 	EXP 	polygon_2: autoDraw = True
2383.3219 	EXP 	polygon: autoDraw = False
2383.5933 	DATA 	Keypress: space
2383.6048 	EXP 	polygon: autoDraw = False
2383.6048 	EXP 	polygon_2: autoDraw = False
2383.6883 	EXP 	Sound sound_1 reached end of file
2383.7046 	EXP 	Sound sound_1 started
2383.9998 	EXP 	Sound sound_1 stopped
2384.0208 	EXP 	text: autoDraw = True
2384.0208 	EXP 	textbox: autoDraw = True
2384.6482 	DATA 	Keypress: 1
2384.7947 	DATA 	Keypress: 0
2384.9115 	DATA 	Keypress: 0
2385.5707 	DATA 	Mouse: Left button down, pos=(939,227)
2385.5716 	EXP 	New trial (rep=8, index=13): <Trial 301 (13 in rep 8) data={'delay': 0.4, 'freq': 1000, 'condition': 'exp', 'thisN': 301, 'thisTrialN': 13, 'thisRepN': 8}>
2385.5863 	EXP 	text: autoDraw = False
2385.5863 	EXP 	textbox: autoDraw = False
2385.5863 	EXP 	polygon: autoDraw = True
2385.6704 	DATA 	Mouse:  Left button up, pos=(939,227)
2386.5859 	INFO 	Keyboard events cleared
2386.5857 	EXP 	polygon: autoDraw = False
2386.5857 	EXP 	polygon_2: autoDraw = True
2387.1064 	DATA 	Keypress: space
2387.1181 	EXP 	polygon: autoDraw = False
2387.1181 	EXP 	polygon_2: autoDraw = False
2387.5019 	EXP 	Sound sound_1 reached end of file
2387.5182 	EXP 	Sound sound_1 started
2387.8323 	EXP 	Sound sound_1 stopped
2387.8496 	EXP 	text: autoDraw = True
2387.8496 	EXP 	textbox: autoDraw = True
2389.7440 	DATA 	Keypress: 2
2389.8500 	DATA 	Keypress: 0
2389.9664 	DATA 	Keypress: 0
2390.8161 	DATA 	Mouse: Left button down, pos=(939,227)
2390.8170 	EXP 	New trial (rep=8, index=14): <Trial 302 (14 in rep 8) data={'delay': 0.4, 'freq': 1000, 'condition': 'exp', 'thisN': 302, 'thisTrialN': 14, 'thisRepN': 8}>
2390.8319 	EXP 	text: autoDraw = False
2390.8319 	EXP 	textbox: autoDraw = False
2390.8319 	EXP 	polygon: autoDraw = True
2390.8829 	DATA 	Mouse:  Left button up, pos=(939,227)
2391.8315 	INFO 	Keyboard events cleared
2391.8312 	EXP 	polygon: autoDraw = False
2391.8312 	EXP 	polygon_2: autoDraw = True
2395.0166 	DATA 	Keypress: space
2395.0283 	EXP 	polygon: autoDraw = False
2395.0283 	EXP 	polygon_2: autoDraw = False
2395.4118 	EXP 	Sound sound_1 reached end of file
2395.4281 	EXP 	Sound sound_1 started
2395.7577 	EXP 	Sound sound_1 stopped
2395.7828 	EXP 	text: autoDraw = True
2395.7828 	EXP 	textbox: autoDraw = True
2396.5873 	DATA 	Keypress: 2
2396.8677 	DATA 	Keypress: 0
2396.9936 	DATA 	Keypress: 0
2397.7603 	DATA 	Mouse: Left button down, pos=(944,228)
2397.7611 	EXP 	New trial (rep=8, index=15): <Trial 303 (15 in rep 8) data={'delay': 0.4, 'freq': 1000, 'condition': 'exp', 'thisN': 303, 'thisTrialN': 15, 'thisRepN': 8}>
2397.7758 	EXP 	text: autoDraw = False
2397.7758 	EXP 	textbox: autoDraw = False
2397.7758 	EXP 	polygon: autoDraw = True
2397.8597 	DATA 	Mouse:  Left button up, pos=(944,228)
2398.7747 	INFO 	Keyboard events cleared
2398.7746 	EXP 	polygon_2: autoDraw = True
2398.7914 	EXP 	polygon: autoDraw = False
2403.3588 	DATA 	Keypress: space
2403.3711 	EXP 	polygon: autoDraw = False
2403.3711 	EXP 	polygon_2: autoDraw = False
2403.7545 	EXP 	Sound sound_1 reached end of file
2403.7709 	EXP 	Sound sound_1 started
2404.0993 	EXP 	Sound sound_1 stopped
2404.1147 	EXP 	text: autoDraw = True
2404.1147 	EXP 	textbox: autoDraw = True
2408.9333 	DATA 	Keypress: 2
2409.0669 	DATA 	Keypress: 0
2409.1828 	DATA 	Keypress: 0
2409.7663 	DATA 	Mouse: Left button down, pos=(944,228)
2409.7671 	EXP 	New trial (rep=8, index=16): <Trial 304 (16 in rep 8) data={'delay': 0.4, 'freq': 1000, 'condition': 'exp', 'thisN': 304, 'thisTrialN': 16, 'thisRepN': 8}>
2409.7821 	EXP 	text: autoDraw = False
2409.7821 	EXP 	textbox: autoDraw = False
2409.7821 	EXP 	polygon: autoDraw = True
2409.8331 	DATA 	Mouse:  Left button up, pos=(944,228)
2410.7813 	INFO 	Keyboard events cleared
2410.7811 	EXP 	polygon_2: autoDraw = True
2410.7979 	EXP 	polygon: autoDraw = False
2411.2516 	DATA 	Keypress: space
2411.2640 	EXP 	polygon: autoDraw = False
2411.2640 	EXP 	polygon_2: autoDraw = False
2411.6474 	EXP 	Sound sound_1 reached end of file
2411.6637 	EXP 	Sound sound_1 started
2411.9283 	EXP 	Sound sound_1 reached end of file
2411.9319 	EXP 	Sound sound_1 reached end of file
2411.9552 	EXP 	text: autoDraw = True
2411.9552 	EXP 	textbox: autoDraw = True
2413.1297 	DATA 	Keypress: 3
2413.2462 	DATA 	Keypress: 0
2413.3532 	DATA 	Keypress: 0
2413.9854 	DATA 	Mouse: Left button down, pos=(944,228)
2413.9960 	EXP 	New trial (rep=8, index=17): <Trial 305 (17 in rep 8) data={'delay': 0.1, 'freq': 1000, 'condition': 'exp', 'thisN': 305, 'thisTrialN': 17, 'thisRepN': 8}>
2414.0117 	EXP 	text: autoDraw = False
2414.0117 	EXP 	textbox: autoDraw = False
2414.0117 	EXP 	polygon: autoDraw = True
2414.0796 	DATA 	Mouse:  Left button up, pos=(944,228)
2415.0112 	INFO 	Keyboard events cleared
2415.0110 	EXP 	polygon: autoDraw = False
2415.0110 	EXP 	polygon_2: autoDraw = True
2415.3483 	DATA 	Keypress: space
2415.3606 	EXP 	polygon: autoDraw = False
2415.3606 	EXP 	polygon_2: autoDraw = False
2415.4276 	EXP 	Sound sound_1 reached end of file
2415.4439 	EXP 	Sound sound_1 started
2415.7582 	EXP 	Sound sound_1 stopped
2415.7743 	EXP 	text: autoDraw = True
2415.7743 	EXP 	textbox: autoDraw = True
2416.5205 	DATA 	Keypress: 1
2416.7001 	DATA 	Keypress: 0
2416.8097 	DATA 	Keypress: 0
2417.5428 	DATA 	Mouse: Left button down, pos=(944,228)
2417.5437 	EXP 	New trial (rep=8, index=18): <Trial 306 (18 in rep 8) data={'delay': 0.1, 'freq': 1000, 'condition': 'exp', 'thisN': 306, 'thisTrialN': 18, 'thisRepN': 8}>
2417.5587 	EXP 	text: autoDraw = False
2417.5587 	EXP 	textbox: autoDraw = False
2417.5587 	EXP 	polygon: autoDraw = True
2417.6098 	DATA 	Mouse:  Left button up, pos=(944,228)
2418.5575 	INFO 	Keyboard events cleared
2418.5574 	EXP 	polygon_2: autoDraw = True
2418.5739 	EXP 	polygon: autoDraw = False
2418.8264 	DATA 	Keypress: space
2418.8403 	EXP 	polygon: autoDraw = False
2418.8403 	EXP 	polygon_2: autoDraw = False
2418.9072 	EXP 	Sound sound_1 reached end of file
2418.9236 	EXP 	Sound sound_1 started
2419.1830 	EXP 	Sound sound_1 reached end of file
2419.1908 	EXP 	Sound sound_1 reached end of file
2419.2076 	EXP 	text: autoDraw = True
2419.2076 	EXP 	textbox: autoDraw = True
2419.7571 	DATA 	Keypress: 1
2420.1235 	DATA 	Keypress: 0
2420.2466 	DATA 	Keypress: 0
2420.8067 	DATA 	Mouse: Left button down, pos=(947,228)
2420.8075 	EXP 	New trial (rep=8, index=19): <Trial 307 (19 in rep 8) data={'delay': 0.1, 'freq': 1000, 'condition': 'exp', 'thisN': 307, 'thisTrialN': 19, 'thisRepN': 8}>
2420.8224 	EXP 	text: autoDraw = False
2420.8224 	EXP 	textbox: autoDraw = False
2420.8224 	EXP 	polygon: autoDraw = True
2420.8731 	DATA 	Mouse:  Left button up, pos=(947,228)
2421.8220 	INFO 	Keyboard events cleared
2421.8218 	EXP 	polygon_2: autoDraw = True
2421.8380 	EXP 	polygon: autoDraw = False
2422.0925 	DATA 	Keypress: space
2422.1049 	EXP 	polygon: autoDraw = False
2422.1049 	EXP 	polygon_2: autoDraw = False
2422.1717 	EXP 	Sound sound_1 reached end of file
2422.1880 	EXP 	Sound sound_1 started
2422.4269 	EXP 	Sound sound_1 reached end of file
2422.4382 	EXP 	Sound sound_1 reached end of file
2422.4607 	EXP 	text: autoDraw = True
2422.4607 	EXP 	textbox: autoDraw = True
2422.7473 	DATA 	Keypress: 1
2422.8950 	DATA 	Keypress: 0
2423.0143 	DATA 	Keypress: 0
2423.4376 	DATA 	Mouse: Left button down, pos=(948,228)
2423.4385 	EXP 	New trial (rep=8, index=20): <Trial 308 (20 in rep 8) data={'delay': 0.7, 'freq': 400, 'condition': 'unexp', 'thisN': 308, 'thisTrialN': 20, 'thisRepN': 8}>
2423.4535 	EXP 	text: autoDraw = False
2423.4535 	EXP 	textbox: autoDraw = False
2423.4535 	EXP 	polygon: autoDraw = True
2423.5378 	DATA 	Mouse:  Left button up, pos=(951,226)
2424.4530 	INFO 	Keyboard events cleared
2424.4528 	EXP 	polygon: autoDraw = False
2424.4528 	EXP 	polygon_2: autoDraw = True
2424.7563 	DATA 	Keypress: space
2424.7690 	EXP 	polygon: autoDraw = False
2424.7690 	EXP 	polygon_2: autoDraw = False
2425.4522 	EXP 	Sound sound_1 reached end of file
2425.4685 	EXP 	Sound sound_1 started
2425.7714 	EXP 	Sound sound_1 stopped
2425.7951 	EXP 	text: autoDraw = True
2425.7951 	EXP 	textbox: autoDraw = True
2426.2192 	DATA 	Keypress: 3
2426.3346 	DATA 	Keypress: 0
2426.4516 	DATA 	Keypress: 0
2427.2910 	DATA 	Keypress: backspace
2427.4242 	DATA 	Keypress: backspace
2427.5337 	DATA 	Keypress: backspace
2428.0102 	DATA 	Keypress: 4
2428.2236 	DATA 	Keypress: 0
2428.3500 	DATA 	Keypress: 0
2428.9940 	DATA 	Mouse: Left button down, pos=(951,226)
2429.0004 	EXP 	New trial (rep=8, index=21): <Trial 309 (21 in rep 8) data={'delay': 0.1, 'freq': 1000, 'condition': 'exp', 'thisN': 309, 'thisTrialN': 21, 'thisRepN': 8}>
2429.0154 	EXP 	text: autoDraw = False
2429.0154 	EXP 	textbox: autoDraw = False
2429.0154 	EXP 	polygon: autoDraw = True
2429.0660 	DATA 	Mouse:  Left button up, pos=(951,226)
2429.7500 	DATA 	Keypress: space
2430.0147 	INFO 	Keyboard events cleared
2430.0145 	EXP 	polygon: autoDraw = False
2430.0145 	EXP 	polygon_2: autoDraw = True
2430.3017 	DATA 	Keypress: space
2430.3142 	EXP 	polygon: autoDraw = False
2430.3142 	EXP 	polygon_2: autoDraw = False
2430.3811 	EXP 	Sound sound_1 reached end of file
2430.3975 	EXP 	Sound sound_1 started
2430.6884 	EXP 	Sound sound_1 stopped
2430.7038 	EXP 	text: autoDraw = True
2430.7038 	EXP 	textbox: autoDraw = True
2431.5067 	DATA 	Keypress: 1
2431.6870 	DATA 	Keypress: 0
2431.8301 	DATA 	Keypress: 0
2432.5464 	DATA 	Mouse: Left button down, pos=(951,226)
2432.5473 	EXP 	New trial (rep=8, index=22): <Trial 310 (22 in rep 8) data={'delay': 0.4, 'freq': 1000, 'condition': 'exp', 'thisN': 310, 'thisTrialN': 22, 'thisRepN': 8}>
2432.5622 	EXP 	text: autoDraw = False
2432.5622 	EXP 	textbox: autoDraw = False
2432.5622 	EXP 	polygon: autoDraw = True
2432.6299 	DATA 	Mouse:  Left button up, pos=(951,226)
2433.5611 	INFO 	Keyboard events cleared
2433.5610 	EXP 	polygon_2: autoDraw = True
2433.5779 	EXP 	polygon: autoDraw = False
2434.0151 	DATA 	Keypress: space
2434.0274 	EXP 	polygon: autoDraw = False
2434.0274 	EXP 	polygon_2: autoDraw = False
2434.3943 	EXP 	Sound sound_1 reached end of file
2434.4106 	EXP 	Sound sound_1 started
2434.6911 	EXP 	Sound sound_1 reached end of file
2434.7108 	EXP 	text: autoDraw = True
2434.7108 	EXP 	textbox: autoDraw = True
2435.8521 	DATA 	Keypress: 2
2436.0296 	DATA 	Keypress: 0
2436.1365 	DATA 	Keypress: 0
2436.8346 	DATA 	Mouse: Left button down, pos=(951,226)
2436.8351 	DATA 	Mouse:  Left button up, pos=(952,225)
2437.1406 	DATA 	Mouse: Left button down, pos=(959,225)
2437.1458 	EXP 	New trial (rep=8, index=23): <Trial 311 (23 in rep 8) data={'delay': 0.4, 'freq': 400, 'condition': 'unexp', 'thisN': 311, 'thisTrialN': 23, 'thisRepN': 8}>
2437.1494 	EXP 	text: autoDraw = False
2437.1494 	EXP 	textbox: autoDraw = False
2437.1494 	EXP 	polygon: autoDraw = True
2437.2091 	DATA 	Mouse:  Left button up, pos=(959,225)
2438.1571 	INFO 	Keyboard events cleared
2438.1569 	EXP 	polygon: autoDraw = False
2438.1569 	EXP 	polygon_2: autoDraw = True
2438.4101 	DATA 	Keypress: space
2438.4371 	EXP 	polygon: autoDraw = False
2438.4371 	EXP 	polygon_2: autoDraw = False
2438.8065 	EXP 	Sound sound_1 reached end of file
2438.8229 	EXP 	Sound sound_1 started
2439.1182 	EXP 	Sound sound_1 stopped
2439.1554 	EXP 	text: autoDraw = True
2439.1554 	EXP 	textbox: autoDraw = True
2440.0913 	DATA 	Keypress: 2
2440.3392 	DATA 	Keypress: 0
2440.4557 	DATA 	Keypress: 0
2441.1720 	DATA 	Mouse: Left button down, pos=(959,225)
2441.1730 	EXP 	New trial (rep=8, index=24): <Trial 312 (24 in rep 8) data={'delay': 0.4, 'freq': 1000, 'condition': 'exp', 'thisN': 312, 'thisTrialN': 24, 'thisRepN': 8}>
2441.1876 	EXP 	text: autoDraw = False
2441.1876 	EXP 	textbox: autoDraw = False
2441.1876 	EXP 	polygon: autoDraw = True
2441.2388 	DATA 	Mouse:  Left button up, pos=(959,225)
2442.1868 	INFO 	Keyboard events cleared
2442.1867 	EXP 	polygon: autoDraw = False
2442.1867 	EXP 	polygon_2: autoDraw = True
2443.3888 	DATA 	Keypress: space
2443.4024 	EXP 	polygon: autoDraw = False
2443.4024 	EXP 	polygon_2: autoDraw = False
2443.7855 	EXP 	Sound sound_1 reached end of file
2443.8019 	EXP 	Sound sound_1 started
2444.0935 	EXP 	Sound sound_1 stopped
2444.1121 	EXP 	text: autoDraw = True
2444.1121 	EXP 	textbox: autoDraw = True
2446.0343 	DATA 	Keypress: 3
2446.1174 	DATA 	Keypress: 0
2446.2450 	DATA 	Keypress: 0
2447.0671 	DATA 	Mouse: Left button down, pos=(963,227)
2447.0683 	EXP 	New trial (rep=8, index=25): <Trial 313 (25 in rep 8) data={'delay': 0.7, 'freq': 1000, 'condition': 'exp', 'thisN': 313, 'thisTrialN': 25, 'thisRepN': 8}>
2447.0824 	EXP 	text: autoDraw = False
2447.0824 	EXP 	textbox: autoDraw = False
2447.0824 	EXP 	polygon: autoDraw = True
2447.1668 	DATA 	Mouse:  Left button up, pos=(963,227)
2448.0817 	INFO 	Keyboard events cleared
2448.0815 	EXP 	polygon: autoDraw = False
2448.0815 	EXP 	polygon_2: autoDraw = True
2460.8092 	DATA 	Keypress: space
2460.8213 	EXP 	polygon: autoDraw = False
2460.8213 	EXP 	polygon_2: autoDraw = False
2461.5042 	EXP 	Sound sound_1 reached end of file
2461.5205 	EXP 	Sound sound_1 started
2461.8233 	EXP 	Sound sound_1 stopped
2461.8431 	EXP 	text: autoDraw = True
2461.8431 	EXP 	textbox: autoDraw = True
2462.8802 	DATA 	Keypress: 4
2463.0361 	DATA 	Keypress: return
2463.1430 	DATA 	Keypress: return
2464.4921 	DATA 	Keypress: backspace
2464.6350 	DATA 	Keypress: backspace
2465.4842 	DATA 	Keypress: 0
2465.6009 	DATA 	Keypress: 0
2466.8090 	DATA 	Mouse: Left button down, pos=(965,227)
2466.8173 	EXP 	New trial (rep=8, index=26): <Trial 314 (26 in rep 8) data={'delay': 0.1, 'freq': 400, 'condition': 'unexp', 'thisN': 314, 'thisTrialN': 26, 'thisRepN': 8}>
2466.8325 	EXP 	text: autoDraw = False
2466.8325 	EXP 	textbox: autoDraw = False
2466.8325 	EXP 	polygon: autoDraw = True
2466.8834 	DATA 	Mouse:  Left button up, pos=(965,227)
2467.8315 	INFO 	Keyboard events cleared
2467.8314 	EXP 	polygon_2: autoDraw = True
2467.8482 	EXP 	polygon: autoDraw = False
2468.1183 	DATA 	Keypress: space
2468.1307 	EXP 	polygon: autoDraw = False
2468.1307 	EXP 	polygon_2: autoDraw = False
2468.1976 	EXP 	Sound sound_1 reached end of file
2468.2140 	EXP 	Sound sound_1 started
2468.5092 	EXP 	Sound sound_1 stopped
2468.5268 	EXP 	text: autoDraw = True
2468.5268 	EXP 	textbox: autoDraw = True
2469.5613 	DATA 	Keypress: 1
2469.7953 	DATA 	Keypress: 0
2469.9426 	DATA 	Keypress: 0
2471.1627 	DATA 	Mouse: Left button down, pos=(965,227)
2471.1636 	EXP 	New trial (rep=8, index=27): <Trial 315 (27 in rep 8) data={'delay': 0.7, 'freq': 1000, 'condition': 'exp', 'thisN': 315, 'thisTrialN': 27, 'thisRepN': 8}>
2471.1786 	EXP 	text: autoDraw = False
2471.1786 	EXP 	textbox: autoDraw = False
2471.1786 	EXP 	polygon: autoDraw = True
2471.2796 	DATA 	Mouse:  Left button up, pos=(965,227)
2472.1781 	INFO 	Keyboard events cleared
2472.1779 	EXP 	polygon: autoDraw = False
2472.1779 	EXP 	polygon_2: autoDraw = True
2473.1811 	DATA 	Keypress: space
2473.1935 	EXP 	polygon: autoDraw = False
2473.1935 	EXP 	polygon_2: autoDraw = False
2473.8767 	EXP 	Sound sound_1 reached end of file
2473.8930 	EXP 	Sound sound_1 started
2474.1964 	EXP 	Sound sound_1 stopped
2474.2099 	EXP 	text: autoDraw = True
2474.2099 	EXP 	textbox: autoDraw = True
2475.7712 	DATA 	Keypress: 3
2475.9521 	DATA 	Keypress: 0
2476.0747 	DATA 	Keypress: 0
2476.6491 	DATA 	Mouse: Left button down, pos=(1000,140)
2476.7412 	DATA 	Mouse:  Left button up, pos=(1000,140)
2477.9732 	DATA 	Mouse: Left button down, pos=(951,264)
2477.9742 	EXP 	New trial (rep=8, index=28): <Trial 316 (28 in rep 8) data={'delay': 0.1, 'freq': 1000, 'condition': 'exp', 'thisN': 316, 'thisTrialN': 28, 'thisRepN': 8}>
2477.9891 	EXP 	text: autoDraw = False
2477.9891 	EXP 	textbox: autoDraw = False
2477.9891 	EXP 	polygon: autoDraw = True
2478.0736 	DATA 	Mouse:  Left button up, pos=(951,264)
2478.9888 	INFO 	Keyboard events cleared
2478.9886 	EXP 	polygon: autoDraw = False
2478.9886 	EXP 	polygon_2: autoDraw = True
2482.8564 	DATA 	Keypress: space
2482.8685 	EXP 	polygon: autoDraw = False
2482.8685 	EXP 	polygon_2: autoDraw = False
2482.9355 	EXP 	Sound sound_1 reached end of file
2482.9518 	EXP 	Sound sound_1 started
2483.2533 	EXP 	Sound sound_1 stopped
2483.2686 	EXP 	text: autoDraw = True
2483.2686 	EXP 	textbox: autoDraw = True
2484.2013 	DATA 	Keypress: 1
2484.3508 	DATA 	Keypress: 0
2484.4840 	DATA 	Keypress: 0
2485.3601 	DATA 	Mouse: wheel shift=(0,1), pos=(951,264)
2485.8963 	DATA 	Mouse: Left button down, pos=(951,264)
2485.9015 	EXP 	New trial (rep=8, index=29): <Trial 317 (29 in rep 8) data={'delay': 0.7, 'freq': 1000, 'condition': 'exp', 'thisN': 317, 'thisTrialN': 29, 'thisRepN': 8}>
2485.9154 	EXP 	text: autoDraw = False
2485.9154 	EXP 	textbox: autoDraw = False
2485.9154 	EXP 	polygon: autoDraw = True
2486.0329 	DATA 	Mouse:  Left button up, pos=(950,261)
2486.9150 	INFO 	Keyboard events cleared
2486.9149 	EXP 	polygon: autoDraw = False
2486.9149 	EXP 	polygon_2: autoDraw = True
2487.7191 	DATA 	Keypress: space
2487.7310 	EXP 	polygon: autoDraw = False
2487.7310 	EXP 	polygon_2: autoDraw = False
2488.4138 	EXP 	Sound sound_1 reached end of file
2488.4301 	EXP 	Sound sound_1 started
2488.7602 	EXP 	Sound sound_1 stopped
2488.7874 	EXP 	text: autoDraw = True
2488.7874 	EXP 	textbox: autoDraw = True
2489.4466 	DATA 	Keypress: 3
2489.6871 	DATA 	Keypress: 0
2489.8130 	DATA 	Keypress: 0
2491.0525 	DATA 	Mouse: Left button down, pos=(926,183)
2491.0623 	EXP 	New trial (rep=8, index=30): <Trial 318 (30 in rep 8) data={'delay': 0.4, 'freq': 1000, 'condition': 'exp', 'thisN': 318, 'thisTrialN': 30, 'thisRepN': 8}>
2491.0780 	EXP 	text: autoDraw = False
2491.0780 	EXP 	textbox: autoDraw = False
2491.0780 	EXP 	polygon: autoDraw = True
2491.1623 	DATA 	Mouse:  Left button up, pos=(926,183)
2492.0774 	INFO 	Keyboard events cleared
2492.0772 	EXP 	polygon: autoDraw = False
2492.0772 	EXP 	polygon_2: autoDraw = True
2492.8609 	DATA 	Keypress: space
2492.8758 	EXP 	polygon: autoDraw = False
2492.8758 	EXP 	polygon_2: autoDraw = False
2493.2428 	EXP 	Sound sound_1 reached end of file
2493.2591 	EXP 	Sound sound_1 started
2493.5085 	EXP 	Sound sound_1 reached end of file
2493.5120 	EXP 	Sound sound_1 reached end of file
2493.5268 	EXP 	text: autoDraw = True
2493.5268 	EXP 	textbox: autoDraw = True
2494.2848 	DATA 	Keypress: 3
2494.4258 	DATA 	Keypress: 0
2494.5589 	DATA 	Keypress: 0
2494.8421 	DATA 	Keypress: backspace
2494.9917 	DATA 	Keypress: backspace
2495.1085 	DATA 	Keypress: backspace
2495.2018 	DATA 	Keypress: backspace
2495.4078 	DATA 	Keypress: 2
2495.6081 	DATA 	Keypress: 9
2495.8148 	DATA 	Keypress: 0
2495.9744 	DATA 	Keypress: 0
2496.4811 	DATA 	Keypress: backspace
2496.6237 	DATA 	Keypress: backspace
2496.7400 	DATA 	Keypress: backspace
2496.8402 	DATA 	Keypress: backspace
2497.6228 	DATA 	Keypress: 2
2497.7055 	DATA 	Keypress: 0
2497.8179 	DATA 	Keypress: 0
2498.6053 	DATA 	Mouse: Left button down, pos=(905,187)
2498.6067 	EXP 	New trial (rep=8, index=31): <Trial 319 (31 in rep 8) data={'delay': 0.7, 'freq': 1000, 'condition': 'exp', 'thisN': 319, 'thisTrialN': 31, 'thisRepN': 8}>
2498.6209 	EXP 	text: autoDraw = False
2498.6209 	EXP 	textbox: autoDraw = False
2498.6209 	EXP 	polygon: autoDraw = True
2498.6554 	DATA 	Mouse:  Left button up, pos=(905,187)
2499.6206 	INFO 	Keyboard events cleared
2499.6204 	EXP 	polygon: autoDraw = False
2499.6204 	EXP 	polygon_2: autoDraw = True
2499.9088 	DATA 	Keypress: space
2499.9204 	EXP 	polygon: autoDraw = False
2499.9204 	EXP 	polygon_2: autoDraw = False
2500.6031 	EXP 	Sound sound_1 reached end of file
2500.6194 	EXP 	Sound sound_1 started
2500.9093 	EXP 	Sound sound_1 stopped
2500.9351 	EXP 	text: autoDraw = True
2500.9351 	EXP 	textbox: autoDraw = True
2501.5962 	DATA 	Keypress: 5
2501.8523 	DATA 	Keypress: 0
2501.9600 	DATA 	Keypress: 0
2502.6769 	DATA 	Mouse: Left button down, pos=(905,187)
2502.6859 	EXP 	New trial (rep=8, index=32): <Trial 320 (32 in rep 8) data={'delay': 0.7, 'freq': 1000, 'condition': 'exp', 'thisN': 320, 'thisTrialN': 32, 'thisRepN': 8}>
2502.7012 	EXP 	text: autoDraw = False
2502.7012 	EXP 	textbox: autoDraw = False
2502.7012 	EXP 	polygon: autoDraw = True
2502.7353 	DATA 	Mouse:  Left button up, pos=(905,187)
2503.7006 	INFO 	Keyboard events cleared
2503.7004 	EXP 	polygon: autoDraw = False
2503.7004 	EXP 	polygon_2: autoDraw = True
2504.0052 	DATA 	Keypress: space
2504.0168 	EXP 	polygon: autoDraw = False
2504.0168 	EXP 	polygon_2: autoDraw = False
2504.6999 	EXP 	Sound sound_1 reached end of file
2504.7162 	EXP 	Sound sound_1 started
2505.0092 	EXP 	Sound sound_1 stopped
2505.0228 	EXP 	text: autoDraw = True
2505.0228 	EXP 	textbox: autoDraw = True
2507.3068 	DATA 	Keypress: 3
2507.4383 	DATA 	Keypress: 0
2507.5546 	DATA 	Keypress: 0
2508.2537 	DATA 	Mouse: Left button down, pos=(905,187)
2508.2640 	EXP 	New trial (rep=8, index=33): <Trial 321 (33 in rep 8) data={'delay': 0.1, 'freq': 1000, 'condition': 'exp', 'thisN': 321, 'thisTrialN': 33, 'thisRepN': 8}>
2508.2795 	EXP 	text: autoDraw = False
2508.2795 	EXP 	textbox: autoDraw = False
2508.2795 	EXP 	polygon: autoDraw = True
2508.3639 	DATA 	Mouse:  Left button up, pos=(905,187)
2509.2790 	INFO 	Keyboard events cleared
2509.2788 	EXP 	polygon_2: autoDraw = True
2509.2955 	EXP 	polygon: autoDraw = False
2510.2649 	DATA 	Keypress: space
2510.2780 	EXP 	polygon: autoDraw = False
2510.2780 	EXP 	polygon_2: autoDraw = False
2510.3616 	EXP 	Sound sound_1 reached end of file
2510.3779 	EXP 	Sound sound_1 started
2510.6753 	EXP 	Sound sound_1 stopped
2510.6910 	EXP 	text: autoDraw = True
2510.6910 	EXP 	textbox: autoDraw = True
2511.4887 	DATA 	Keypress: 1
2511.8841 	DATA 	Keypress: 0
2511.9936 	DATA 	Keypress: 0
2513.6503 	DATA 	Mouse: Left button down, pos=(916,225)
2513.6596 	EXP 	New trial (rep=8, index=34): <Trial 322 (34 in rep 8) data={'delay': 0.7, 'freq': 1000, 'condition': 'exp', 'thisN': 322, 'thisTrialN': 34, 'thisRepN': 8}>
2513.6746 	EXP 	text: autoDraw = False
2513.6746 	EXP 	textbox: autoDraw = False
2513.6746 	EXP 	polygon: autoDraw = True
2513.6756 	DATA 	Mouse:  Left button up, pos=(916,225)
2514.6744 	INFO 	Keyboard events cleared
2514.6742 	EXP 	polygon: autoDraw = False
2514.6742 	EXP 	polygon_2: autoDraw = True
2514.9614 	DATA 	Keypress: space
2514.9739 	EXP 	polygon: autoDraw = False
2514.9739 	EXP 	polygon_2: autoDraw = False
2515.6570 	EXP 	Sound sound_1 reached end of file
2515.6733 	EXP 	Sound sound_1 started
2515.9286 	EXP 	Sound sound_1 reached end of file
2515.9396 	EXP 	Sound sound_1 reached end of file
2515.9679 	EXP 	text: autoDraw = True
2515.9679 	EXP 	textbox: autoDraw = True
2516.7228 	DATA 	Keypress: 2
2517.0561 	DATA 	Keypress: 0
2517.1651 	DATA 	Keypress: 0
2517.8386 	DATA 	Keypress: backspace
2517.9675 	DATA 	Keypress: backspace
2518.0715 	DATA 	Keypress: backspace
2518.1643 	DATA 	Keypress: backspace
2518.3836 	DATA 	Keypress: 2
2518.8046 	DATA 	Keypress: 0
2518.9455 	DATA 	Keypress: 0
2519.0646 	DATA 	Keypress: 0
2519.6147 	DATA 	Keypress: backspace
2519.7535 	DATA 	Keypress: backspace
2519.9534 	DATA 	Keypress: backspace
2520.0639 	DATA 	Keypress: backspace
2520.1675 	DATA 	Keypress: backspace
2520.5965 	DATA 	Keypress: 3
2520.7693 	DATA 	Keypress: 0
2520.9027 	DATA 	Keypress: 0
2521.0189 	DATA 	Keypress: 0
2521.7926 	DATA 	Keypress: backspace
2522.3344 	DATA 	Mouse: wheel shift=(0,1), pos=(916,225)
2522.4092 	DATA 	Mouse: wheel shift=(0,1), pos=(910,219)
2522.6248 	DATA 	Mouse: Left button down, pos=(910,219)
2522.6351 	EXP 	New trial (rep=8, index=35): <Trial 323 (35 in rep 8) data={'delay': 0.7, 'freq': 1000, 'condition': 'exp', 'thisN': 323, 'thisTrialN': 35, 'thisRepN': 8}>
2522.6503 	EXP 	text: autoDraw = False
2522.6503 	EXP 	textbox: autoDraw = False
2522.6503 	EXP 	polygon: autoDraw = True
2522.7014 	DATA 	Mouse:  Left button up, pos=(910,219)
2523.6498 	INFO 	Keyboard events cleared
2523.6497 	EXP 	polygon: autoDraw = False
2523.6497 	EXP 	polygon_2: autoDraw = True
2523.7868 	DATA 	Keypress: space
2523.7994 	EXP 	polygon: autoDraw = False
2523.7994 	EXP 	polygon_2: autoDraw = False
2524.4828 	EXP 	Sound sound_1 reached end of file
2524.4991 	EXP 	Sound sound_1 started
2524.7635 	EXP 	Sound sound_1 reached end of file
2524.7673 	EXP 	Sound sound_1 reached end of file
2524.7898 	EXP 	text: autoDraw = True
2524.7898 	EXP 	textbox: autoDraw = True
2551.4759 	DATA 	Keypress: 2
2551.5829 	DATA 	Keypress: 0
2551.6834 	DATA 	Keypress: 0
2552.4088 	DATA 	Mouse: Left button down, pos=(910,219)
2552.4097 	EXP 	New trial (rep=9, index=0): <Trial 324 (0 in rep 9) data={'delay': 0.7, 'freq': 1000, 'condition': 'exp', 'thisN': 324, 'thisTrialN': 0, 'thisRepN': 9}>
2552.4246 	EXP 	text: autoDraw = False
2552.4246 	EXP 	textbox: autoDraw = False
2552.4246 	EXP 	polygon: autoDraw = True
2552.4752 	DATA 	Mouse:  Left button up, pos=(910,219)
2553.4238 	INFO 	Keyboard events cleared
2553.4237 	EXP 	polygon: autoDraw = False
2553.4237 	EXP 	polygon_2: autoDraw = True
2553.6946 	DATA 	Keypress: space
2553.7064 	EXP 	polygon: autoDraw = False
2553.7064 	EXP 	polygon_2: autoDraw = False
2554.3900 	EXP 	Sound sound_1 reached end of file
2554.4062 	EXP 	Sound sound_1 started
2554.6944 	EXP 	Sound sound_1 stopped
2554.7079 	EXP 	text: autoDraw = True
2554.7079 	EXP 	textbox: autoDraw = True
2555.2890 	DATA 	Keypress: 4
2555.4129 	DATA 	Keypress: 0
2555.5152 	DATA 	Keypress: 0
2556.4549 	DATA 	Mouse: Left button down, pos=(918,223)
2556.4558 	EXP 	New trial (rep=9, index=1): <Trial 325 (1 in rep 9) data={'delay': 0.1, 'freq': 400, 'condition': 'unexp', 'thisN': 325, 'thisTrialN': 1, 'thisRepN': 9}>
2556.4710 	EXP 	text: autoDraw = False
2556.4710 	EXP 	textbox: autoDraw = False
2556.4710 	EXP 	polygon: autoDraw = True
2556.5386 	DATA 	Mouse:  Left button up, pos=(918,223)
2557.4705 	INFO 	Keyboard events cleared
2557.4703 	EXP 	polygon_2: autoDraw = True
2557.4868 	EXP 	polygon: autoDraw = False
2570.3471 	DATA 	Keypress: space
2570.3590 	EXP 	polygon: autoDraw = False
2570.3590 	EXP 	polygon_2: autoDraw = False
2570.4423 	EXP 	Sound sound_1 reached end of file
2570.4586 	EXP 	Sound sound_1 started
2570.7583 	EXP 	Sound sound_1 stopped
2570.7759 	EXP 	text: autoDraw = True
2570.7759 	EXP 	textbox: autoDraw = True
2571.5014 	DATA 	Keypress: 1
2571.6323 	DATA 	Keypress: 0
2571.7415 	DATA 	Keypress: 0
2572.1482 	DATA 	Mouse: wheel shift=(0,1), pos=(918,223)
2572.4246 	DATA 	Mouse: Left button down, pos=(920,224)
2572.4255 	EXP 	New trial (rep=9, index=2): <Trial 326 (2 in rep 9) data={'delay': 0.4, 'freq': 400, 'condition': 'unexp', 'thisN': 326, 'thisTrialN': 2, 'thisRepN': 9}>
2572.4401 	EXP 	text: autoDraw = False
2572.4401 	EXP 	textbox: autoDraw = False
2572.4401 	EXP 	polygon: autoDraw = True
2572.5243 	DATA 	Mouse:  Left button up, pos=(920,224)
2573.4399 	INFO 	Keyboard events cleared
2573.4398 	EXP 	polygon: autoDraw = False
2573.4398 	EXP 	polygon_2: autoDraw = True
2573.8268 	DATA 	Keypress: space
2573.8392 	EXP 	polygon: autoDraw = False
2573.8392 	EXP 	polygon_2: autoDraw = False
2574.2061 	EXP 	Sound sound_1 reached end of file
2574.2223 	EXP 	Sound sound_1 started
2574.5140 	EXP 	Sound sound_1 stopped
2574.5286 	EXP 	text: autoDraw = True
2574.5286 	EXP 	textbox: autoDraw = True
2574.8836 	DATA 	Keypress: 1
2575.0719 	DATA 	Keypress: 0
2575.1888 	DATA 	Keypress: 0
2576.0270 	DATA 	Keypress: backspace
2576.1710 	DATA 	Keypress: backspace
2576.4998 	DATA 	Keypress: backspace
2576.6376 	DATA 	Keypress: 2
2576.8942 	DATA 	Keypress: 0
2577.0098 	DATA 	Keypress: 0
2578.0364 	DATA 	Mouse: Left button down, pos=(920,224)
2578.0373 	EXP 	New trial (rep=9, index=3): <Trial 327 (3 in rep 9) data={'delay': 0.7, 'freq': 1000, 'condition': 'exp', 'thisN': 327, 'thisTrialN': 3, 'thisRepN': 9}>
2578.0519 	EXP 	text: autoDraw = False
2578.0519 	EXP 	textbox: autoDraw = False
2578.0519 	EXP 	polygon: autoDraw = True
2578.1038 	DATA 	Mouse:  Left button up, pos=(923,224)
2579.0517 	INFO 	Keyboard events cleared
2579.0515 	EXP 	polygon: autoDraw = False
2579.0515 	EXP 	polygon_2: autoDraw = True
2579.5031 	DATA 	Keypress: space
2579.5339 	EXP 	polygon: autoDraw = False
2579.5339 	EXP 	polygon_2: autoDraw = False
2580.2173 	EXP 	Sound sound_1 reached end of file
2580.2336 	EXP 	Sound sound_1 started
2580.5114 	EXP 	Sound sound_1 reached end of file
2580.5436 	EXP 	text: autoDraw = True
2580.5436 	EXP 	textbox: autoDraw = True
2581.9930 	DATA 	Keypress: 3
2582.1074 	DATA 	Keypress: 0
2582.2082 	DATA 	Keypress: 0
2582.9557 	DATA 	Mouse: Left button down, pos=(926,224)
2582.9661 	EXP 	New trial (rep=9, index=4): <Trial 328 (4 in rep 9) data={'delay': 0.4, 'freq': 1000, 'condition': 'exp', 'thisN': 328, 'thisTrialN': 4, 'thisRepN': 9}>
2582.9823 	EXP 	text: autoDraw = False
2582.9823 	EXP 	textbox: autoDraw = False
2582.9823 	EXP 	polygon: autoDraw = True
2583.0158 	DATA 	Mouse:  Left button up, pos=(926,224)
2583.9809 	INFO 	Keyboard events cleared
2583.9802 	EXP 	polygon_2: autoDraw = True
2583.9969 	EXP 	polygon: autoDraw = False
2584.4680 	DATA 	Keypress: space
2584.4800 	EXP 	polygon: autoDraw = False
2584.4800 	EXP 	polygon_2: autoDraw = False
2584.8636 	EXP 	Sound sound_1 reached end of file
2584.8798 	EXP 	Sound sound_1 started
2585.1793 	EXP 	Sound sound_1 stopped
2585.2025 	EXP 	text: autoDraw = True
2585.2025 	EXP 	textbox: autoDraw = True
2606.4550 	DATA 	Keypress: 1
2606.6111 	DATA 	Keypress: 0
2606.7276 	DATA 	Keypress: 0
2607.5942 	DATA 	Mouse: Left button down, pos=(925,224)
2607.5951 	EXP 	New trial (rep=9, index=5): <Trial 329 (5 in rep 9) data={'delay': 0.7, 'freq': 1000, 'condition': 'exp', 'thisN': 329, 'thisTrialN': 5, 'thisRepN': 9}>
2607.6098 	EXP 	text: autoDraw = False
2607.6098 	EXP 	textbox: autoDraw = False
2607.6098 	EXP 	polygon: autoDraw = True
2607.6438 	DATA 	Mouse:  Left button up, pos=(925,224)
2608.6092 	INFO 	Keyboard events cleared
2608.6090 	EXP 	polygon: autoDraw = False
2608.6090 	EXP 	polygon_2: autoDraw = True
2608.9963 	DATA 	Keypress: space
2609.0086 	EXP 	polygon: autoDraw = False
2609.0086 	EXP 	polygon_2: autoDraw = False
2609.6913 	EXP 	Sound sound_1 reached end of file
2609.7077 	EXP 	Sound sound_1 started
2610.0034 	EXP 	Sound sound_1 stopped
2610.0179 	EXP 	text: autoDraw = True
2610.0179 	EXP 	textbox: autoDraw = True
2610.3744 	DATA 	Keypress: 4
2610.5500 	DATA 	Keypress: 0
2610.6745 	DATA 	Keypress: 0
2611.2408 	DATA 	Mouse: Left button down, pos=(925,224)
2611.2416 	EXP 	New trial (rep=9, index=6): <Trial 330 (6 in rep 9) data={'delay': 0.1, 'freq': 1000, 'condition': 'exp', 'thisN': 330, 'thisTrialN': 6, 'thisRepN': 9}>
2611.2567 	EXP 	text: autoDraw = False
2611.2567 	EXP 	textbox: autoDraw = False
2611.2567 	EXP 	polygon: autoDraw = True
2611.3243 	DATA 	Mouse:  Left button up, pos=(925,224)
2612.2559 	INFO 	Keyboard events cleared
2612.2557 	EXP 	polygon_2: autoDraw = True
2612.2724 	EXP 	polygon: autoDraw = False
2612.5766 	DATA 	Keypress: space
2612.5886 	EXP 	polygon: autoDraw = False
2612.5886 	EXP 	polygon_2: autoDraw = False
2612.6560 	EXP 	Sound sound_1 reached end of file
2612.6723 	EXP 	Sound sound_1 started
2612.9289 	EXP 	Sound sound_1 reached end of file
2612.9387 	EXP 	Sound sound_1 reached end of file
2612.9564 	EXP 	text: autoDraw = True
2612.9564 	EXP 	textbox: autoDraw = True
2614.3143 	DATA 	Keypress: 1
2614.4546 	DATA 	Keypress: 0
2614.5780 	DATA 	Keypress: 0
2615.0043 	DATA 	Keypress: left
2615.1601 	DATA 	Keypress: return
2616.1863 	DATA 	Keypress: backspace
2617.0022 	DATA 	Keypress: return
2617.9013 	DATA 	Keypress: backspace
2618.8411 	DATA 	Mouse: Left button down, pos=(925,224)
2618.8511 	EXP 	New trial (rep=9, index=7): <Trial 331 (7 in rep 9) data={'delay': 0.4, 'freq': 1000, 'condition': 'exp', 'thisN': 331, 'thisTrialN': 7, 'thisRepN': 9}>
2618.8664 	EXP 	text: autoDraw = False
2618.8664 	EXP 	textbox: autoDraw = False
2618.8664 	EXP 	polygon: autoDraw = True
2618.9010 	DATA 	Mouse:  Left button up, pos=(925,224)
2619.8660 	INFO 	Keyboard events cleared
2619.8658 	EXP 	polygon: autoDraw = False
2619.8658 	EXP 	polygon_2: autoDraw = True
2620.1364 	DATA 	Keypress: space
2620.1489 	EXP 	polygon: autoDraw = False
2620.1489 	EXP 	polygon_2: autoDraw = False
2620.5323 	EXP 	Sound sound_1 reached end of file
2620.5486 	EXP 	Sound sound_1 started
2620.8338 	EXP 	Sound sound_1 stopped
2620.8552 	EXP 	text: autoDraw = True
2620.8552 	EXP 	textbox: autoDraw = True
2622.9098 	DATA 	Keypress: 2
2623.0378 	DATA 	Keypress: 0
2623.1536 	DATA 	Keypress: 0
2623.9209 	DATA 	Mouse: Left button down, pos=(926,225)
2623.9303 	EXP 	New trial (rep=9, index=8): <Trial 332 (8 in rep 9) data={'delay': 0.1, 'freq': 1000, 'condition': 'exp', 'thisN': 332, 'thisTrialN': 8, 'thisRepN': 9}>
2623.9454 	EXP 	text: autoDraw = False
2623.9454 	EXP 	textbox: autoDraw = False
2623.9454 	EXP 	polygon: autoDraw = True
2623.9965 	DATA 	Mouse:  Left button up, pos=(926,225)
2624.9451 	INFO 	Keyboard events cleared
2624.9449 	EXP 	polygon: autoDraw = False
2624.9449 	EXP 	polygon_2: autoDraw = True
2625.7310 	DATA 	Keypress: space
2625.7441 	EXP 	polygon: autoDraw = False
2625.7441 	EXP 	polygon_2: autoDraw = False
2625.8276 	EXP 	Sound sound_1 reached end of file
2625.8438 	EXP 	Sound sound_1 started
2626.1695 	EXP 	Sound sound_1 stopped
2626.1952 	EXP 	text: autoDraw = True
2626.1952 	EXP 	textbox: autoDraw = True
2626.6867 	DATA 	Keypress: 1
2626.8836 	DATA 	Keypress: 0
2627.0101 	DATA 	Keypress: 0
2627.7335 	DATA 	Mouse: Left button down, pos=(930,230)
2627.7437 	EXP 	New trial (rep=9, index=9): <Trial 333 (9 in rep 9) data={'delay': 0.1, 'freq': 400, 'condition': 'unexp', 'thisN': 333, 'thisTrialN': 9, 'thisRepN': 9}>
2627.7587 	EXP 	text: autoDraw = False
2627.7587 	EXP 	textbox: autoDraw = False
2627.7587 	EXP 	polygon: autoDraw = True
2627.7765 	DATA 	Mouse:  Left button up, pos=(932,232)
2628.7581 	INFO 	Keyboard events cleared
2628.7579 	EXP 	polygon: autoDraw = False
2628.7579 	EXP 	polygon_2: autoDraw = True
2630.3282 	DATA 	Keypress: space
2630.3398 	EXP 	polygon: autoDraw = False
2630.3398 	EXP 	polygon_2: autoDraw = False
2630.4234 	EXP 	Sound sound_1 reached end of file
2630.4397 	EXP 	Sound sound_1 started
2630.7469 	EXP 	Sound sound_1 stopped
2630.7647 	EXP 	text: autoDraw = True
2630.7647 	EXP 	textbox: autoDraw = True
2639.9097 	DATA 	Keypress: 3
2640.0882 	DATA 	Keypress: 0
2640.1914 	DATA 	Keypress: 0
2640.9482 	DATA 	Mouse: Left button down, pos=(932,232)
2640.9491 	EXP 	New trial (rep=9, index=10): <Trial 334 (10 in rep 9) data={'delay': 0.7, 'freq': 1000, 'condition': 'exp', 'thisN': 334, 'thisTrialN': 10, 'thisRepN': 9}>
2640.9641 	EXP 	text: autoDraw = False
2640.9641 	EXP 	textbox: autoDraw = False
2640.9641 	EXP 	polygon: autoDraw = True
2641.0151 	DATA 	Mouse:  Left button up, pos=(932,232)
2641.9636 	INFO 	Keyboard events cleared
2641.9634 	EXP 	polygon_2: autoDraw = True
2641.9800 	EXP 	polygon: autoDraw = False
2642.3007 	DATA 	Keypress: space
2642.3129 	EXP 	polygon: autoDraw = False
2642.3129 	EXP 	polygon_2: autoDraw = False
2642.9958 	EXP 	Sound sound_1 reached end of file
2643.0123 	EXP 	Sound sound_1 started
2643.3316 	EXP 	Sound sound_1 stopped
2643.3580 	EXP 	text: autoDraw = True
2643.3580 	EXP 	textbox: autoDraw = True
2644.0617 	DATA 	Keypress: 5
2644.2052 	DATA 	Keypress: 0
2644.3350 	DATA 	Keypress: 0
2645.6879 	DATA 	Keypress: backspace
2645.8019 	DATA 	Keypress: backspace
2645.9341 	DATA 	Keypress: backspace
2646.5687 	DATA 	Keypress: 6
2646.9834 	DATA 	Keypress: 0
2647.1093 	DATA 	Keypress: 0
2647.6826 	DATA 	Mouse: Left button down, pos=(932,232)
2647.6928 	EXP 	New trial (rep=9, index=11): <Trial 335 (11 in rep 9) data={'delay': 0.7, 'freq': 1000, 'condition': 'exp', 'thisN': 335, 'thisTrialN': 11, 'thisRepN': 9}>
2647.7082 	EXP 	text: autoDraw = False
2647.7082 	EXP 	textbox: autoDraw = False
2647.7082 	EXP 	polygon: autoDraw = True
2647.7923 	DATA 	Mouse:  Left button up, pos=(935,228)
2648.7077 	INFO 	Keyboard events cleared
2648.7075 	EXP 	polygon: autoDraw = False
2648.7075 	EXP 	polygon_2: autoDraw = True
2649.0612 	DATA 	Keypress: space
2649.0735 	EXP 	polygon: autoDraw = False
2649.0735 	EXP 	polygon_2: autoDraw = False
2649.7571 	EXP 	Sound sound_1 reached end of file
2649.7733 	EXP 	Sound sound_1 started
2650.0914 	EXP 	Sound sound_1 stopped
2650.1144 	EXP 	text: autoDraw = True
2650.1144 	EXP 	textbox: autoDraw = True
2650.5994 	DATA 	Keypress: 5
2650.8518 	DATA 	Keypress: 0
2650.9651 	DATA 	Keypress: 0
2651.4723 	DATA 	Mouse: Left button down, pos=(936,227)
2651.4731 	EXP 	New trial (rep=9, index=12): <Trial 336 (12 in rep 9) data={'delay': 0.1, 'freq': 1000, 'condition': 'exp', 'thisN': 336, 'thisTrialN': 12, 'thisRepN': 9}>
2651.4883 	EXP 	text: autoDraw = False
2651.4883 	EXP 	textbox: autoDraw = False
2651.4883 	EXP 	polygon: autoDraw = True
2651.5391 	DATA 	Mouse:  Left button up, pos=(936,225)
2652.4877 	INFO 	Keyboard events cleared
2652.4876 	EXP 	polygon_2: autoDraw = True
2652.5039 	EXP 	polygon: autoDraw = False
2652.7913 	DATA 	Keypress: space
2652.8038 	EXP 	polygon: autoDraw = False
2652.8038 	EXP 	polygon_2: autoDraw = False
2652.8708 	EXP 	Sound sound_1 reached end of file
2652.8871 	EXP 	Sound sound_1 started
2653.1746 	EXP 	Sound sound_1 stopped
2653.1971 	EXP 	text: autoDraw = True
2653.1971 	EXP 	textbox: autoDraw = True
2653.6723 	DATA 	Keypress: 1
2653.7701 	DATA 	Keypress: 0
2653.8805 	DATA 	Keypress: 0
2654.7378 	DATA 	Mouse: Left button down, pos=(939,219)
2654.7392 	EXP 	New trial (rep=9, index=13): <Trial 337 (13 in rep 9) data={'delay': 0.7, 'freq': 1000, 'condition': 'exp', 'thisN': 337, 'thisTrialN': 13, 'thisRepN': 9}>
2654.7518 	EXP 	text: autoDraw = False
2654.7518 	EXP 	textbox: autoDraw = False
2654.7518 	EXP 	polygon: autoDraw = True
2654.7695 	DATA 	Mouse:  Left button up, pos=(939,219)
2655.7514 	INFO 	Keyboard events cleared
2655.7512 	EXP 	polygon: autoDraw = False
2655.7512 	EXP 	polygon_2: autoDraw = True
2656.0392 	DATA 	Keypress: space
2656.0511 	EXP 	polygon: autoDraw = False
2656.0511 	EXP 	polygon_2: autoDraw = False
2656.7342 	EXP 	Sound sound_1 reached end of file
2656.7505 	EXP 	Sound sound_1 started
2657.0120 	EXP 	Sound sound_1 reached end of file
2657.0170 	EXP 	Sound sound_1 reached end of file
2657.0404 	EXP 	text: autoDraw = True
2657.0404 	EXP 	textbox: autoDraw = True
2657.5115 	DATA 	Keypress: 1
2657.6171 	DATA 	Keypress: 0
2658.2164 	DATA 	Keypress: backspace
2658.3406 	DATA 	Keypress: backspace
2658.5089 	DATA 	Keypress: 2
2658.7660 	DATA 	Keypress: 0
2658.8658 	DATA 	Keypress: 0
2659.6503 	DATA 	Mouse: Left button down, pos=(941,218)
2659.6511 	EXP 	New trial (rep=9, index=14): <Trial 338 (14 in rep 9) data={'delay': 0.1, 'freq': 1000, 'condition': 'exp', 'thisN': 338, 'thisTrialN': 14, 'thisRepN': 9}>
2659.6645 	EXP 	text: autoDraw = False
2659.6645 	EXP 	textbox: autoDraw = False
2659.6645 	EXP 	polygon: autoDraw = True
2659.7322 	DATA 	Mouse:  Left button up, pos=(941,218)
2660.6639 	INFO 	Keyboard events cleared
2660.6638 	EXP 	polygon: autoDraw = False
2660.6638 	EXP 	polygon_2: autoDraw = True
2661.0176 	DATA 	Keypress: space
2661.0299 	EXP 	polygon: autoDraw = False
2661.0299 	EXP 	polygon_2: autoDraw = False
2661.0969 	EXP 	Sound sound_1 reached end of file
2661.1131 	EXP 	Sound sound_1 started
2661.4085 	EXP 	Sound sound_1 stopped
2661.4340 	EXP 	text: autoDraw = True
2661.4340 	EXP 	textbox: autoDraw = True
2662.0384 	DATA 	Keypress: 1
2662.6198 	DATA 	Keypress: 0
2662.7290 	DATA 	Keypress: 0
2663.1452 	DATA 	Mouse: wheel shift=(0,1), pos=(941,218)
2663.3788 	DATA 	Mouse: Left button down, pos=(944,219)
2663.3796 	EXP 	New trial (rep=9, index=15): <Trial 339 (15 in rep 9) data={'delay': 0.1, 'freq': 1000, 'condition': 'exp', 'thisN': 339, 'thisTrialN': 15, 'thisRepN': 9}>
2663.3945 	EXP 	text: autoDraw = False
2663.3945 	EXP 	textbox: autoDraw = False
2663.3945 	EXP 	polygon: autoDraw = True
2663.4455 	DATA 	Mouse:  Left button up, pos=(944,219)
2664.3941 	INFO 	Keyboard events cleared
2664.3938 	EXP 	polygon: autoDraw = False
2664.3938 	EXP 	polygon_2: autoDraw = True
2664.7476 	DATA 	Keypress: space
2664.7601 	EXP 	polygon: autoDraw = False
2664.7601 	EXP 	polygon_2: autoDraw = False
2664.8434 	EXP 	Sound sound_1 reached end of file
2664.8597 	EXP 	Sound sound_1 started
2665.1666 	EXP 	Sound sound_1 stopped
2665.1907 	EXP 	text: autoDraw = True
2665.1907 	EXP 	textbox: autoDraw = True
2665.8740 	DATA 	Keypress: 1
2666.0258 	DATA 	Keypress: 0
2666.1334 	DATA 	Keypress: 0
2666.5422 	DATA 	Mouse: Left button down, pos=(944,219)
2666.5431 	EXP 	New trial (rep=9, index=16): <Trial 340 (16 in rep 9) data={'delay': 0.7, 'freq': 1000, 'condition': 'exp', 'thisN': 340, 'thisTrialN': 16, 'thisRepN': 9}>
2666.5581 	EXP 	text: autoDraw = False
2666.5581 	EXP 	textbox: autoDraw = False
2666.5581 	EXP 	polygon: autoDraw = True
2666.5925 	DATA 	Mouse:  Left button up, pos=(944,219)
2667.5581 	INFO 	Keyboard events cleared
2667.5579 	EXP 	polygon: autoDraw = False
2667.5579 	EXP 	polygon_2: autoDraw = True
2667.8118 	DATA 	Keypress: space
2667.8241 	EXP 	polygon: autoDraw = False
2667.8241 	EXP 	polygon_2: autoDraw = False
2668.5072 	EXP 	Sound sound_1 reached end of file
2668.5235 	EXP 	Sound sound_1 started
2668.8375 	EXP 	Sound sound_1 stopped
2668.8549 	EXP 	text: autoDraw = True
2668.8549 	EXP 	textbox: autoDraw = True
2670.3227 	DATA 	Keypress: 4
2670.4892 	DATA 	Keypress: 0
2670.6222 	DATA 	Keypress: 0
2671.3382 	DATA 	Mouse: Left button down, pos=(944,220)
2671.3390 	EXP 	New trial (rep=9, index=17): <Trial 341 (17 in rep 9) data={'delay': 0.4, 'freq': 1000, 'condition': 'exp', 'thisN': 341, 'thisTrialN': 17, 'thisRepN': 9}>
2671.3540 	EXP 	text: autoDraw = False
2671.3540 	EXP 	textbox: autoDraw = False
2671.3540 	EXP 	polygon: autoDraw = True
2671.4052 	DATA 	Mouse:  Left button up, pos=(944,220)
2672.3537 	INFO 	Keyboard events cleared
2672.3536 	EXP 	polygon: autoDraw = False
2672.3536 	EXP 	polygon_2: autoDraw = True
2672.9403 	DATA 	Keypress: space
2672.9530 	EXP 	polygon: autoDraw = False
2672.9530 	EXP 	polygon_2: autoDraw = False
2673.3198 	EXP 	Sound sound_1 reached end of file
2673.3360 	EXP 	Sound sound_1 started
2673.6118 	EXP 	Sound sound_1 reached end of file
2673.6376 	EXP 	text: autoDraw = True
2673.6376 	EXP 	textbox: autoDraw = True
2674.8293 	DATA 	Keypress: 2
2674.9682 	DATA 	Keypress: 0
2675.0918 	DATA 	Keypress: 0
2675.6241 	DATA 	Mouse: Left button down, pos=(944,220)
2675.6255 	EXP 	New trial (rep=9, index=18): <Trial 342 (18 in rep 9) data={'delay': 0.4, 'freq': 1000, 'condition': 'exp', 'thisN': 342, 'thisTrialN': 18, 'thisRepN': 9}>
2675.6335 	EXP 	text: autoDraw = False
2675.6335 	EXP 	textbox: autoDraw = False
2675.6335 	EXP 	polygon: autoDraw = True
2675.7180 	DATA 	Mouse:  Left button up, pos=(944,220)
2676.6328 	INFO 	Keyboard events cleared
2676.6326 	EXP 	polygon: autoDraw = False
2676.6326 	EXP 	polygon_2: autoDraw = True
2676.6686 	DATA 	Keypress: space
2676.6825 	EXP 	polygon: autoDraw = False
2676.6825 	EXP 	polygon_2: autoDraw = False
2677.0491 	EXP 	Sound sound_1 reached end of file
2677.0655 	EXP 	Sound sound_1 started
2677.3495 	EXP 	Sound sound_1 reached end of file
2677.3749 	EXP 	text: autoDraw = True
2677.3749 	EXP 	textbox: autoDraw = True
2679.0147 	DATA 	Keypress: 2
2679.2479 	DATA 	Keypress: 0
2679.5644 	DATA 	Keypress: 0
2680.0808 	DATA 	Mouse: wheel shift=(0,1), pos=(944,220)
2680.3539 	DATA 	Mouse: Left button down, pos=(944,220)
2680.3644 	EXP 	New trial (rep=9, index=19): <Trial 343 (19 in rep 9) data={'delay': 0.4, 'freq': 1000, 'condition': 'exp', 'thisN': 343, 'thisTrialN': 19, 'thisRepN': 9}>
2680.3796 	EXP 	text: autoDraw = False
2680.3796 	EXP 	textbox: autoDraw = False
2680.3796 	EXP 	polygon: autoDraw = True
2680.4469 	DATA 	Mouse:  Left button up, pos=(945,221)
2681.3790 	INFO 	Keyboard events cleared
2681.3788 	EXP 	polygon: autoDraw = False
2681.3788 	EXP 	polygon_2: autoDraw = True
2681.9327 	DATA 	Keypress: space
2681.9449 	EXP 	polygon: autoDraw = False
2681.9449 	EXP 	polygon_2: autoDraw = False
2682.3119 	EXP 	Sound sound_1 reached end of file
2682.3282 	EXP 	Sound sound_1 started
2682.6195 	EXP 	Sound sound_1 stopped
2682.6351 	EXP 	text: autoDraw = True
2682.6351 	EXP 	textbox: autoDraw = True
2683.6529 	DATA 	Keypress: 3
2683.8683 	DATA 	Keypress: 0
2684.0938 	DATA 	Keypress: 0
2684.8762 	DATA 	Mouse: Left button down, pos=(945,221)
2684.8775 	EXP 	New trial (rep=9, index=20): <Trial 344 (20 in rep 9) data={'delay': 0.7, 'freq': 1000, 'condition': 'exp', 'thisN': 344, 'thisTrialN': 20, 'thisRepN': 9}>
2684.8920 	EXP 	text: autoDraw = False
2684.8920 	EXP 	textbox: autoDraw = False
2684.8920 	EXP 	polygon: autoDraw = True
2684.9598 	DATA 	Mouse:  Left button up, pos=(945,221)
2685.8920 	INFO 	Keyboard events cleared
2685.8918 	EXP 	polygon: autoDraw = False
2685.8918 	EXP 	polygon_2: autoDraw = True
2686.5287 	DATA 	Keypress: space
2686.5411 	EXP 	polygon: autoDraw = False
2686.5411 	EXP 	polygon_2: autoDraw = False
2687.2242 	EXP 	Sound sound_1 reached end of file
2687.2405 	EXP 	Sound sound_1 started
2687.5074 	EXP 	Sound sound_1 reached end of file
2687.5113 	EXP 	Sound sound_1 reached end of file
2687.5340 	EXP 	text: autoDraw = True
2687.5340 	EXP 	textbox: autoDraw = True
2688.8157 	DATA 	Keypress: 4
2689.0397 	DATA 	Keypress: 0
2689.1729 	DATA 	Keypress: 0
2689.8123 	DATA 	Mouse: Left button down, pos=(945,221)
2689.8229 	EXP 	New trial (rep=9, index=21): <Trial 345 (21 in rep 9) data={'delay': 0.7, 'freq': 1000, 'condition': 'exp', 'thisN': 345, 'thisTrialN': 21, 'thisRepN': 9}>
2689.8382 	EXP 	text: autoDraw = False
2689.8382 	EXP 	textbox: autoDraw = False
2689.8382 	EXP 	polygon: autoDraw = True
2689.9225 	DATA 	Mouse:  Left button up, pos=(945,221)
2690.8377 	INFO 	Keyboard events cleared
2690.8375 	EXP 	polygon: autoDraw = False
2690.8375 	EXP 	polygon_2: autoDraw = True
2691.3912 	DATA 	Keypress: space
2691.4032 	EXP 	polygon: autoDraw = False
2691.4032 	EXP 	polygon_2: autoDraw = False
2692.0864 	EXP 	Sound sound_1 reached end of file
2692.1027 	EXP 	Sound sound_1 started
2692.3538 	EXP 	Sound sound_1 reached end of file
2692.3570 	EXP 	Sound sound_1 reached end of file
2692.3716 	EXP 	text: autoDraw = True
2692.3716 	EXP 	textbox: autoDraw = True
2693.1289 	DATA 	Keypress: 3
2693.2192 	DATA 	Keypress: 0
2693.3457 	DATA 	Keypress: 0
2693.8019 	DATA 	Mouse: wheel shift=(0,1), pos=(945,221)
2693.8687 	DATA 	Mouse: wheel shift=(0,1), pos=(947,221)
2694.0187 	DATA 	Mouse: Left button down, pos=(947,221)
2694.0196 	EXP 	New trial (rep=9, index=22): <Trial 346 (22 in rep 9) data={'delay': 0.4, 'freq': 400, 'condition': 'unexp', 'thisN': 346, 'thisTrialN': 22, 'thisRepN': 9}>
2694.0344 	EXP 	text: autoDraw = False
2694.0344 	EXP 	textbox: autoDraw = False
2694.0344 	EXP 	polygon: autoDraw = True
2694.0854 	DATA 	Mouse:  Left button up, pos=(947,221)
2695.0340 	INFO 	Keyboard events cleared
2695.0338 	EXP 	polygon: autoDraw = False
2695.0338 	EXP 	polygon_2: autoDraw = True
2695.4703 	DATA 	Keypress: space
2695.4836 	EXP 	polygon: autoDraw = False
2695.4836 	EXP 	polygon_2: autoDraw = False
2695.8668 	EXP 	Sound sound_1 reached end of file
2695.8831 	EXP 	Sound sound_1 started
2696.1705 	EXP 	Sound sound_1 stopped
2696.1950 	EXP 	text: autoDraw = True
2696.1950 	EXP 	textbox: autoDraw = True
2697.3413 	DATA 	Keypress: 2
2697.5653 	DATA 	Keypress: 0
2697.6888 	DATA 	Keypress: 0
2698.6144 	DATA 	Mouse: Left button down, pos=(947,221)
2698.6153 	EXP 	New trial (rep=9, index=23): <Trial 347 (23 in rep 9) data={'delay': 0.4, 'freq': 1000, 'condition': 'exp', 'thisN': 347, 'thisTrialN': 23, 'thisRepN': 9}>
2698.6305 	EXP 	text: autoDraw = False
2698.6305 	EXP 	textbox: autoDraw = False
2698.6305 	EXP 	polygon: autoDraw = True
2698.6649 	DATA 	Mouse:  Left button up, pos=(947,221)
2699.6299 	INFO 	Keyboard events cleared
2699.6297 	EXP 	polygon: autoDraw = False
2699.6297 	EXP 	polygon_2: autoDraw = True
2700.0170 	DATA 	Keypress: space
2700.0290 	EXP 	polygon: autoDraw = False
2700.0290 	EXP 	polygon_2: autoDraw = False
2700.3962 	EXP 	Sound sound_1 reached end of file
2700.4125 	EXP 	Sound sound_1 started
2700.6936 	EXP 	Sound sound_1 reached end of file
2700.7199 	EXP 	text: autoDraw = True
2700.7199 	EXP 	textbox: autoDraw = True
2701.4121 	DATA 	Keypress: 2
2701.6189 	DATA 	Keypress: 0
2701.7376 	DATA 	Keypress: 0
2702.9929 	DATA 	Mouse: Left button down, pos=(948,223)
2702.9973 	EXP 	New trial (rep=9, index=24): <Trial 348 (24 in rep 9) data={'delay': 0.4, 'freq': 1000, 'condition': 'exp', 'thisN': 348, 'thisTrialN': 24, 'thisRepN': 9}>
2703.0097 	EXP 	text: autoDraw = False
2703.0097 	EXP 	textbox: autoDraw = False
2703.0097 	EXP 	polygon: autoDraw = True
2703.0608 	DATA 	Mouse:  Left button up, pos=(948,223)
2704.0096 	INFO 	Keyboard events cleared
2704.0094 	EXP 	polygon: autoDraw = False
2704.0094 	EXP 	polygon_2: autoDraw = True
2704.8125 	DATA 	Keypress: space
2704.8254 	EXP 	polygon: autoDraw = False
2704.8254 	EXP 	polygon_2: autoDraw = False
2705.1919 	EXP 	Sound sound_1 reached end of file
2705.2082 	EXP 	Sound sound_1 started
2705.5043 	EXP 	Sound sound_1 stopped
2705.5276 	EXP 	text: autoDraw = True
2705.5276 	EXP 	textbox: autoDraw = True
2708.1986 	DATA 	Keypress: 3
2708.4298 	DATA 	Keypress: 0
2708.5457 	DATA 	Keypress: 0
2709.4219 	DATA 	Mouse: Left button down, pos=(860,208)
2709.4228 	EXP 	New trial (rep=9, index=25): <Trial 349 (25 in rep 9) data={'delay': 0.1, 'freq': 1000, 'condition': 'exp', 'thisN': 349, 'thisTrialN': 25, 'thisRepN': 9}>
2709.4379 	EXP 	text: autoDraw = False
2709.4379 	EXP 	textbox: autoDraw = False
2709.4379 	EXP 	polygon: autoDraw = True
2709.4725 	DATA 	Mouse:  Left button up, pos=(860,208)
2710.4373 	INFO 	Keyboard events cleared
2710.4371 	EXP 	polygon_2: autoDraw = True
2710.4537 	EXP 	polygon: autoDraw = False
2710.8890 	DATA 	Keypress: space
2710.9197 	EXP 	polygon: autoDraw = False
2710.9197 	EXP 	polygon_2: autoDraw = False
2710.9867 	EXP 	Sound sound_1 reached end of file
2711.0029 	EXP 	Sound sound_1 started
2711.2609 	EXP 	Sound sound_1 reached end of file
2711.2698 	EXP 	Sound sound_1 reached end of file
2711.2866 	EXP 	text: autoDraw = True
2711.2866 	EXP 	textbox: autoDraw = True
2712.2309 	DATA 	Keypress: 1
2712.4137 	DATA 	Keypress: 0
2712.5428 	DATA 	Keypress: 0
2713.3519 	DATA 	Mouse: Left button down, pos=(860,208)
2713.3528 	EXP 	New trial (rep=9, index=26): <Trial 350 (26 in rep 9) data={'delay': 0.1, 'freq': 400, 'condition': 'unexp', 'thisN': 350, 'thisTrialN': 26, 'thisRepN': 9}>
2713.3674 	EXP 	text: autoDraw = False
2713.3674 	EXP 	textbox: autoDraw = False
2713.3674 	EXP 	polygon: autoDraw = True
2713.4520 	DATA 	Mouse:  Left button up, pos=(860,208)
2714.3673 	INFO 	Keyboard events cleared
2714.3671 	EXP 	polygon: autoDraw = False
2714.3671 	EXP 	polygon_2: autoDraw = True
2714.7371 	DATA 	Keypress: space
2714.7495 	EXP 	polygon: autoDraw = False
2714.7495 	EXP 	polygon_2: autoDraw = False
2714.8331 	EXP 	Sound sound_1 reached end of file
2714.8495 	EXP 	Sound sound_1 started
2715.1727 	EXP 	Sound sound_1 stopped
2715.1976 	EXP 	text: autoDraw = True
2715.1976 	EXP 	textbox: autoDraw = True
2715.6998 	DATA 	Keypress: 1
2716.2223 	DATA 	Keypress: backspace
2716.3988 	DATA 	Keypress: 2
2716.5154 	DATA 	Keypress: 0
2716.6394 	DATA 	Keypress: 0
2717.4651 	DATA 	Mouse: Left button down, pos=(863,209)
2717.4659 	EXP 	New trial (rep=9, index=27): <Trial 351 (27 in rep 9) data={'delay': 0.1, 'freq': 1000, 'condition': 'exp', 'thisN': 351, 'thisTrialN': 27, 'thisRepN': 9}>
2717.4804 	EXP 	text: autoDraw = False
2717.4804 	EXP 	textbox: autoDraw = False
2717.4804 	EXP 	polygon: autoDraw = True
2717.5816 	DATA 	Mouse:  Left button up, pos=(863,209)
2718.4799 	INFO 	Keyboard events cleared
2718.4797 	EXP 	polygon: autoDraw = False
2718.4797 	EXP 	polygon_2: autoDraw = True
2719.5000 	DATA 	Keypress: space
2719.5123 	EXP 	polygon: autoDraw = False
2719.5123 	EXP 	polygon_2: autoDraw = False
2719.5794 	EXP 	Sound sound_1 reached end of file
2719.5957 	EXP 	Sound sound_1 started
2719.8593 	EXP 	Sound sound_1 reached end of file
2719.8629 	EXP 	Sound sound_1 reached end of file
2719.8853 	EXP 	text: autoDraw = True
2719.8853 	EXP 	textbox: autoDraw = True
2726.1994 	DATA 	Keypress: 2
2726.4067 	DATA 	Keypress: 0
2726.5570 	DATA 	Keypress: 0
2727.3730 	DATA 	Mouse: Left button down, pos=(863,209)
2727.3739 	EXP 	New trial (rep=9, index=28): <Trial 352 (28 in rep 9) data={'delay': 0.7, 'freq': 400, 'condition': 'unexp', 'thisN': 352, 'thisTrialN': 28, 'thisRepN': 9}>
2727.3887 	EXP 	text: autoDraw = False
2727.3887 	EXP 	textbox: autoDraw = False
2727.3887 	EXP 	polygon: autoDraw = True
2727.4897 	DATA 	Mouse:  Left button up, pos=(863,209)
2728.3883 	INFO 	Keyboard events cleared
2728.3881 	EXP 	polygon: autoDraw = False
2728.3881 	EXP 	polygon_2: autoDraw = True
2728.7917 	DATA 	Keypress: space
2728.8041 	EXP 	polygon: autoDraw = False
2728.8041 	EXP 	polygon_2: autoDraw = False
2729.4875 	EXP 	Sound sound_1 reached end of file
2729.5037 	EXP 	Sound sound_1 started
2729.8345 	EXP 	Sound sound_1 stopped
2729.8521 	EXP 	text: autoDraw = True
2729.8521 	EXP 	textbox: autoDraw = True
2731.0360 	DATA 	Keypress: 2
2731.1763 	DATA 	Keypress: 0
2731.7359 	DATA 	Keypress: 0
2732.6515 	DATA 	Mouse: Left button down, pos=(863,209)
2732.6524 	EXP 	New trial (rep=9, index=29): <Trial 353 (29 in rep 9) data={'delay': 0.4, 'freq': 400, 'condition': 'unexp', 'thisN': 353, 'thisTrialN': 29, 'thisRepN': 9}>
2732.6673 	EXP 	text: autoDraw = False
2732.6673 	EXP 	textbox: autoDraw = False
2732.6673 	EXP 	polygon: autoDraw = True
2732.7350 	DATA 	Mouse:  Left button up, pos=(863,209)
2733.6671 	INFO 	Keyboard events cleared
2733.6669 	EXP 	polygon: autoDraw = False
2733.6669 	EXP 	polygon_2: autoDraw = True
2734.2701 	DATA 	Keypress: space
2734.2825 	EXP 	polygon: autoDraw = False
2734.2825 	EXP 	polygon_2: autoDraw = False
2734.6661 	EXP 	Sound sound_1 reached end of file
2734.6824 	EXP 	Sound sound_1 started
2734.9176 	EXP 	Sound sound_1 reached end of file
2734.9328 	EXP 	Sound sound_1 reached end of file
2734.9553 	EXP 	text: autoDraw = True
2734.9553 	EXP 	textbox: autoDraw = True
2735.4412 	DATA 	Keypress: 2
2735.9821 	DATA 	Keypress: 0
2736.1149 	DATA 	Keypress: 0
2738.0262 	DATA 	Mouse: Left button down, pos=(902,222)
2738.0316 	EXP 	New trial (rep=9, index=30): <Trial 354 (30 in rep 9) data={'delay': 0.7, 'freq': 400, 'condition': 'unexp', 'thisN': 354, 'thisTrialN': 30, 'thisRepN': 9}>
2738.0459 	EXP 	text: autoDraw = False
2738.0459 	EXP 	textbox: autoDraw = False
2738.0459 	EXP 	polygon: autoDraw = True
2738.0970 	DATA 	Mouse:  Left button up, pos=(902,222)
2739.0458 	INFO 	Keyboard events cleared
2739.0456 	EXP 	polygon: autoDraw = False
2739.0456 	EXP 	polygon_2: autoDraw = True
2739.6471 	DATA 	Keypress: backslash
2741.0444 	DATA 	Keypress: return
2741.9135 	DATA 	Keypress: space
2741.9259 	EXP 	polygon: autoDraw = False
2741.9259 	EXP 	polygon_2: autoDraw = False
2742.6094 	EXP 	Sound sound_1 reached end of file
2742.6257 	EXP 	Sound sound_1 started
2742.9127 	EXP 	Sound sound_1 stopped
2742.9294 	EXP 	text: autoDraw = True
2742.9294 	EXP 	textbox: autoDraw = True
2743.6211 	DATA 	Keypress: 3
2743.8826 	DATA 	Keypress: 0
2744.0147 	DATA 	Keypress: 0
2744.7076 	DATA 	Mouse: Left button down, pos=(901,217)
2744.7084 	EXP 	New trial (rep=9, index=31): <Trial 355 (31 in rep 9) data={'delay': 0.1, 'freq': 1000, 'condition': 'exp', 'thisN': 355, 'thisTrialN': 31, 'thisRepN': 9}>
2744.7238 	EXP 	text: autoDraw = False
2744.7238 	EXP 	textbox: autoDraw = False
2744.7238 	EXP 	polygon: autoDraw = True
2744.7746 	DATA 	Mouse:  Left button up, pos=(899,216)
2745.7233 	INFO 	Keyboard events cleared
2745.7231 	EXP 	polygon: autoDraw = False
2745.7231 	EXP 	polygon_2: autoDraw = True
2746.1603 	DATA 	Keypress: space
2746.1726 	EXP 	polygon: autoDraw = False
2746.1726 	EXP 	polygon_2: autoDraw = False
2746.2396 	EXP 	Sound sound_1 reached end of file
2746.2559 	EXP 	Sound sound_1 started
2746.5141 	EXP 	Sound sound_1 reached end of file
2746.5226 	EXP 	Sound sound_1 reached end of file
2746.5451 	EXP 	text: autoDraw = True
2746.5451 	EXP 	textbox: autoDraw = True
2747.0158 	DATA 	Keypress: 1
2747.1890 	DATA 	Keypress: 0
2747.3056 	DATA 	Keypress: 0
2747.9459 	DATA 	Mouse: Left button down, pos=(899,216)
2747.9556 	EXP 	New trial (rep=9, index=32): <Trial 356 (32 in rep 9) data={'delay': 0.4, 'freq': 1000, 'condition': 'exp', 'thisN': 356, 'thisTrialN': 32, 'thisRepN': 9}>
2747.9710 	EXP 	text: autoDraw = False
2747.9710 	EXP 	textbox: autoDraw = False
2747.9710 	EXP 	polygon: autoDraw = True
2748.0552 	DATA 	Mouse:  Left button up, pos=(899,216)
2748.9706 	INFO 	Keyboard events cleared
2748.9704 	EXP 	polygon_2: autoDraw = True
2748.9865 	EXP 	polygon: autoDraw = False
2749.1901 	DATA 	Keypress: space
2749.2032 	EXP 	polygon: autoDraw = False
2749.2032 	EXP 	polygon_2: autoDraw = False
2749.5700 	EXP 	Sound sound_1 reached end of file
2749.5863 	EXP 	Sound sound_1 started
2749.8467 	EXP 	Sound sound_1 reached end of file
2749.8530 	EXP 	Sound sound_1 reached end of file
2749.8755 	EXP 	text: autoDraw = True
2749.8755 	EXP 	textbox: autoDraw = True
2750.3197 	DATA 	Keypress: 2
2750.5030 	DATA 	Keypress: 0
2750.6194 	DATA 	Keypress: 0
2751.2855 	DATA 	Mouse: Left button down, pos=(899,216)
2751.2864 	EXP 	New trial (rep=9, index=33): <Trial 357 (33 in rep 9) data={'delay': 0.7, 'freq': 400, 'condition': 'unexp', 'thisN': 357, 'thisTrialN': 33, 'thisRepN': 9}>
2751.3014 	EXP 	text: autoDraw = False
2751.3014 	EXP 	textbox: autoDraw = False
2751.3014 	EXP 	polygon: autoDraw = True
2751.3524 	DATA 	Mouse:  Left button up, pos=(899,216)
2752.3004 	INFO 	Keyboard events cleared
2752.3002 	EXP 	polygon: autoDraw = False
2752.3002 	EXP 	polygon_2: autoDraw = True
2752.6209 	DATA 	Keypress: space
2752.6336 	EXP 	polygon: autoDraw = False
2752.6336 	EXP 	polygon_2: autoDraw = False
2753.3168 	EXP 	Sound sound_1 reached end of file
2753.3331 	EXP 	Sound sound_1 started
2753.6214 	EXP 	Sound sound_1 stopped
2753.6365 	EXP 	text: autoDraw = True
2753.6365 	EXP 	textbox: autoDraw = True
2754.1660 	DATA 	Keypress: 5
2754.5162 	DATA 	Keypress: 0
2754.6321 	DATA 	Keypress: 0
2755.4653 	DATA 	Mouse: Left button down, pos=(899,216)
2755.4661 	EXP 	New trial (rep=9, index=34): <Trial 358 (34 in rep 9) data={'delay': 0.4, 'freq': 1000, 'condition': 'exp', 'thisN': 358, 'thisTrialN': 34, 'thisRepN': 9}>
2755.4813 	EXP 	text: autoDraw = False
2755.4813 	EXP 	textbox: autoDraw = False
2755.4813 	EXP 	polygon: autoDraw = True
2755.5821 	DATA 	Mouse:  Left button up, pos=(898,216)
2756.4799 	INFO 	Keyboard events cleared
2756.4798 	EXP 	polygon_2: autoDraw = True
2756.4963 	EXP 	polygon: autoDraw = False
2756.7682 	DATA 	Keypress: space
2756.7801 	EXP 	polygon: autoDraw = False
2756.7801 	EXP 	polygon_2: autoDraw = False
2757.1633 	EXP 	Sound sound_1 reached end of file
2757.1796 	EXP 	Sound sound_1 started
2757.4184 	EXP 	Sound sound_1 reached end of file
2757.4294 	EXP 	Sound sound_1 reached end of file
2757.4516 	EXP 	text: autoDraw = True
2757.4516 	EXP 	textbox: autoDraw = True
2758.4610 	DATA 	Keypress: 3
2758.7288 	DATA 	Keypress: 0
2758.8456 	DATA 	Keypress: 0
2759.3137 	DATA 	Mouse: Left button down, pos=(897,214)
2759.3145 	EXP 	New trial (rep=9, index=35): <Trial 359 (35 in rep 9) data={'delay': 0.1, 'freq': 1000, 'condition': 'exp', 'thisN': 359, 'thisTrialN': 35, 'thisRepN': 9}>
2759.3278 	EXP 	text: autoDraw = False
2759.3278 	EXP 	textbox: autoDraw = False
2759.3278 	EXP 	polygon: autoDraw = True
2759.4451 	DATA 	Mouse:  Left button up, pos=(897,212)
2760.3272 	INFO 	Keyboard events cleared
2760.3270 	EXP 	polygon: autoDraw = False
2760.3270 	EXP 	polygon_2: autoDraw = True
2760.7474 	DATA 	Keypress: space
2760.7595 	EXP 	polygon: autoDraw = False
2760.7595 	EXP 	polygon_2: autoDraw = False
2760.8269 	EXP 	Sound sound_1 reached end of file
2760.8432 	EXP 	Sound sound_1 started
2761.1136 	EXP 	Sound sound_1 reached end of file
2761.1489 	EXP 	text: autoDraw = True
2761.1489 	EXP 	textbox: autoDraw = True
2761.6524 	DATA 	Keypress: 1
2761.8208 	DATA 	Keypress: 0
2761.9384 	DATA 	Keypress: 0
2762.6590 	DATA 	Mouse: Left button down, pos=(897,212)
2762.6599 	EXP 	New trial (rep=10, index=0): <Trial 360 (0 in rep 10) data={'delay': 0.7, 'freq': 1000, 'condition': 'exp', 'thisN': 360, 'thisTrialN': 0, 'thisRepN': 10}>
2762.6748 	EXP 	text: autoDraw = False
2762.6748 	EXP 	textbox: autoDraw = False
2762.6748 	EXP 	polygon: autoDraw = True
2762.7589 	DATA 	Mouse:  Left button up, pos=(897,212)
2763.6741 	INFO 	Keyboard events cleared
2763.6740 	EXP 	polygon: autoDraw = False
2763.6740 	EXP 	polygon_2: autoDraw = True
2763.9615 	DATA 	Keypress: space
2763.9738 	EXP 	polygon: autoDraw = False
2763.9738 	EXP 	polygon_2: autoDraw = False
2764.6561 	EXP 	Sound sound_1 reached end of file
2764.6726 	EXP 	Sound sound_1 started
2764.9208 	EXP 	Sound sound_1 reached end of file
2764.9246 	EXP 	Sound sound_1 reached end of file
2764.9479 	EXP 	text: autoDraw = True
2764.9479 	EXP 	textbox: autoDraw = True
2765.7160 	DATA 	Keypress: 4
2766.0392 	DATA 	Keypress: 0
2766.1723 	DATA 	Keypress: 0
2766.7644 	DATA 	Mouse: Left button down, pos=(897,210)
2766.7725 	EXP 	New trial (rep=10, index=1): <Trial 361 (1 in rep 10) data={'delay': 0.7, 'freq': 1000, 'condition': 'exp', 'thisN': 361, 'thisTrialN': 1, 'thisRepN': 10}>
2766.7874 	EXP 	text: autoDraw = False
2766.7874 	EXP 	textbox: autoDraw = False
2766.7874 	EXP 	polygon: autoDraw = True
2766.8550 	DATA 	Mouse:  Left button up, pos=(897,210)
2767.7872 	INFO 	Keyboard events cleared
2767.7870 	EXP 	polygon: autoDraw = False
2767.7870 	EXP 	polygon_2: autoDraw = True
2768.5246 	DATA 	Keypress: space
2768.5365 	EXP 	polygon: autoDraw = False
2768.5365 	EXP 	polygon_2: autoDraw = False
2769.2196 	EXP 	Sound sound_1 reached end of file
2769.2359 	EXP 	Sound sound_1 started
2769.5132 	EXP 	Sound sound_1 reached end of file
2769.5430 	EXP 	text: autoDraw = True
2769.5430 	EXP 	textbox: autoDraw = True
2770.8162 	DATA 	Keypress: 6
2770.9516 	DATA 	Keypress: 6
2771.3678 	DATA 	Keypress: backspace
2771.6114 	DATA 	Keypress: 0
2771.7414 	DATA 	Keypress: 0
2772.5670 	DATA 	Mouse: Left button down, pos=(897,210)
2772.5679 	EXP 	New trial (rep=10, index=2): <Trial 362 (2 in rep 10) data={'delay': 0.4, 'freq': 1000, 'condition': 'exp', 'thisN': 362, 'thisTrialN': 2, 'thisRepN': 10}>
2772.5829 	EXP 	text: autoDraw = False
2772.5829 	EXP 	textbox: autoDraw = False
2772.5829 	EXP 	polygon: autoDraw = True
2772.6669 	DATA 	Mouse:  Left button up, pos=(897,210)
2773.5823 	INFO 	Keyboard events cleared
2773.5821 	EXP 	polygon: autoDraw = False
2773.5821 	EXP 	polygon_2: autoDraw = True
2774.2487 	DATA 	Keypress: return
2774.6857 	DATA 	Keypress: space
2774.6977 	EXP 	polygon: autoDraw = False
2774.6977 	EXP 	polygon_2: autoDraw = False
2775.0812 	EXP 	Sound sound_1 reached end of file
2775.0975 	EXP 	Sound sound_1 started
2775.3514 	EXP 	Sound sound_1 reached end of file
2775.3641 	EXP 	Sound sound_1 reached end of file
2775.3804 	EXP 	text: autoDraw = True
2775.3804 	EXP 	textbox: autoDraw = True
2776.1398 	DATA 	Keypress: 3
2776.3303 	DATA 	Keypress: 0
2776.4631 	DATA 	Keypress: 0
2777.4124 	DATA 	Mouse: Left button down, pos=(904,216)
2777.4132 	EXP 	New trial (rep=10, index=3): <Trial 363 (3 in rep 10) data={'delay': 0.1, 'freq': 400, 'condition': 'unexp', 'thisN': 363, 'thisTrialN': 3, 'thisRepN': 10}>
2777.4284 	EXP 	text: autoDraw = False
2777.4284 	EXP 	textbox: autoDraw = False
2777.4284 	EXP 	polygon: autoDraw = True
2777.4965 	DATA 	Mouse:  Left button up, pos=(904,216)
2778.4281 	INFO 	Keyboard events cleared
2778.4279 	EXP 	polygon: autoDraw = False
2778.4279 	EXP 	polygon_2: autoDraw = True
2778.8625 	DATA 	Keypress: space
2778.8769 	EXP 	polygon: autoDraw = False
2778.8769 	EXP 	polygon_2: autoDraw = False
2778.9437 	EXP 	Sound sound_1 reached end of file
2778.9601 	EXP 	Sound sound_1 started
2779.2507 	EXP 	Sound sound_1 stopped
2779.2740 	EXP 	text: autoDraw = True
2779.2740 	EXP 	textbox: autoDraw = True
2780.5929 	DATA 	Keypress: 2
2780.7497 	DATA 	Keypress: 0
2780.8597 	DATA 	Keypress: 0
2781.5092 	DATA 	Mouse: Left button down, pos=(904,216)
2781.5101 	EXP 	New trial (rep=10, index=4): <Trial 364 (4 in rep 10) data={'delay': 0.1, 'freq': 400, 'condition': 'unexp', 'thisN': 364, 'thisTrialN': 4, 'thisRepN': 10}>
2781.5251 	EXP 	text: autoDraw = False
2781.5251 	EXP 	textbox: autoDraw = False
2781.5251 	EXP 	polygon: autoDraw = True
2781.5927 	DATA 	Mouse:  Left button up, pos=(904,216)
2782.5243 	INFO 	Keyboard events cleared
2782.5242 	EXP 	polygon: autoDraw = False
2782.5242 	EXP 	polygon_2: autoDraw = True
2782.8285 	DATA 	Keypress: space
2782.8402 	EXP 	polygon: autoDraw = False
2782.8402 	EXP 	polygon_2: autoDraw = False
2782.9077 	EXP 	Sound sound_1 reached end of file
2782.9240 	EXP 	Sound sound_1 started
2783.2526 	EXP 	Sound sound_1 stopped
2783.2718 	EXP 	text: autoDraw = True
2783.2718 	EXP 	textbox: autoDraw = True
2783.6522 	DATA 	Keypress: 1
2783.9401 	DATA 	Keypress: 0
2784.0636 	DATA 	Keypress: 0
2784.8230 	DATA 	Mouse: Left button down, pos=(904,216)
2784.8239 	EXP 	New trial (rep=10, index=5): <Trial 365 (5 in rep 10) data={'delay': 0.7, 'freq': 1000, 'condition': 'exp', 'thisN': 365, 'thisTrialN': 5, 'thisRepN': 10}>
2784.8389 	EXP 	text: autoDraw = False
2784.8389 	EXP 	textbox: autoDraw = False
2784.8389 	EXP 	polygon: autoDraw = True
2784.9394 	DATA 	Mouse:  Left button up, pos=(904,216)
2785.8382 	INFO 	Keyboard events cleared
2785.8380 	EXP 	polygon: autoDraw = False
2785.8380 	EXP 	polygon_2: autoDraw = True
2786.0734 	DATA 	Keypress: space
2786.1045 	EXP 	polygon: autoDraw = False
2786.1045 	EXP 	polygon_2: autoDraw = False
2786.7877 	EXP 	Sound sound_1 reached end of file
2786.8039 	EXP 	Sound sound_1 started
2787.1022 	EXP 	Sound sound_1 stopped
2787.1252 	EXP 	text: autoDraw = True
2787.1252 	EXP 	textbox: autoDraw = True
2787.6639 	DATA 	Keypress: 3
2788.0600 	DATA 	Keypress: 0
2788.3198 	DATA 	Keypress: 0
2789.0859 	DATA 	Mouse: Left button down, pos=(904,216)
2789.0868 	EXP 	New trial (rep=10, index=6): <Trial 366 (6 in rep 10) data={'delay': 0.1, 'freq': 1000, 'condition': 'exp', 'thisN': 366, 'thisTrialN': 6, 'thisRepN': 10}>
2789.1018 	EXP 	text: autoDraw = False
2789.1018 	EXP 	textbox: autoDraw = False
2789.1018 	EXP 	polygon: autoDraw = True
2789.1692 	DATA 	Mouse:  Left button up, pos=(904,216)
2790.1013 	INFO 	Keyboard events cleared
2790.1011 	EXP 	polygon: autoDraw = False
2790.1011 	EXP 	polygon_2: autoDraw = True
2791.6208 	DATA 	Keypress: space
2791.6331 	EXP 	polygon: autoDraw = False
2791.6331 	EXP 	polygon_2: autoDraw = False
2791.7164 	EXP 	Sound sound_1 reached end of file
2791.7327 	EXP 	Sound sound_1 started
2792.0025 	EXP 	Sound sound_1 reached end of file
2792.0062 	EXP 	Sound sound_1 reached end of file
2792.0298 	EXP 	text: autoDraw = True
2792.0298 	EXP 	textbox: autoDraw = True
2800.0850 	DATA 	Keypress: 3
2800.3494 	DATA 	Keypress: 0
2800.4761 	DATA 	Keypress: 0
2801.1253 	DATA 	Mouse: Left button down, pos=(907,218)
2801.1261 	EXP 	New trial (rep=10, index=7): <Trial 367 (7 in rep 10) data={'delay': 0.7, 'freq': 400, 'condition': 'unexp', 'thisN': 367, 'thisTrialN': 7, 'thisRepN': 10}>
2801.1413 	EXP 	text: autoDraw = False
2801.1413 	EXP 	textbox: autoDraw = False
2801.1413 	EXP 	polygon: autoDraw = True
2801.2090 	DATA 	Mouse:  Left button up, pos=(908,217)
2802.1403 	INFO 	Keyboard events cleared
2802.1402 	EXP 	polygon: autoDraw = False
2802.1402 	EXP 	polygon_2: autoDraw = True
2802.4778 	DATA 	Keypress: space
2802.4901 	EXP 	polygon: autoDraw = False
2802.4901 	EXP 	polygon_2: autoDraw = False
2803.1733 	EXP 	Sound sound_1 reached end of file
2803.1897 	EXP 	Sound sound_1 started
2803.4295 	EXP 	Sound sound_1 reached end of file
2803.4395 	EXP 	Sound sound_1 reached end of file
2803.4564 	EXP 	text: autoDraw = True
2803.4564 	EXP 	textbox: autoDraw = True
2803.8892 	DATA 	Keypress: 4
2804.0394 	DATA 	Keypress: 0
2804.1561 	DATA 	Keypress: 0
2804.6890 	DATA 	Mouse: Left button down, pos=(908,217)
2804.6899 	EXP 	New trial (rep=10, index=8): <Trial 368 (8 in rep 10) data={'delay': 0.4, 'freq': 1000, 'condition': 'exp', 'thisN': 368, 'thisTrialN': 8, 'thisRepN': 10}>
2804.7049 	EXP 	text: autoDraw = False
2804.7049 	EXP 	textbox: autoDraw = False
2804.7049 	EXP 	polygon: autoDraw = True
2804.8058 	DATA 	Mouse:  Left button up, pos=(908,217)
2805.4062 	DATA 	Keypress: space
2805.7044 	INFO 	Keyboard events cleared
2805.7042 	EXP 	polygon: autoDraw = False
2805.7042 	EXP 	polygon_2: autoDraw = True
2806.0088 	DATA 	Keypress: space
2806.0204 	EXP 	polygon: autoDraw = False
2806.0204 	EXP 	polygon_2: autoDraw = False
2806.4036 	EXP 	Sound sound_1 reached end of file
2806.4200 	EXP 	Sound sound_1 started
2806.6868 	EXP 	Sound sound_1 reached end of file
2806.6904 	EXP 	Sound sound_1 reached end of file
2806.7132 	EXP 	text: autoDraw = True
2806.7132 	EXP 	textbox: autoDraw = True
2807.7478 	DATA 	Keypress: 2
2807.8527 	DATA 	Keypress: 0
2807.9598 	DATA 	Keypress: 0
2808.4520 	DATA 	Mouse: Left button down, pos=(909,213)
2808.4529 	EXP 	New trial (rep=10, index=9): <Trial 369 (9 in rep 10) data={'delay': 0.7, 'freq': 400, 'condition': 'unexp', 'thisN': 369, 'thisTrialN': 9, 'thisRepN': 10}>
2808.4683 	EXP 	text: autoDraw = False
2808.4683 	EXP 	textbox: autoDraw = False
2808.4683 	EXP 	polygon: autoDraw = True
2808.5354 	DATA 	Mouse:  Left button up, pos=(909,213)
2809.4678 	INFO 	Keyboard events cleared
2809.4676 	EXP 	polygon: autoDraw = False
2809.4676 	EXP 	polygon_2: autoDraw = True
2810.2369 	DATA 	Keypress: space
2810.2502 	EXP 	polygon: autoDraw = False
2810.2502 	EXP 	polygon_2: autoDraw = False
2810.9330 	EXP 	Sound sound_1 reached end of file
2810.9494 	EXP 	Sound sound_1 started
2811.2496 	EXP 	Sound sound_1 stopped
2811.2666 	EXP 	text: autoDraw = True
2811.2666 	EXP 	textbox: autoDraw = True
2811.9322 	DATA 	Keypress: 2
2812.0227 	DATA 	Keypress: 0
2812.1393 	DATA 	Keypress: 0
2812.8390 	DATA 	Keypress: backspace
2812.9553 	DATA 	Keypress: backspace
2813.0554 	DATA 	Keypress: backspace
2813.1571 	DATA 	Keypress: backspace
2813.6477 	DATA 	Keypress: 3
2813.8140 	DATA 	Keypress: 0
2813.9310 	DATA 	Keypress: 0
2814.9630 	DATA 	Mouse: Left button down, pos=(909,213)
2814.9639 	EXP 	New trial (rep=10, index=10): <Trial 370 (10 in rep 10) data={'delay': 0.4, 'freq': 1000, 'condition': 'exp', 'thisN': 370, 'thisTrialN': 10, 'thisRepN': 10}>
2814.9792 	EXP 	text: autoDraw = False
2814.9792 	EXP 	textbox: autoDraw = False
2814.9792 	EXP 	polygon: autoDraw = True
2815.0641 	DATA 	Mouse:  Left button up, pos=(909,213)
2815.9782 	INFO 	Keyboard events cleared
2815.9780 	EXP 	polygon: autoDraw = False
2815.9780 	EXP 	polygon_2: autoDraw = True
2816.2655 	DATA 	Keypress: space
2816.2782 	EXP 	polygon: autoDraw = False
2816.2782 	EXP 	polygon_2: autoDraw = False
2816.6615 	EXP 	Sound sound_1 reached end of file
2816.6779 	EXP 	Sound sound_1 started
2816.9349 	EXP 	Sound sound_1 reached end of file
2816.9444 	EXP 	Sound sound_1 reached end of file
2816.9614 	EXP 	text: autoDraw = True
2816.9614 	EXP 	textbox: autoDraw = True
2817.5547 	DATA 	Keypress: 3
2817.9437 	DATA 	Keypress: 0
2818.1603 	DATA 	Keypress: 0
2818.9431 	DATA 	Mouse: wheel shift=(0,1), pos=(909,213)
2819.2662 	DATA 	Mouse: Left button down, pos=(909,213)
2819.2768 	EXP 	New trial (rep=10, index=11): <Trial 371 (11 in rep 10) data={'delay': 0.4, 'freq': 1000, 'condition': 'exp', 'thisN': 371, 'thisTrialN': 11, 'thisRepN': 10}>
2819.2922 	EXP 	text: autoDraw = False
2819.2922 	EXP 	textbox: autoDraw = False
2819.2922 	EXP 	polygon: autoDraw = True
2819.3765 	DATA 	Mouse:  Left button up, pos=(909,213)
2820.2915 	INFO 	Keyboard events cleared
2820.2913 	EXP 	polygon: autoDraw = False
2820.2913 	EXP 	polygon_2: autoDraw = True
2820.9918 	DATA 	Keypress: return
2821.7253 	DATA 	Keypress: space
2821.7564 	EXP 	polygon: autoDraw = False
2821.7564 	EXP 	polygon_2: autoDraw = False
2822.1402 	EXP 	Sound sound_1 reached end of file
2822.1565 	EXP 	Sound sound_1 started
2822.4325 	EXP 	Sound sound_1 reached end of file
2822.4617 	EXP 	text: autoDraw = True
2822.4617 	EXP 	textbox: autoDraw = True
2823.4722 	DATA 	Keypress: 2
2823.6556 	DATA 	Keypress: 0
2823.7484 	DATA 	Keypress: 0
2824.1549 	DATA 	Mouse: wheel shift=(0,1), pos=(919,214)
2825.3773 	DATA 	Mouse: Left button down, pos=(1033,252)
2825.3883 	EXP 	New trial (rep=10, index=12): <Trial 372 (12 in rep 10) data={'delay': 0.1, 'freq': 1000, 'condition': 'exp', 'thisN': 372, 'thisTrialN': 12, 'thisRepN': 10}>
2825.4033 	EXP 	text: autoDraw = False
2825.4033 	EXP 	textbox: autoDraw = False
2825.4033 	EXP 	polygon: autoDraw = True
2825.5046 	DATA 	Mouse:  Left button up, pos=(1033,252)
2826.4031 	INFO 	Keyboard events cleared
2826.4029 	EXP 	polygon: autoDraw = False
2826.4029 	EXP 	polygon_2: autoDraw = True
2827.9052 	DATA 	Keypress: space
2827.9180 	EXP 	polygon: autoDraw = False
2827.9180 	EXP 	polygon_2: autoDraw = False
2828.0016 	EXP 	Sound sound_1 reached end of file
2828.0179 	EXP 	Sound sound_1 started
2828.3289 	EXP 	Sound sound_1 stopped
2828.3540 	EXP 	text: autoDraw = True
2828.3540 	EXP 	textbox: autoDraw = True
2835.3795 	DATA 	Keypress: 2
2835.5687 	DATA 	Keypress: 0
2835.9845 	DATA 	Keypress: 0
2837.2334 	DATA 	Mouse: Left button down, pos=(1033,252)
2837.2447 	EXP 	New trial (rep=10, index=13): <Trial 373 (13 in rep 10) data={'delay': 0.7, 'freq': 1000, 'condition': 'exp', 'thisN': 373, 'thisTrialN': 13, 'thisRepN': 10}>
2837.2596 	EXP 	text: autoDraw = False
2837.2596 	EXP 	textbox: autoDraw = False
2837.2596 	EXP 	polygon: autoDraw = True
2837.3275 	DATA 	Mouse:  Left button up, pos=(1033,252)
2838.2593 	INFO 	Keyboard events cleared
2838.2591 	EXP 	polygon: autoDraw = False
2838.2591 	EXP 	polygon_2: autoDraw = True
2839.2121 	DATA 	Keypress: space
2839.2246 	EXP 	polygon: autoDraw = False
2839.2246 	EXP 	polygon_2: autoDraw = False
2839.9081 	EXP 	Sound sound_1 reached end of file
2839.9244 	EXP 	Sound sound_1 started
2840.1952 	EXP 	Sound sound_1 reached end of file
2840.2298 	EXP 	text: autoDraw = True
2840.2298 	EXP 	textbox: autoDraw = True
2844.2168 	DATA 	Keypress: 2
2844.3938 	DATA 	Keypress: 0
2844.5280 	DATA 	Keypress: 0
2845.4200 	DATA 	Mouse: Left button down, pos=(1033,252)
2845.4213 	EXP 	New trial (rep=10, index=14): <Trial 374 (14 in rep 10) data={'delay': 0.4, 'freq': 1000, 'condition': 'exp', 'thisN': 374, 'thisTrialN': 14, 'thisRepN': 10}>
2845.4360 	EXP 	text: autoDraw = False
2845.4360 	EXP 	textbox: autoDraw = False
2845.4360 	EXP 	polygon: autoDraw = True
2845.5040 	DATA 	Mouse:  Left button up, pos=(1033,251)
2846.4355 	INFO 	Keyboard events cleared
2846.4353 	EXP 	polygon: autoDraw = False
2846.4353 	EXP 	polygon_2: autoDraw = True
2848.0548 	DATA 	Keypress: space
2848.0672 	EXP 	polygon: autoDraw = False
2848.0672 	EXP 	polygon_2: autoDraw = False
2848.4505 	EXP 	Sound sound_1 reached end of file
2848.4668 	EXP 	Sound sound_1 started
2848.7646 	EXP 	Sound sound_1 stopped
2848.7799 	EXP 	text: autoDraw = True
2848.7799 	EXP 	textbox: autoDraw = True
2850.1314 	DATA 	Keypress: 3
2850.2158 	DATA 	Keypress: 0
2850.3409 	DATA 	Keypress: 0
2851.1482 	DATA 	Mouse: Left button down, pos=(1037,251)
2851.1491 	EXP 	New trial (rep=10, index=15): <Trial 375 (15 in rep 10) data={'delay': 0.4, 'freq': 400, 'condition': 'unexp', 'thisN': 375, 'thisTrialN': 15, 'thisRepN': 10}>
2851.1643 	EXP 	text: autoDraw = False
2851.1643 	EXP 	textbox: autoDraw = False
2851.1643 	EXP 	polygon: autoDraw = True
2851.2487 	DATA 	Mouse:  Left button up, pos=(1037,251)
2852.1638 	INFO 	Keyboard events cleared
2852.1636 	EXP 	polygon: autoDraw = False
2852.1636 	EXP 	polygon_2: autoDraw = True
2853.2482 	DATA 	Keypress: space
2853.2789 	EXP 	polygon: autoDraw = False
2853.2789 	EXP 	polygon_2: autoDraw = False
2853.6627 	EXP 	Sound sound_1 reached end of file
2853.6790 	EXP 	Sound sound_1 started
2853.9178 	EXP 	Sound sound_1 reached end of file
2853.9288 	EXP 	Sound sound_1 reached end of file
2853.9456 	EXP 	text: autoDraw = True
2853.9456 	EXP 	textbox: autoDraw = True
2863.2655 	DATA 	Keypress: 2
2863.4134 	DATA 	Keypress: 0
2863.5642 	DATA 	Keypress: 0
2864.5704 	DATA 	Mouse: Left button down, pos=(1039,251)
2864.5713 	EXP 	New trial (rep=10, index=16): <Trial 376 (16 in rep 10) data={'delay': 0.1, 'freq': 1000, 'condition': 'exp', 'thisN': 376, 'thisTrialN': 16, 'thisRepN': 10}>
2864.5861 	EXP 	text: autoDraw = False
2864.5861 	EXP 	textbox: autoDraw = False
2864.5861 	EXP 	polygon: autoDraw = True
2864.6537 	DATA 	Mouse:  Left button up, pos=(1040,251)
2865.5852 	INFO 	Keyboard events cleared
2865.5850 	EXP 	polygon: autoDraw = False
2865.5850 	EXP 	polygon_2: autoDraw = True
2905.3223 	DATA 	Keypress: space
2905.3342 	EXP 	polygon: autoDraw = False
2905.3342 	EXP 	polygon_2: autoDraw = False
2905.4010 	EXP 	Sound sound_1 reached end of file
2905.4173 	EXP 	Sound sound_1 started
2905.6867 	EXP 	Sound sound_1 reached end of file
2905.6901 	EXP 	Sound sound_1 reached end of file
2905.7047 	EXP 	text: autoDraw = True
2905.7047 	EXP 	textbox: autoDraw = True
2907.2159 	DATA 	Keypress: 1
2907.3399 	DATA 	Keypress: 0
2907.4495 	DATA 	Keypress: 0
2908.2318 	DATA 	Mouse: Left button down, pos=(1042,251)
2908.2327 	EXP 	New trial (rep=10, index=17): <Trial 377 (17 in rep 10) data={'delay': 0.1, 'freq': 1000, 'condition': 'exp', 'thisN': 377, 'thisTrialN': 17, 'thisRepN': 10}>
2908.2476 	EXP 	text: autoDraw = False
2908.2476 	EXP 	textbox: autoDraw = False
2908.2476 	EXP 	polygon: autoDraw = True
2908.2823 	DATA 	Mouse:  Left button up, pos=(1042,251)
2909.2475 	INFO 	Keyboard events cleared
2909.2473 	EXP 	polygon: autoDraw = False
2909.2473 	EXP 	polygon_2: autoDraw = True
2909.5347 	DATA 	Keypress: space
2909.5471 	EXP 	polygon: autoDraw = False
2909.5471 	EXP 	polygon_2: autoDraw = False
2909.6139 	EXP 	Sound sound_1 reached end of file
2909.6302 	EXP 	Sound sound_1 started
2909.9295 	EXP 	Sound sound_1 stopped
2909.9518 	EXP 	text: autoDraw = True
2909.9518 	EXP 	textbox: autoDraw = True
2910.1566 	DATA 	Keypress: 1
2910.3303 	DATA 	Keypress: 0
2910.5800 	DATA 	Keypress: 0
2911.3129 	DATA 	Mouse: Left button down, pos=(1042,251)
2911.3138 	EXP 	New trial (rep=10, index=18): <Trial 378 (18 in rep 10) data={'delay': 0.7, 'freq': 1000, 'condition': 'exp', 'thisN': 378, 'thisTrialN': 18, 'thisRepN': 10}>
2911.3287 	EXP 	text: autoDraw = False
2911.3287 	EXP 	textbox: autoDraw = False
2911.3287 	EXP 	polygon: autoDraw = True
2911.4125 	DATA 	Mouse:  Left button up, pos=(1042,251)
2912.3280 	INFO 	Keyboard events cleared
2912.3278 	EXP 	polygon: autoDraw = False
2912.3278 	EXP 	polygon_2: autoDraw = True
2912.9295 	DATA 	Keypress: space
2912.9439 	EXP 	polygon: autoDraw = False
2912.9439 	EXP 	polygon_2: autoDraw = False
2913.6268 	EXP 	Sound sound_1 reached end of file
2913.6431 	EXP 	Sound sound_1 started
2913.9307 	EXP 	Sound sound_1 stopped
2913.9545 	EXP 	text: autoDraw = True
2913.9545 	EXP 	textbox: autoDraw = True
2914.6431 	DATA 	Keypress: 3
2914.8331 	DATA 	Keypress: 0
2914.9498 	DATA 	Keypress: 0
2915.5592 	DATA 	Mouse: Left button down, pos=(1088,252)
2915.5601 	EXP 	New trial (rep=10, index=19): <Trial 379 (19 in rep 10) data={'delay': 0.4, 'freq': 1000, 'condition': 'exp', 'thisN': 379, 'thisTrialN': 19, 'thisRepN': 10}>
2915.5751 	EXP 	text: autoDraw = False
2915.5751 	EXP 	textbox: autoDraw = False
2915.5751 	EXP 	polygon: autoDraw = True
2915.6426 	DATA 	Mouse:  Left button up, pos=(1089,251)
2916.5745 	INFO 	Keyboard events cleared
2916.5743 	EXP 	polygon: autoDraw = False
2916.5743 	EXP 	polygon_2: autoDraw = True
2917.2118 	DATA 	Keypress: space
2917.2237 	EXP 	polygon: autoDraw = False
2917.2237 	EXP 	polygon_2: autoDraw = False
2917.6063 	EXP 	Sound sound_1 reached end of file
2917.6227 	EXP 	Sound sound_1 started
2917.9155 	EXP 	Sound sound_1 stopped
2917.9326 	EXP 	text: autoDraw = True
2917.9326 	EXP 	textbox: autoDraw = True
2918.5992 	DATA 	Keypress: 1
2918.9560 	DATA 	Keypress: 0
2919.0724 	DATA 	Keypress: 0
2919.5885 	DATA 	Mouse: Left button down, pos=(1091,250)
2919.5894 	EXP 	New trial (rep=10, index=20): <Trial 380 (20 in rep 10) data={'delay': 0.4, 'freq': 1000, 'condition': 'exp', 'thisN': 380, 'thisTrialN': 20, 'thisRepN': 10}>
2919.6046 	EXP 	text: autoDraw = False
2919.6046 	EXP 	textbox: autoDraw = False
2919.6046 	EXP 	polygon: autoDraw = True
2919.6386 	DATA 	Mouse:  Left button up, pos=(1091,250)
2920.6041 	INFO 	Keyboard events cleared
2920.6039 	EXP 	polygon: autoDraw = False
2920.6039 	EXP 	polygon_2: autoDraw = True
2921.2246 	DATA 	Keypress: space
2921.2364 	EXP 	polygon: autoDraw = False
2921.2364 	EXP 	polygon_2: autoDraw = False
2921.6203 	EXP 	Sound sound_1 reached end of file
2921.6366 	EXP 	Sound sound_1 started
2921.9309 	EXP 	Sound sound_1 stopped
2921.9465 	EXP 	text: autoDraw = True
2921.9465 	EXP 	textbox: autoDraw = True
2922.2198 	DATA 	Keypress: 3
2922.3596 	DATA 	Keypress: 0
2922.4698 	DATA 	Keypress: 0
2923.1193 	DATA 	Mouse: Left button down, pos=(988,215)
2923.1202 	EXP 	New trial (rep=10, index=21): <Trial 381 (21 in rep 10) data={'delay': 0.1, 'freq': 1000, 'condition': 'exp', 'thisN': 381, 'thisTrialN': 21, 'thisRepN': 10}>
2923.1352 	EXP 	text: autoDraw = False
2923.1352 	EXP 	textbox: autoDraw = False
2923.1352 	EXP 	polygon: autoDraw = True
2923.2023 	DATA 	Mouse:  Left button up, pos=(988,215)
2924.1346 	INFO 	Keyboard events cleared
2924.1344 	EXP 	polygon: autoDraw = False
2924.1344 	EXP 	polygon_2: autoDraw = True
2924.4218 	DATA 	Keypress: space
2924.4340 	EXP 	polygon: autoDraw = False
2924.4340 	EXP 	polygon_2: autoDraw = False
2924.5009 	EXP 	Sound sound_1 reached end of file
2924.5172 	EXP 	Sound sound_1 started
2924.8335 	EXP 	Sound sound_1 stopped
2924.8492 	EXP 	text: autoDraw = True
2924.8492 	EXP 	textbox: autoDraw = True
2925.6612 	DATA 	Keypress: 2
2925.7667 	DATA 	Keypress: 0
2925.8759 	DATA 	Keypress: 0
2926.6824 	DATA 	Mouse: Left button down, pos=(995,214)
2926.6833 	EXP 	New trial (rep=10, index=22): <Trial 382 (22 in rep 10) data={'delay': 0.7, 'freq': 1000, 'condition': 'exp', 'thisN': 382, 'thisTrialN': 22, 'thisRepN': 10}>
2926.6987 	EXP 	text: autoDraw = False
2926.6987 	EXP 	textbox: autoDraw = False
2926.6987 	EXP 	polygon: autoDraw = True
2926.7659 	DATA 	Mouse:  Left button up, pos=(998,216)
2927.6981 	INFO 	Keyboard events cleared
2927.6979 	EXP 	polygon_2: autoDraw = True
2927.7145 	EXP 	polygon: autoDraw = False
2928.7349 	DATA 	Keypress: space
2928.7470 	EXP 	polygon: autoDraw = False
2928.7470 	EXP 	polygon_2: autoDraw = False
2929.4301 	EXP 	Sound sound_1 reached end of file
2929.4464 	EXP 	Sound sound_1 started
2929.7508 	EXP 	Sound sound_1 stopped
2929.7749 	EXP 	text: autoDraw = True
2929.7749 	EXP 	textbox: autoDraw = True
2930.9891 	DATA 	Keypress: 2
2931.1956 	DATA 	Keypress: 0
2931.3283 	DATA 	Keypress: 0
2932.1018 	DATA 	Mouse: Left button down, pos=(1015,231)
2932.1120 	EXP 	New trial (rep=10, index=23): <Trial 383 (23 in rep 10) data={'delay': 0.1, 'freq': 1000, 'condition': 'exp', 'thisN': 383, 'thisTrialN': 23, 'thisRepN': 10}>
2932.1272 	EXP 	text: autoDraw = False
2932.1272 	EXP 	textbox: autoDraw = False
2932.1272 	EXP 	polygon: autoDraw = True
2932.2615 	DATA 	Mouse:  Left button up, pos=(1015,231)
2933.1267 	INFO 	Keyboard events cleared
2933.1265 	EXP 	polygon: autoDraw = False
2933.1265 	EXP 	polygon_2: autoDraw = True
2935.8125 	DATA 	Keypress: space
2935.8239 	EXP 	polygon: autoDraw = False
2935.8239 	EXP 	polygon_2: autoDraw = False
2935.9076 	EXP 	Sound sound_1 reached end of file
2935.9239 	EXP 	Sound sound_1 started
2936.2488 	EXP 	Sound sound_1 stopped
2936.2652 	EXP 	text: autoDraw = True
2936.2652 	EXP 	textbox: autoDraw = True
2937.7329 	DATA 	Keypress: 3
2937.9562 	DATA 	Keypress: 0
2938.0789 	DATA 	Keypress: 0
2938.7299 	DATA 	Mouse: Left button down, pos=(1019,235)
2938.7395 	EXP 	New trial (rep=10, index=24): <Trial 384 (24 in rep 10) data={'delay': 0.1, 'freq': 1000, 'condition': 'exp', 'thisN': 384, 'thisTrialN': 24, 'thisRepN': 10}>
2938.7549 	EXP 	text: autoDraw = False
2938.7549 	EXP 	textbox: autoDraw = False
2938.7549 	EXP 	polygon: autoDraw = True
2938.8221 	DATA 	Mouse:  Left button up, pos=(1019,235)
2939.7540 	INFO 	Keyboard events cleared
2939.7538 	EXP 	polygon: autoDraw = False
2939.7538 	EXP 	polygon_2: autoDraw = True
2940.0750 	DATA 	Keypress: space
2940.0871 	EXP 	polygon: autoDraw = False
2940.0871 	EXP 	polygon_2: autoDraw = False
2940.1541 	EXP 	Sound sound_1 reached end of file
2940.1704 	EXP 	Sound sound_1 started
2940.4215 	EXP 	Sound sound_1 reached end of file
2940.4250 	EXP 	Sound sound_1 reached end of file
2940.4463 	EXP 	text: autoDraw = True
2940.4463 	EXP 	textbox: autoDraw = True
2940.8371 	DATA 	Keypress: 2
2941.5099 	DATA 	Keypress: 0
2941.6029 	DATA 	Keypress: 0
2942.1022 	DATA 	Mouse: wheel shift=(0,1), pos=(1022,238)
2942.4100 	DATA 	Mouse: Left button down, pos=(1022,238)
2942.4197 	EXP 	New trial (rep=10, index=25): <Trial 385 (25 in rep 10) data={'delay': 0.4, 'freq': 400, 'condition': 'unexp', 'thisN': 385, 'thisTrialN': 25, 'thisRepN': 10}>
2942.4350 	EXP 	text: autoDraw = False
2942.4350 	EXP 	textbox: autoDraw = False
2942.4350 	EXP 	polygon: autoDraw = True
2942.5192 	DATA 	Mouse:  Left button up, pos=(1022,238)
2943.4341 	INFO 	Keyboard events cleared
2943.4339 	EXP 	polygon: autoDraw = False
2943.4339 	EXP 	polygon_2: autoDraw = True
2943.8867 	DATA 	Keypress: space
2943.9004 	EXP 	polygon: autoDraw = False
2943.9004 	EXP 	polygon_2: autoDraw = False
2944.2673 	EXP 	Sound sound_1 reached end of file
2944.2835 	EXP 	Sound sound_1 started
2944.5974 	EXP 	Sound sound_1 stopped
2944.6149 	EXP 	text: autoDraw = True
2944.6149 	EXP 	textbox: autoDraw = True
2945.6771 	DATA 	Keypress: 3
2945.7991 	DATA 	Keypress: 0
2945.9223 	DATA 	Keypress: 0
2946.3488 	DATA 	Mouse: wheel shift=(0,1), pos=(1022,238)
2946.3726 	DATA 	Mouse: wheel shift=(0,1), pos=(1027,241)
2946.4155 	DATA 	Mouse: wheel shift=(0,1), pos=(1028,243)
2946.6655 	DATA 	Mouse: Left button down, pos=(1028,225)
2946.6663 	EXP 	New trial (rep=10, index=26): <Trial 386 (26 in rep 10) data={'delay': 0.1, 'freq': 1000, 'condition': 'exp', 'thisN': 386, 'thisTrialN': 26, 'thisRepN': 10}>
2946.6813 	EXP 	text: autoDraw = False
2946.6813 	EXP 	textbox: autoDraw = False
2946.6813 	EXP 	polygon: autoDraw = True
2946.8155 	DATA 	Mouse:  Left button up, pos=(1028,225)
2947.6805 	INFO 	Keyboard events cleared
2947.6803 	EXP 	polygon_2: autoDraw = True
2947.6971 	EXP 	polygon: autoDraw = False
2947.9510 	DATA 	Keypress: space
2947.9631 	EXP 	polygon: autoDraw = False
2947.9631 	EXP 	polygon_2: autoDraw = False
2948.0469 	EXP 	Sound sound_1 reached end of file
2948.0632 	EXP 	Sound sound_1 started
2948.3426 	EXP 	Sound sound_1 reached end of file
2948.3683 	EXP 	text: autoDraw = True
2948.3683 	EXP 	textbox: autoDraw = True
2948.9566 	DATA 	Keypress: 2
2949.1132 	DATA 	Keypress: 0
2949.2361 	DATA 	Keypress: 0
2950.2516 	DATA 	Mouse: Left button down, pos=(1030,224)
2950.2627 	EXP 	New trial (rep=10, index=27): <Trial 387 (27 in rep 10) data={'delay': 0.7, 'freq': 1000, 'condition': 'exp', 'thisN': 387, 'thisTrialN': 27, 'thisRepN': 10}>
2950.2779 	EXP 	text: autoDraw = False
2950.2779 	EXP 	textbox: autoDraw = False
2950.2779 	EXP 	polygon: autoDraw = True
2950.3458 	DATA 	Mouse:  Left button up, pos=(1030,224)
2951.2776 	INFO 	Keyboard events cleared
2951.2774 	EXP 	polygon: autoDraw = False
2951.2774 	EXP 	polygon_2: autoDraw = True
2951.3314 	DATA 	Keypress: space
2951.3435 	EXP 	polygon: autoDraw = False
2951.3435 	EXP 	polygon_2: autoDraw = False
2952.0268 	EXP 	Sound sound_1 reached end of file
2952.0431 	EXP 	Sound sound_1 started
2952.3469 	EXP 	Sound sound_1 stopped
2952.3614 	EXP 	text: autoDraw = True
2952.3614 	EXP 	textbox: autoDraw = True
2953.1930 	DATA 	Keypress: 4
2953.4330 	DATA 	Keypress: 0
2953.5492 	DATA 	Keypress: 0
2954.6081 	DATA 	Mouse: Left button down, pos=(1030,224)
2954.6090 	EXP 	New trial (rep=10, index=28): <Trial 388 (28 in rep 10) data={'delay': 0.1, 'freq': 400, 'condition': 'unexp', 'thisN': 388, 'thisTrialN': 28, 'thisRepN': 10}>
2954.6243 	EXP 	text: autoDraw = False
2954.6243 	EXP 	textbox: autoDraw = False
2954.6243 	EXP 	polygon: autoDraw = True
2954.6750 	DATA 	Mouse:  Left button up, pos=(1030,224)
2955.6236 	INFO 	Keyboard events cleared
2955.6234 	EXP 	polygon_2: autoDraw = True
2955.6403 	EXP 	polygon: autoDraw = False
2955.9108 	DATA 	Keypress: space
2955.9234 	EXP 	polygon: autoDraw = False
2955.9234 	EXP 	polygon_2: autoDraw = False
2955.9902 	EXP 	Sound sound_1 reached end of file
2956.0065 	EXP 	Sound sound_1 started
2956.2614 	EXP 	Sound sound_1 reached end of file
2956.2728 	EXP 	Sound sound_1 reached end of file
2956.2899 	EXP 	text: autoDraw = True
2956.2899 	EXP 	textbox: autoDraw = True
2956.7899 	DATA 	Keypress: 1
2956.8963 	DATA 	Keypress: 0
2957.0063 	DATA 	Keypress: 0
2957.6129 	DATA 	Mouse: Left button down, pos=(1030,224)
2957.6231 	EXP 	New trial (rep=10, index=29): <Trial 389 (29 in rep 10) data={'delay': 0.4, 'freq': 1000, 'condition': 'exp', 'thisN': 389, 'thisTrialN': 29, 'thisRepN': 10}>
2957.6384 	EXP 	text: autoDraw = False
2957.6384 	EXP 	textbox: autoDraw = False
2957.6384 	EXP 	polygon: autoDraw = True
2957.7059 	DATA 	Mouse:  Left button up, pos=(1030,224)
2958.6378 	INFO 	Keyboard events cleared
2958.6376 	EXP 	polygon: autoDraw = False
2958.6376 	EXP 	polygon_2: autoDraw = True
2958.9411 	DATA 	Keypress: space
2958.9539 	EXP 	polygon: autoDraw = False
2958.9539 	EXP 	polygon_2: autoDraw = False
2959.3207 	EXP 	Sound sound_1 reached end of file
2959.3370 	EXP 	Sound sound_1 started
2959.6055 	EXP 	Sound sound_1 reached end of file
2959.6408 	EXP 	text: autoDraw = True
2959.6408 	EXP 	textbox: autoDraw = True
2960.1368 	DATA 	Keypress: 2
2960.4201 	DATA 	Keypress: 0
2960.5363 	DATA 	Keypress: 0
2961.2258 	DATA 	Mouse: Left button down, pos=(1030,224)
2961.2366 	EXP 	New trial (rep=10, index=30): <Trial 390 (30 in rep 10) data={'delay': 0.7, 'freq': 400, 'condition': 'unexp', 'thisN': 390, 'thisTrialN': 30, 'thisRepN': 10}>
2961.2520 	EXP 	text: autoDraw = False
2961.2520 	EXP 	textbox: autoDraw = False
2961.2520 	EXP 	polygon: autoDraw = True
2961.3027 	DATA 	Mouse:  Left button up, pos=(1030,224)
2962.2512 	INFO 	Keyboard events cleared
2962.2511 	EXP 	polygon: autoDraw = False
2962.2511 	EXP 	polygon_2: autoDraw = True
2962.6220 	DATA 	Keypress: space
2962.6341 	EXP 	polygon: autoDraw = False
2962.6341 	EXP 	polygon_2: autoDraw = False
2963.3172 	EXP 	Sound sound_1 reached end of file
2963.3335 	EXP 	Sound sound_1 started
2963.6079 	EXP 	Sound sound_1 reached end of file
2963.6364 	EXP 	text: autoDraw = True
2963.6364 	EXP 	textbox: autoDraw = True
2964.0835 	DATA 	Keypress: 4
2964.3436 	DATA 	Keypress: 0
2964.4831 	DATA 	Keypress: 0
2965.0661 	DATA 	Mouse: Left button down, pos=(1034,224)
2965.0669 	EXP 	New trial (rep=10, index=31): <Trial 391 (31 in rep 10) data={'delay': 0.7, 'freq': 1000, 'condition': 'exp', 'thisN': 391, 'thisTrialN': 31, 'thisRepN': 10}>
2965.0819 	EXP 	text: autoDraw = False
2965.0819 	EXP 	textbox: autoDraw = False
2965.0819 	EXP 	polygon: autoDraw = True
2965.1495 	DATA 	Mouse:  Left button up, pos=(1034,224)
2966.0813 	INFO 	Keyboard events cleared
2966.0811 	EXP 	polygon: autoDraw = False
2966.0811 	EXP 	polygon_2: autoDraw = True
2966.3836 	DATA 	Keypress: space
2966.3973 	EXP 	polygon: autoDraw = False
2966.3973 	EXP 	polygon_2: autoDraw = False
2967.0804 	EXP 	Sound sound_1 reached end of file
2967.0967 	EXP 	Sound sound_1 started
2967.3572 	EXP 	Sound sound_1 reached end of file
2967.3636 	EXP 	Sound sound_1 reached end of file
2967.3856 	EXP 	text: autoDraw = True
2967.3856 	EXP 	textbox: autoDraw = True
2968.2129 	DATA 	Keypress: 2
2968.3472 	DATA 	Keypress: 0
2968.4794 	DATA 	Keypress: 0
2969.4454 	DATA 	Mouse: Left button down, pos=(1037,224)
2969.4462 	EXP 	New trial (rep=10, index=32): <Trial 392 (32 in rep 10) data={'delay': 0.4, 'freq': 400, 'condition': 'unexp', 'thisN': 392, 'thisTrialN': 32, 'thisRepN': 10}>
2969.4615 	EXP 	text: autoDraw = False
2969.4615 	EXP 	textbox: autoDraw = False
2969.4615 	EXP 	polygon: autoDraw = True
2969.5124 	DATA 	Mouse:  Left button up, pos=(1037,224)
2970.4610 	INFO 	Keyboard events cleared
2970.4608 	EXP 	polygon: autoDraw = False
2970.4608 	EXP 	polygon_2: autoDraw = True
2970.7808 	DATA 	Keypress: space
2970.7935 	EXP 	polygon: autoDraw = False
2970.7935 	EXP 	polygon_2: autoDraw = False
2971.1604 	EXP 	Sound sound_1 reached end of file
2971.1767 	EXP 	Sound sound_1 started
2971.4246 	EXP 	Sound sound_1 reached end of file
2971.4282 	EXP 	Sound sound_1 reached end of file
2971.4510 	EXP 	text: autoDraw = True
2971.4510 	EXP 	textbox: autoDraw = True
2971.9264 	DATA 	Keypress: 2
2972.0928 	DATA 	Keypress: 0
2972.2263 	DATA 	Keypress: 0
2972.8092 	DATA 	Mouse: Left button down, pos=(1048,71)
2972.9159 	DATA 	Mouse:  Left button up, pos=(1048,71)
2973.8415 	DATA 	Mouse: Left button down, pos=(919,255)
2973.8424 	EXP 	New trial (rep=10, index=33): <Trial 393 (33 in rep 10) data={'delay': 0.1, 'freq': 1000, 'condition': 'exp', 'thisN': 393, 'thisTrialN': 33, 'thisRepN': 10}>
2973.8577 	EXP 	text: autoDraw = False
2973.8577 	EXP 	textbox: autoDraw = False
2973.8577 	EXP 	polygon: autoDraw = True
2973.9250 	DATA 	Mouse:  Left button up, pos=(919,255)
2974.8572 	INFO 	Keyboard events cleared
2974.8570 	EXP 	polygon_2: autoDraw = True
2974.8735 	EXP 	polygon: autoDraw = False
2975.1940 	DATA 	Keypress: space
2975.2062 	EXP 	polygon: autoDraw = False
2975.2062 	EXP 	polygon_2: autoDraw = False
2975.2735 	EXP 	Sound sound_1 reached end of file
2975.2898 	EXP 	Sound sound_1 started
2975.5874 	EXP 	Sound sound_1 stopped
2975.6027 	EXP 	text: autoDraw = True
2975.6027 	EXP 	textbox: autoDraw = True
2977.1319 	DATA 	Keypress: space
2978.2607 	DATA 	Keypress: 3
2978.5041 	DATA 	Keypress: 0
2978.6208 	DATA 	Keypress: 0
2979.8108 	DATA 	Mouse: Left button down, pos=(919,258)
2979.8204 	EXP 	New trial (rep=10, index=34): <Trial 394 (34 in rep 10) data={'delay': 0.4, 'freq': 1000, 'condition': 'exp', 'thisN': 394, 'thisTrialN': 34, 'thisRepN': 10}>
2979.8353 	EXP 	text: autoDraw = False
2979.8353 	EXP 	textbox: autoDraw = False
2979.8353 	EXP 	polygon: autoDraw = True
2979.8698 	DATA 	Mouse:  Left button up, pos=(919,258)
2980.8348 	INFO 	Keyboard events cleared
2980.8346 	EXP 	polygon: autoDraw = False
2980.8346 	EXP 	polygon_2: autoDraw = True
2981.1044 	DATA 	Keypress: space
2981.1175 	EXP 	polygon: autoDraw = False
2981.1175 	EXP 	polygon_2: autoDraw = False
2981.4847 	EXP 	Sound sound_1 reached end of file
2981.5010 	EXP 	Sound sound_1 started
2981.7715 	EXP 	Sound sound_1 reached end of file
2981.8079 	EXP 	text: autoDraw = True
2981.8079 	EXP 	textbox: autoDraw = True
2982.1680 	DATA 	Keypress: 2
2982.3075 	DATA 	Keypress: minus
2982.9004 	DATA 	Keypress: numlock
2983.6118 	DATA 	Keypress: backspace
2984.0164 	DATA 	Keypress: 0
2984.1424 	DATA 	Keypress: 0
2984.6727 	DATA 	Mouse: wheel shift=(0,1), pos=(919,258)
2984.8989 	DATA 	Mouse: Left button down, pos=(921,258)
2984.8997 	EXP 	New trial (rep=10, index=35): <Trial 395 (35 in rep 10) data={'delay': 0.7, 'freq': 1000, 'condition': 'exp', 'thisN': 395, 'thisTrialN': 35, 'thisRepN': 10}>
2984.9144 	EXP 	text: autoDraw = False
2984.9144 	EXP 	textbox: autoDraw = False
2984.9144 	EXP 	polygon: autoDraw = True
2984.9655 	DATA 	Mouse:  Left button up, pos=(923,258)
2985.9137 	INFO 	Keyboard events cleared
2985.9135 	EXP 	polygon: autoDraw = False
2985.9135 	EXP 	polygon_2: autoDraw = True
2986.4677 	DATA 	Keypress: space
2986.4796 	EXP 	polygon: autoDraw = False
2986.4796 	EXP 	polygon_2: autoDraw = False
2987.1631 	EXP 	Sound sound_1 reached end of file
2987.1794 	EXP 	Sound sound_1 started
2987.4269 	EXP 	Sound sound_1 reached end of file
2987.4308 	EXP 	Sound sound_1 reached end of file
2987.4522 	EXP 	text: autoDraw = True
2987.4522 	EXP 	textbox: autoDraw = True
2988.1418 	DATA 	Keypress: 3
2988.2542 	DATA 	Keypress: 0
2988.3788 	DATA 	Keypress: 0
2989.0187 	DATA 	Mouse: Left button down, pos=(916,201)
2989.0442 	EXP 	text: autoDraw = False
2989.0442 	EXP 	textbox: autoDraw = False
2989.0443 	EXP 	Intentional Binding Main File: status = STOPPED
2989.2830 	INFO 	saved data to 'C:\\Users\\DELL\\OneDrive\\Desktop\\PsychoPy\\7 Intentional Binding\\data/0001_Intentional Binding Main File_2025-11-13_08h52.50.286.csv'
2989.2967 	INFO 	saved data to C:\Users\DELL\OneDrive\Desktop\PsychoPy\7 Intentional Binding\data/0001_Intentional Binding Main File_2025-11-13_08h52.50.286.psydat
2989.2975 	DATA 	Mouse:  Left button up, pos=(916,201)
2989.6161 	WARNING 	Stopping key buffers but this could be dangerous ifother keyboards rely on the same.
2989.6592 	WARNING 	Stopping key buffers but this could be dangerous ifother keyboards rely on the same.
