delay,freq,condition,thisN,thisTrialN,thisRepN,key_resp.keys,key_resp.rt,key_resp.duration,textbox.text,button.numClicks,button.timesOn,button.timesOff,trials.thisRepN,trials.thisTrialN,trials.thisN,trials.thisIndex,thisRow.t,notes,trial.started,polygon.started,polygon_2.started,key_resp.started,polygon.stopped,trial.stopped,trials.key_resp.keys,trials.key_resp.rt,trials.key_resp.duration,beep.started,sound_1.started,sound_1.stopped,beep.stopped,response.started,text.started,textbox.started,button.started,response.stopped,trials.textbox.text,trials.button.numClicks,trials.button.timesOn,trials.button.timesOff,participant,session,date,expName,psychopyVersion,frameRate,expStart
0.7,1000,exp,0,0,0,space,1.5257339,None,350,1,[14.64843679999467],[14.6484467999544],0,0,0,29,0.0440537,,0.0391078,0.0440537,1.0125223,1.0125223,1.0458365,2.5542057,space,1.5257339,None,2.555104,3.260776767,3.5333758,3.5107181,3.5116154,3.5333758,3.5333758,3.5333758,18.18218,350,1,[14.64843679999467],[14.6484467999544],1,1,2025-11-13_08h52.50.286,Intentional Binding Main File,2024.2.4,60.03936184,2025-11-13 08h53.04.053301 +0530
0.1,1000,exp,1,1,0,space,0.9230678,None,200,1,[3.5587655999697745],[3.5587767999386415],0,1,1,24,18.1977825,,18.1824673,18.1977825,19.1970552,19.1970552,19.1970552,20.1301665,space,0.9230678,None,20.1329238,20.24606647,20.5349263,20.5127357,20.5135334,20.5349263,20.5349263,20.5349263,24.0940685,200,1,[3.5587655999697745],[3.5587767999386415],1,1,2025-11-13_08h52.50.286,Intentional Binding Main File,2024.2.4,60.03936184,2025-11-13 08h53.04.053301 +0530
0.1,1000,exp,2,2,0,space,1.2333533,None,100,1,[3.3065732000395656],[3.3065829999977723],0,2,2,18,24.109251,,24.0943535,24.109251,25.1080844,25.1080844,25.1248855,26.357461,space,1.2333533,None,26.3592629,26.45716847,26.7819487,26.7577018,26.7586883,26.7819487,26.7819487,26.7819487,30.0889009,100,1,[3.3065732000395656],[3.3065829999977723],1,1,2025-11-13_08h52.50.286,Intentional Binding Main File,2024.2.4,60.03936184,2025-11-13 08h53.04.053301 +0530
0.4,1000,exp,3,3,0,space,0.3311028,None,200,1,[1.778020799974911],[1.7780382999917492],0,3,3,10,30.1035934,,30.0892312,30.1035934,31.103226,31.103226,31.103226,31.4370453,space,0.3311028,None,31.4395479,31.85254467,32.1904122,32.1646634,32.1659658,32.1904122,32.1904122,32.1904122,33.9688267,200,1,[1.778020799974911],[1.7780382999917492],1,1,2025-11-13_08h52.50.286,Intentional Binding Main File,2024.2.4,60.03936184,2025-11-13 08h53.04.053301 +0530
0.7,1000,exp,4,4,0,space,0.8730048,None,300,1,[3.956031800014898],[3.9560414999723434],0,4,4,26,33.9835528,,33.9691471,33.9835528,34.98281,34.98281,34.98281,35.866258,space,0.8730048,None,35.8677552,36.58180817,36.8897623,36.8651734,36.8664306,36.8897623,36.8897623,36.8897623,40.8461924,300,1,[3.956031800014898],[3.9560414999723434],1,1,2025-11-13_08h52.50.286,Intentional Binding Main File,2024.2.4,60.03936184,2025-11-13 08h53.04.053301 +0530
0.4,1000,exp,5,5,0,space,0.9804936,None,300,1,[3.723908800049685],[3.723919300013222],0,5,5,13,40.8613096,,40.8465212,40.8613096,41.8602091,41.8602091,41.8602091,42.8435898,space,0.9804936,None,42.8470468,43.25919077,43.5325641,43.5092798,43.5100414,43.5325641,43.5325641,43.5325641,47.2568548,300,1,[3.723908800049685],[3.723919300013222],1,1,2025-11-13_08h52.50.286,Intentional Binding Main File,2024.2.4,60.03936184,2025-11-13 08h53.04.053301 +0530
0.4,1000,exp,6,6,0,space,0.7957468,None,200,1,[2.6475703000323847],[2.6475796999875456],0,6,6,28,47.2723963,,47.257183,47.2723963,48.2716254,48.2716254,48.2716254,49.0711699,space,0.7957468,None,49.0734866,49.47052597,49.7880113,49.7725236,49.7733093,49.7880113,49.7880113,49.7880113,52.4359456,200,1,[2.6475703000323847],[2.6475796999875456],1,1,2025-11-13_08h52.50.286,Intentional Binding Main File,2024.2.4,60.03936184,2025-11-13 08h53.04.053301 +0530
0.1,1000,exp,7,7,0,space,0.3741172,None,100,1,[1.904808699968271],[1.90481830004137],0,7,7,15,52.4512333,,52.4363408,52.4512333,53.4504489,53.4504489,53.4504489,53.8338234,space,0.3741172,None,53.8352773,53.93309967,54.2775448,54.2538993,54.2549144,54.2775448,54.2775448,54.2775448,56.1827376,100,1,[1.904808699968271],[1.90481830004137],1,1,2025-11-13_08h52.50.286,Intentional Binding Main File,2024.2.4,60.03936184,2025-11-13 08h53.04.053301 +0530
0.7,1000,exp,8,8,0,space,1.7765188,None,400,1,[7.163577900035307],[7.163588199997321],0,8,8,11,56.1978142,,56.1830038,56.1978142,57.197269,57.197269,57.2138419,58.979606,space,1.7765188,None,58.9822995,59.69464497,60.008835,59.9858754,59.9868253,60.008835,60.008835,60.008835,67.1727956,400,1,[7.163577900035307],[7.163588199997321],1,1,2025-11-13_08h52.50.286,Intentional Binding Main File,2024.2.4,60.03936184,2025-11-13 08h53.04.053301 +0530
0.1,1000,exp,9,9,0,space,0.5875413,None,100,1,[2.4424311000620946],[2.442441300023347],0,9,9,21,67.1884728,,67.1730746,67.1884728,68.1876329,68.1876329,68.1876329,68.7878092,space,0.5875413,None,68.7904754,68.88700697,69.2094339,69.1884793,69.1891963,69.2094339,69.2094339,69.2094339,71.6522353,100,1,[2.4424311000620946],[2.442441300023347],1,1,2025-11-13_08h52.50.286,Intentional Binding Main File,2024.2.4,60.03936184,2025-11-13 08h53.04.053301 +0530
0.7,400,unexp,10,10,0,space,0.5863474,None,300,1,[8.883877199958079],[8.883886600029655],0,10,10,8,71.667817,,71.6525173,71.667817,72.6670016,72.6670016,72.6670016,73.2671769,space,0.5863474,None,73.2696202,73.98238697,74.2913145,74.276625,74.2773869,74.2913145,74.2913145,74.2913145,83.1756206,300,1,[8.883877199958079],[8.883886600029655],1,1,2025-11-13_08h52.50.286,Intentional Binding Main File,2024.2.4,60.03936184,2025-11-13 08h53.04.053301 +0530
0.1,1000,exp,11,11,0,space,0.3043032,None,100,1,[3.104327499982901],[3.1043381999479607],0,11,11,33,83.1911577,,83.1759878,83.1911577,84.1902877,84.1902877,84.2066525,84.5073995,space,0.3043032,None,84.5099382,84.60663017,84.8831483,84.8569018,84.8576637,84.8831483,84.8831483,84.8831483,87.9878546,100,1,[3.104327499982901],[3.1043381999479607],1,1,2025-11-13_08h52.50.286,Intentional Binding Main File,2024.2.4,60.03936184,2025-11-13 08h53.04.053301 +0530
0.7,400,unexp,12,12,0,space,0.3849637,None,400,1,[3.976753899944015],[3.97676390002016],0,12,12,2,88.0032791,,87.9881474,88.0032791,89.002561,89.002561,89.002561,89.4032204,space,0.3849637,None,89.4059292,90.11811077,90.4223389,90.4085336,90.4091694,90.4223389,90.4223389,90.4223389,94.3994751,400,1,[3.976753899944015],[3.97676390002016],1,1,2025-11-13_08h52.50.286,Intentional Binding Main File,2024.2.4,60.03936184,2025-11-13 08h53.04.053301 +0530
0.4,400,unexp,13,13,0,space,0.7678165,None,100,1,[2.2693077999865636],[2.269318399950862],0,13,13,4,94.4146532,,94.3997872,94.4146532,95.413487,95.413487,95.413487,96.1973039,space,0.7678165,None,96.1997413,96.61257247,96.9253,96.9064859,96.9075126,96.9253,96.9253,96.9253,99.194981,100,1,[2.2693077999865636],[2.269318399950862],1,1,2025-11-13_08h52.50.286,Intentional Binding Main File,2024.2.4,60.03936184,2025-11-13 08h53.04.053301 +0530
0.7,1000,exp,14,14,0,space,0.4310548,None,200,1,[4.2742930999957025],[4.274303799960762],0,14,14,23,99.2105365,,99.1953048,99.2105365,100.20963,100.20963,100.20963,100.6434316,space,0.4310548,None,100.6466754,101.3583078,101.6976923,101.6775267,101.6782793,101.6976923,101.6976923,101.6976923,105.9723586,200,1,[4.2742930999957025],[4.274303799960762],1,1,2025-11-13_08h52.50.286,Intentional Binding Main File,2024.2.4,60.03936184,2025-11-13 08h53.04.053301 +0530
0.1,1000,exp,15,15,0,space,1.1198566,None,100,1,[2.094985199975781],[2.094995499937795],0,15,15,12,105.9879046,,105.9726399,105.9879046,106.98687,106.98687,106.98687,108.1202449,space,1.1198566,None,108.1227449,108.2194139,108.5229698,108.5074084,108.5081851,108.5229698,108.5229698,108.5229698,110.6183522,100,1,[2.094985199975781],[2.094995499937795],1,1,2025-11-13_08h52.50.286,Intentional Binding Main File,2024.2.4,60.03936184,2025-11-13 08h53.04.053301 +0530
0.4,1000,exp,16,16,0,space,0.6506982,None,150,1,[3.035139099927619],[3.0351492000045255],0,16,16,31,110.6338835,,110.6186815,110.6338835,111.6331009,111.6331009,111.6331009,112.2997988,space,0.6506982,None,112.3022817,112.7155101,113.0281023,113.0061637,113.0069146,113.0281023,113.0281023,113.0281023,116.0636489,150,1,[3.035139099927619],[3.0351492000045255],1,1,2025-11-13_08h52.50.286,Intentional Binding Main File,2024.2.4,60.03936184,2025-11-13 08h53.04.053301 +0530
0.7,1000,exp,17,17,0,space,0.7303358,None,350,1,[4.739188099978492],[4.739198500057682],0,17,17,14,116.0789841,,116.0639643,116.0789841,117.0784635,117.0784635,117.0784635,117.8116923,space,0.7303358,None,117.8141743,118.5267859,118.8511275,118.8291486,118.8300564,118.8511275,118.8511275,118.8511275,123.5906989,350,1,[4.739188099978492],[4.739198500057682],1,1,2025-11-13_08h52.50.286,Intentional Binding Main File,2024.2.4,60.03936184,2025-11-13 08h53.04.053301 +0530
0.4,1000,exp,18,18,0,space,0.6133566,None,200,1,[3.6610641001025215],[3.661074500065297],0,18,18,16,123.6059333,,123.5910243,123.6059333,124.6051841,124.6051841,124.6051841,125.2216092,space,0.6133566,None,125.2240953,125.6373924,125.9573962,125.9351296,125.9359257,125.9573962,125.9573962,125.9573962,129.6188227,200,1,[3.6610641001025215],[3.661074500065297],1,1,2025-11-13_08h52.50.286,Intentional Binding Main File,2024.2.4,60.03936184,2025-11-13 08h53.04.053301 +0530
0.4,1000,exp,19,19,0,space,0.6687696,None,100,1,[1.9637121999403462],[1.96372179989703],0,19,19,19,129.6340158,,129.6191105,129.6340158,130.6331394,130.6331394,130.6331394,131.3166411,space,0.6687696,None,131.3190738,131.7319586,132.017817,132.004073,132.0044875,132.017817,132.017817,132.017817,133.9819059,100,1,[1.9637121999403462],[1.96372179989703],1,1,2025-11-13_08h52.50.286,Intentional Binding Main File,2024.2.4,60.03936184,2025-11-13 08h53.04.053301 +0530
0.1,1000,exp,20,20,0,space,0.6907356,None,100,1,[4.679234799928963],[4.679245300008915],0,20,20,9,133.9968803,,133.9822212,133.9968803,134.9961575,134.9961575,134.9961575,135.6958412,space,0.6907356,None,135.698373,135.7952168,136.1124691,136.0874654,136.0884167,136.1124691,136.1124691,136.1124691,140.7920803,100,1,[4.679234799928963],[4.679245300008915],1,1,2025-11-13_08h52.50.286,Intentional Binding Main File,2024.2.4,60.03936184,2025-11-13 08h53.04.053301 +0530
0.1,1000,exp,21,21,0,space,1.4965907,None,100,1,[1.6938516000518575],[1.6938623000169173],0,21,21,30,140.8076628,,140.7924066,140.8076628,141.806856,141.806856,141.806856,143.3065276,space,1.4965907,None,143.309015,143.4216776,143.7770216,143.7505446,143.751719,143.7770216,143.7770216,143.7770216,145.471263,100,1,[1.6938516000518575],[1.6938623000169173],1,1,2025-11-13_08h52.50.286,Intentional Binding Main File,2024.2.4,60.03936184,2025-11-13 08h53.04.053301 +0530
0.7,1000,exp,22,22,0,space,0.9000415,None,300,1,[2.746490600053221],[2.746500500012189],0,22,22,17,145.4869156,,145.4715874,145.4869156,146.4857335,146.4857335,146.502795,147.4026892,space,0.9000415,None,147.4052098,148.1180205,148.4361355,148.4215805,148.4222912,148.4361355,148.4361355,148.4361355,151.1830126,300,1,[2.746490600053221],[2.746500500012189],1,1,2025-11-13_08h52.50.286,Intentional Binding Main File,2024.2.4,60.03936184,2025-11-13 08h53.04.053301 +0530
0.1,400,unexp,23,23,0,space,0.6969667,None,150,1,[3.0394327000249177],[3.0394428999861702],0,23,23,6,151.1982334,,151.1833282,151.1982334,152.1978418,152.1978418,152.1978418,152.8976736,space,0.6969667,None,152.9005688,153.0137988,153.3386936,153.3233746,153.3244447,153.3386936,153.3386936,153.3386936,156.3785049,150,1,[3.0394327000249177],[3.0394428999861702],1,1,2025-11-13_08h52.50.286,Intentional Binding Main File,2024.2.4,60.03936184,2025-11-13 08h53.04.053301 +0530
0.4,1000,exp,24,24,0,space,1.1725545,None,200,1,[2.216274100006558],[2.21628460008651],0,24,24,34,156.3940548,,156.3788428,156.3940548,157.3932407,157.3932407,157.3932407,158.575899,space,1.1725545,None,158.5783983,158.9752281,159.290725,159.2765843,159.2774279,159.290725,159.290725,159.290725,161.5073611,200,1,[2.216274100006558],[2.21628460008651],1,1,2025-11-13_08h52.50.286,Intentional Binding Main File,2024.2.4,60.03936184,2025-11-13 08h53.04.053301 +0530
0.1,400,unexp,25,25,0,space,0.9497732,None,100,1,[1.6977729999925941],[1.6977833999553695],0,25,25,3,161.5229739,,161.5076426,161.5229739,162.5221022,162.5221022,162.5221022,163.4877907,space,0.9497732,None,163.488874,163.5879096,163.872249,163.8543352,163.8551384,163.872249,163.872249,163.872249,165.5703797,100,1,[1.6977729999925941],[1.6977833999553695],1,1,2025-11-13_08h52.50.286,Intentional Binding Main File,2024.2.4,60.03936184,2025-11-13 08h53.04.053301 +0530
0.7,400,unexp,26,26,0,space,0.786462,None,400,1,[1.8990301000885665],[1.8990395000437275],0,26,26,5,165.5860106,,165.5706643,165.5860106,166.5853289,166.5853289,166.5853289,167.3844566,space,0.786462,None,167.3856379,168.0840457,168.3839862,168.3668232,168.3672565,168.3839862,168.3839862,168.3839862,170.2833673,400,1,[1.8990301000885665],[1.8990395000437275],1,1,2025-11-13_08h52.50.286,Intentional Binding Main File,2024.2.4,60.03936184,2025-11-13 08h53.04.053301 +0530
0.4,1000,exp,27,27,0,space,0.8245744,None,200,1,[3.0491851000115275],[3.0491946000838652],0,27,27,22,170.2986405,,170.2836444,170.2986405,171.29791,171.29791,171.29791,172.1311269,space,0.8245744,None,172.1336618,172.5466958,172.8622597,172.8479705,172.848716,172.8622597,172.8622597,172.8622597,175.9118001,200,1,[3.0491851000115275],[3.0491946000838652],1,1,2025-11-13_08h52.50.286,Intentional Binding Main File,2024.2.4,60.03936184,2025-11-13 08h53.04.053301 +0530
0.4,1000,exp,28,28,0,space,0.6222465,None,200,1,[2.900717300013639],[2.90072739997413],0,28,28,25,175.9270219,,175.9120672,175.9270219,176.9263543,176.9263543,176.9263543,177.5598235,space,0.6222465,None,177.5623494,177.9754005,178.2893893,178.2765534,178.2772935,178.2893893,178.2893893,178.2893893,181.1904864,200,1,[2.900717300013639],[2.90072739997413],1,1,2025-11-13_08h52.50.286,Intentional Binding Main File,2024.2.4,60.03936184,2025-11-13 08h53.04.053301 +0530
0.7,1000,exp,29,29,0,space,0.3005239,None,300,1,[2.208796999999322],[2.2088067999575287],0,29,29,35,181.2056961,,181.1908204,181.2056961,182.2050346,182.2050346,182.2050346,182.5221216,space,0.3005239,None,182.5246399,183.2374299,183.5437997,183.5205801,183.5213669,183.5437997,183.5437997,183.5437997,185.7530039,300,1,[2.208796999999322],[2.2088067999575287],1,1,2025-11-13_08h52.50.286,Intentional Binding Main File,2024.2.4,60.03936184,2025-11-13 08h53.04.053301 +0530
0.7,1000,exp,30,30,0,space,1.0913008,None,350,1,[2.8315220000222325],[2.8315318000968546],0,30,30,32,185.7682475,,185.7533191,185.7682475,186.7677689,186.7677689,186.7677689,187.8674192,space,1.0913008,None,187.8699107,188.5828092,188.8658509,188.849043,188.8494453,188.8658509,188.8658509,188.8658509,191.6977588,350,1,[2.8315220000222325],[2.8315318000968546],1,1,2025-11-13_08h52.50.286,Intentional Binding Main File,2024.2.4,60.03936184,2025-11-13 08h53.04.053301 +0530
0.4,400,unexp,31,31,0,space,1.2442191,None,300,1,[3.0969039999181405],[3.096913899993524],0,31,31,7,191.713349,,191.6980742,191.713349,192.7124785,192.7124785,192.7124785,193.9620287,space,1.2442191,None,193.9642845,194.3777214,194.6954403,194.6680235,194.6689933,194.6954403,194.6954403,194.6954403,197.7927542,300,1,[3.0969039999181405],[3.096913899993524],1,1,2025-11-13_08h52.50.286,Intentional Binding Main File,2024.2.4,60.03936184,2025-11-13 08h53.04.053301 +0530
0.4,400,unexp,32,32,0,space,0.7758784,None,150,1,[3.258034900063649],[3.2580679000820965],0,32,32,1,197.8079877,,197.7930708,197.8079877,198.8072917,198.8072917,198.8239048,199.5906199,space,0.7758784,None,199.5928249,200.0061677,200.3457577,200.3290954,200.3301494,200.3457577,200.3457577,200.3457577,203.6041784,150,1,[3.258034900063649],[3.2580679000820965],1,1,2025-11-13_08h52.50.286,Intentional Binding Main File,2024.2.4,60.03936184,2025-11-13 08h53.04.053301 +0530
0.7,1000,exp,33,33,0,space,1.105968,None,400,1,[2.1234346999553964],[2.1234465999295935],0,33,33,20,203.6195182,,203.6044449,203.6195182,204.618921,204.618921,204.618921,205.7352061,space,1.105968,None,205.7376863,206.4505132,206.7753253,206.7527848,206.7537679,206.7753253,206.7753253,206.7753253,208.8991884,400,1,[2.1234346999553964],[2.1234465999295935],1,1,2025-11-13_08h52.50.286,Intentional Binding Main File,2024.2.4,60.03936184,2025-11-13 08h53.04.053301 +0530
0.1,400,unexp,34,34,0,space,0.6332261,None,100,1,[1.9233444000128657],[1.9233544999733567],0,34,34,0,208.9145285,,208.8994821,208.9145285,209.9139112,209.9139112,209.9139112,210.5479827,space,0.6332261,None,210.5495851,210.6637342,210.9555005,210.9332679,210.9340225,210.9555005,210.9555005,210.9555005,212.8791916,100,1,[1.9233444000128657],[1.9233544999733567],1,1,2025-11-13_08h52.50.286,Intentional Binding Main File,2024.2.4,60.03936184,2025-11-13 08h53.04.053301 +0530
0.1,1000,exp,35,35,0,space,1.8559502,None,100,1,[3.2794618000043556],[3.279473099973984],0,35,35,27,212.8944832,,212.8794677,212.8944832,213.8938581,213.8938581,213.8938581,215.7598677,space,1.8559502,None,215.7625568,215.8755124,216.1939788,216.1678932,216.168935,216.1939788,216.1939788,216.1939788,219.4738138,100,1,[3.2794618000043556],[3.279473099973984],1,1,2025-11-13_08h52.50.286,Intentional Binding Main File,2024.2.4,60.03936184,2025-11-13 08h53.04.053301 +0530
0.4,1000,exp,36,0,1,space,1.780193,None,100,1,[2.5006715999916196],[2.5006822999566793],1,0,36,25,219.4886903,,219.4740818,219.4886903,220.4879297,220.4879297,220.4879297,222.270841,space,1.780193,None,222.2734122,222.6863938,223.0022649,222.979777,222.9807184,223.0022649,223.0022649,223.0022649,225.5033378,100,1,[2.5006715999916196],[2.5006822999566793],1,1,2025-11-13_08h52.50.286,Intentional Binding Main File,2024.2.4,60.03936184,2025-11-13 08h53.04.053301 +0530
0.7,1000,exp,37,1,1,space,0.638002,None,200,1,[1.786411500070244],[1.7864217000314966],1,1,37,17,225.5171784,,225.5036093,225.5171784,226.5164598,226.5164598,226.5164598,227.1668135,space,0.638002,None,227.1694087,227.8817065,228.1947131,228.171813,228.1729275,228.1947131,228.1947131,228.1947131,229.9814903,200,1,[1.786411500070244],[1.7864217000314966],1,1,2025-11-13_08h52.50.286,Intentional Binding Main File,2024.2.4,60.03936184,2025-11-13 08h53.04.053301 +0530
0.4,1000,exp,38,2,1,space,0.4701915,None,100,1,[1.748074600007385],[1.748084699967876],1,2,38,16,229.9966001,,229.9817747,229.9966001,230.9958675,230.9958675,231.0125046,231.4795476,space,0.4701915,None,231.4822966,231.8950075,232.21251,232.1899687,232.1907535,232.21251,232.21251,232.21251,233.9609726,100,1,[1.748074600007385],[1.748084699967876],1,1,2025-11-13_08h52.50.286,Intentional Binding Main File,2024.2.4,60.03936184,2025-11-13 08h53.04.053301 +0530
0.7,1000,exp,39,3,1,space,0.74163,None,300,1,[2.8364785000449046],[2.8364890000084415],1,3,39,14,233.9765967,,233.9612945,233.9765967,234.9758115,234.9758115,234.9758115,235.7257506,space,0.74163,None,235.7283554,236.4410657,236.7696279,236.7520811,236.7531538,236.7696279,236.7696279,236.7696279,239.606511,300,1,[2.8364785000449046],[2.8364890000084415],1,1,2025-11-13_08h52.50.286,Intentional Binding Main File,2024.2.4,60.03936184,2025-11-13 08h53.04.053301 +0530
0.1,1000,exp,40,4,1,space,0.8821954,None,100,1,[6.833875700016506],[6.833889500005171],1,4,40,12,239.6217177,,239.6068257,239.6217177,240.6206513,240.6206513,240.6206513,241.5038673,space,0.8821954,None,241.5065516,241.6032565,241.8806788,241.854457,241.8552491,241.8806788,241.8806788,241.8806788,248.7149736,100,1,[6.833875700016506],[6.833889500005171],1,1,2025-11-13_08h52.50.286,Intentional Binding Main File,2024.2.4,60.03936184,2025-11-13 08h53.04.053301 +0530
0.4,400,unexp,41,5,1,space,0.7193465,None,200,1,[2.953857099986635],[2.9538670999463648],1,5,41,7,248.7301789,,248.7153062,248.7301789,249.7295351,249.7295351,249.7295351,250.4629598,space,0.7193465,None,250.4654893,250.8785549,251.1889906,251.1739944,251.1749808,251.1889906,251.1889906,251.1889906,254.1432303,200,1,[2.953857099986635],[2.9538670999463648],1,1,2025-11-13_08h52.50.286,Intentional Binding Main File,2024.2.4,60.03936184,2025-11-13 08h53.04.053301 +0530
0.7,1000,exp,42,6,1,space,1.664115,None,300,1,[1.9103461999911815],[1.9103571999585256],1,6,42,11,254.1585195,,254.1435572,254.1585195,255.1577438,255.1577438,255.1577438,256.8243693,space,1.664115,None,256.8271902,257.5393446,257.8443753,257.8277111,257.8284092,257.8443753,257.8443753,257.8443753,259.7551154,300,1,[1.9103461999911815],[1.9103571999585256],1,1,2025-11-13_08h52.50.286,Intentional Binding Main File,2024.2.4,60.03936184,2025-11-13 08h53.04.053301 +0530
0.1,400,unexp,43,7,1,space,1.4304553,None,100,1,[1.865913400077261],[1.8659236000385135],1,7,43,6,259.770259,,259.7553912,259.770259,260.7696557,260.7696557,260.7696557,262.2024331,space,1.4304553,None,262.2050115,262.3015883,262.6178668,262.6019208,262.6029689,262.6178668,262.6178668,262.6178668,264.4841302,100,1,[1.865913400077261],[1.8659236000385135],1,1,2025-11-13_08h52.50.286,Intentional Binding Main File,2024.2.4,60.03936184,2025-11-13 08h53.04.053301 +0530
0.7,1000,exp,44,8,1,space,1.6442082,None,300,1,[1.5129077000310645],[1.512917899992317],1,8,44,32,264.4999902,,264.484415,264.4999902,265.499206,265.499206,265.499206,267.1484106,space,1.6442082,None,267.1511239,267.8638798,268.1999427,268.1741398,268.1751495,268.1999427,268.1999427,268.1999427,269.7132205,300,1,[1.5129077000310645],[1.512917899992317],1,1,2025-11-13_08h52.50.286,Intentional Binding Main File,2024.2.4,60.03936184,2025-11-13 08h53.04.053301 +0530
0.1,400,unexp,45,9,1,space,1.6572926,None,100,1,[1.6650204999605194],[1.6650307999225333],1,9,45,0,269.7287185,,269.7135351,269.7287185,270.7279658,270.7279658,270.7279658,272.3934706,space,1.6572926,None,272.396059,272.4931975,272.7936931,272.7792802,272.7796927,272.7936931,272.7936931,272.7936931,274.459095,100,1,[1.6650204999605194],[1.6650307999225333],1,1,2025-11-13_08h52.50.286,Intentional Binding Main File,2024.2.4,60.03936184,2025-11-13 08h53.04.053301 +0530
0.7,1000,exp,46,10,1,space,1.6275722,None,350,1,[2.9989730999805033],[2.9989829000551254],1,10,46,29,274.4746432,,274.4594525,274.4746432,275.4738143,275.4738143,275.4738143,277.1063726,space,1.6275722,None,277.108146,277.8216473,278.1373007,278.1156833,278.1165079,278.1373007,278.1373007,278.1373007,281.1366595,350,1,[2.9989730999805033],[2.9989829000551254],1,1,2025-11-13_08h52.50.286,Intentional Binding Main File,2024.2.4,60.03936184,2025-11-13 08h53.04.053301 +0530
0.1,400,unexp,47,11,1,space,0.5859522,None,100,1,[2.0033543000463396],[2.0033646000083536],1,11,47,3,281.1517436,,281.1369729,281.1517436,282.1510237,282.1510237,282.1510237,282.7514759,space,0.5859522,None,282.7542229,282.8507349,283.196302,283.1778867,283.1789265,283.196302,283.196302,283.196302,285.2000309,100,1,[2.0033543000463396],[2.0033646000083536],1,1,2025-11-13_08h52.50.286,Intentional Binding Main File,2024.2.4,60.03936184,2025-11-13 08h53.04.053301 +0530
0.4,1000,exp,48,12,1,space,0.5993724,None,200,1,[1.6807532000821084],[1.6807633000425994],1,12,48,22,285.2152375,,285.2003434,285.2152375,286.214387,286.214387,286.2311613,286.814751,space,0.5993724,None,286.8174847,287.230177,287.5317187,287.5170912,287.5174915,287.5317187,287.5317187,287.5317187,289.2128529,200,1,[1.6807532000821084],[1.6807633000425994],1,1,2025-11-13_08h52.50.286,Intentional Binding Main File,2024.2.4,60.03936184,2025-11-13 08h53.04.053301 +0530
0.4,1000,exp,49,13,1,space,0.3581892,None,100,1,[1.8947118000360206],[1.894722199998796],1,13,49,19,289.2284549,,289.2131669,289.2284549,290.2276515,290.2276515,290.2276515,290.5946217,space,0.3581892,None,290.5975316,291.0098821,291.3642406,291.3380567,291.3391057,291.3642406,291.3642406,291.3642406,293.2593261,100,1,[1.8947118000360206],[1.894722199998796],1,1,2025-11-13_08h52.50.286,Intentional Binding Main File,2024.2.4,60.03936184,2025-11-13 08h53.04.053301 +0530
0.7,1000,exp,50,14,1,space,1.2750995,None,300,1,[2.3715649000369012],[2.3715784000232816],1,14,50,35,293.274895,,293.2596004,293.274895,294.2742027,294.2742027,294.2742027,295.5566616,space,1.2750995,None,295.5591241,296.2558563,296.5329036,296.5098526,296.510599,296.5329036,296.5329036,296.5329036,298.9049368,300,1,[2.3715649000369012],[2.3715784000232816],1,1,2025-11-13_08h52.50.286,Intentional Binding Main File,2024.2.4,60.03936184,2025-11-13 08h53.04.053301 +0530
0.1,1000,exp,51,15,1,space,0.4767487,None,100,1,[1.8738734999205917],[1.8738829999929294],1,15,51,21,298.9197657,,298.9052523,298.9197657,299.9187598,299.9187598,299.9187598,300.4031316,space,0.4767487,None,300.4058487,300.5183927,300.8438486,300.8289038,300.8295598,300.8438486,300.8438486,300.8438486,302.7180778,100,1,[1.8738734999205917],[1.8738829999929294],1,1,2025-11-13_08h52.50.286,Intentional Binding Main File,2024.2.4,60.03936184,2025-11-13 08h53.04.053301 +0530
0.7,1000,exp,52,16,1,space,0.3415157,None,250,1,[4.8652259999653324],[4.865236300043762],1,16,52,26,302.7333745,,302.7183436,302.7333745,303.7322312,303.7322312,303.7322312,304.0827709,space,0.3415157,None,304.085377,304.7981237,305.1125205,305.0966773,305.0979412,305.1125205,305.1125205,305.1125205,309.9781925,"250
",1,[4.8652259999653324],[4.865236300043762],1,1,2025-11-13_08h52.50.286,Intentional Binding Main File,2024.2.4,60.03936184,2025-11-13 08h53.04.053301 +0530
0.1,1000,exp,53,17,1,space,1.065709,None,100,1,[2.2272642999887466],[2.2272736999439076],1,17,53,30,309.9934243,,309.9785341,309.9934243,310.9929962,310.9929962,310.9929962,312.0596519,space,1.065709,None,312.0626199,312.1751908,312.4464166,312.4318291,312.4322276,312.4464166,312.4464166,312.4464166,314.6740369,100,1,[2.2272642999887466],[2.2272736999439076],1,1,2025-11-13_08h52.50.286,Intentional Binding Main File,2024.2.4,60.03936184,2025-11-13 08h53.04.053301 +0530
0.4,400,unexp,54,18,1,space,0.8967484,None,300,1,[2.1034246999770403],[2.1034352999413386],1,18,54,1,314.6892964,,314.674298,314.6892964,315.6888044,315.6888044,315.6888044,316.5888128,space,0.8967484,None,316.5915374,317.0038577,317.3493764,317.3322669,317.3334753,317.3493764,317.3493764,317.3493764,319.4532059,300,1,[2.1034246999770403],[2.1034352999413386],1,1,2025-11-13_08h52.50.286,Intentional Binding Main File,2024.2.4,60.03936184,2025-11-13 08h53.04.053301 +0530
0.4,400,unexp,55,19,1,space,0.7599812,None,150,1,[2.8321107999654487],[2.8321205000393093],1,19,55,4,319.4687631,,319.4535294,319.4687631,320.4680372,320.4680372,320.4680372,321.2348685,space,0.7599812,None,321.2377385,321.6502599,321.9663815,321.9396097,321.9403861,321.9663815,321.9663815,321.9663815,324.7988882,150,1,[2.8321107999654487],[2.8321205000393093],1,1,2025-11-13_08h52.50.286,Intentional Binding Main File,2024.2.4,60.03936184,2025-11-13 08h53.04.053301 +0530
0.7,400,unexp,56,20,1,space,1.1843577,None,300,1,[2.3071728000650182],[2.307183100027032],1,20,56,2,324.8140934,,324.7991996,324.8140934,325.8130546,325.8130546,325.8130546,327.0132351,space,1.1843577,None,327.0148195,327.7281444,328.0357602,328.0116683,328.0124977,328.0357602,328.0357602,328.0357602,330.3433134,300,1,[2.3071728000650182],[2.307183100027032],1,1,2025-11-13_08h52.50.286,Intentional Binding Main File,2024.2.4,60.03936184,2025-11-13 08h53.04.053301 +0530
0.4,1000,exp,57,21,1,space,0.7046395,None,100,1,[4.063677199999802],[4.063686499954201],1,21,57,31,330.3593504,,330.3436436,330.3593504,331.3585754,331.3585754,331.3585754,332.0750797,space,0.7046395,None,332.0776039,332.4908322,332.7909443,332.7739025,332.7743442,332.7909443,332.7909443,332.7909443,336.8549755,100,1,[4.063677199999802],[4.063686499954201],1,1,2025-11-13_08h52.50.286,Intentional Binding Main File,2024.2.4,60.03936184,2025-11-13 08h53.04.053301 +0530
0.4,1000,exp,58,22,1,space,0.9741942,None,150,1,[4.071944499970414],[4.0719542999286205],1,22,58,10,336.8703728,,336.8552395,336.8703728,337.8691553,337.8691553,337.8691553,338.8526855,space,0.9741942,None,338.8551565,339.2682047,339.543529,339.5184778,339.5192621,339.543529,339.543529,339.543529,343.6158518,150,1,[4.071944499970414],[4.0719542999286205],1,1,2025-11-13_08h52.50.286,Intentional Binding Main File,2024.2.4,60.03936184,2025-11-13 08h53.04.053301 +0530
0.4,1000,exp,59,23,1,space,1.2641707,None,200,1,[2.6625068000284955],[2.662516599986702],1,23,59,13,343.6310665,,343.6161163,343.6310665,344.6303456,344.6303456,344.6303456,345.8966065,space,1.2641707,None,345.8993278,346.3120637,346.6146847,346.6003796,346.6015642,346.6146847,346.6146847,346.6146847,349.2775439,200,1,[2.6625068000284955],[2.662516599986702],1,1,2025-11-13_08h52.50.286,Intentional Binding Main File,2024.2.4,60.03936184,2025-11-13 08h53.04.053301 +0530
0.1,1000,exp,60,24,1,space,2.5824427,None,100,1,[3.3142014000331983],[3.3142112999921665],1,24,60,24,349.2927994,,349.2778061,349.2927994,350.291657,350.291657,350.291657,352.8903598,space,2.5824427,None,352.8930543,352.9896591,353.2895293,353.2728457,353.2733563,353.2895293,353.2895293,353.2895293,356.6041871,100,1,[3.3142014000331983],[3.3142112999921665],1,1,2025-11-13_08h52.50.286,Intentional Binding Main File,2024.2.4,60.03936184,2025-11-13 08h53.04.053301 +0530
0.4,1000,exp,61,25,1,space,0.4289506,None,100,1,[2.144418800016865],[2.144429700099863],1,25,61,28,356.6197259,,356.6044991,356.6197259,357.6189851,357.6189851,357.6189851,358.052418,space,0.4289506,None,358.0548935,358.4515703,358.7719306,358.7522404,358.7529396,358.7719306,358.7719306,358.7719306,360.916728,100,1,[2.144418800016865],[2.144429700099863],1,1,2025-11-13_08h52.50.286,Intentional Binding Main File,2024.2.4,60.03936184,2025-11-13 08h53.04.053301 +0530
0.1,1000,exp,62,26,1,space,0.5152205,None,100,1,[2.83697950001806],[2.8369902000995353],1,26,62,33,360.9325638,,360.9170084,360.9325638,361.9319158,361.9319158,361.9319158,362.4487949,space,0.5152205,None,362.4512999,362.5640544,362.8752961,362.8532753,362.8540885,362.8752961,362.8752961,362.8752961,365.7126394,100,1,[2.83697950001806],[2.8369902000995353],1,1,2025-11-13_08h52.50.286,Intentional Binding Main File,2024.2.4,60.03936184,2025-11-13 08h53.04.053301 +0530
0.7,400,unexp,63,27,1,space,2.1064811,None,400,1,[1.7067986000329256],[1.7068077999865636],1,27,63,8,365.7281072,,365.7129199,365.7281072,366.727689,366.727689,366.727689,368.8428107,space,2.1064811,None,368.8453116,369.5419377,369.8505711,369.8269362,369.8279848,369.8505711,369.8505711,369.8505711,371.5577817,400,1,[1.7067986000329256],[1.7068077999865636],1,1,2025-11-13_08h52.50.286,Intentional Binding Main File,2024.2.4,60.03936184,2025-11-13 08h53.04.053301 +0530
0.7,1000,exp,64,28,1,space,0.8789623,None,250,1,[3.65428969997447],[3.654299500049092],1,28,64,20,371.5733495,,371.558092,371.5733495,372.5724772,372.5724772,372.588868,373.4556437,space,0.8789623,None,373.458389,374.1711911,374.4644376,374.4381118,374.4388801,374.4644376,374.4644376,374.4644376,378.1191391,250,1,[3.65428969997447],[3.654299500049092],1,1,2025-11-13_08h52.50.286,Intentional Binding Main File,2024.2.4,60.03936184,2025-11-13 08h53.04.053301 +0530
0.4,1000,exp,65,29,1,space,0.5919233,None,200,1,[2.6816078000701964],[2.681617600028403],1,29,65,34,378.1343812,,378.1194575,378.1343812,379.1336146,379.1336146,379.1336146,379.7339894,space,0.5919233,None,379.7367107,380.1493873,380.4494028,380.4326541,380.4330558,380.4494028,380.4494028,380.4494028,383.1314241,200,1,[2.6816078000701964],[2.681617600028403],1,1,2025-11-13_08h52.50.286,Intentional Binding Main File,2024.2.4,60.03936184,2025-11-13 08h53.04.053301 +0530
0.1,1000,exp,66,30,1,space,0.2774885,None,100,1,[2.6379245999269187],[2.6379388000350446],1,30,66,27,383.1466494,,383.1317355,383.1466494,384.1458663,384.1458663,384.1458663,384.4290336,space,0.2774885,None,384.4302355,384.5288459,384.8555938,384.8300225,384.8311461,384.8555938,384.8555938,384.8555938,387.4940008,100,1,[2.6379245999269187],[2.6379388000350446],1,1,2025-11-13_08h52.50.286,Intentional Binding Main File,2024.2.4,60.03936184,2025-11-13 08h53.04.053301 +0530
0.7,400,unexp,67,31,1,space,1.5881137,None,350,1,[4.073157400009222],[4.073168299975805],1,31,67,5,387.5090576,,387.4944352,387.5090576,388.5087285,388.5087285,388.5087285,390.1080799,space,1.5881137,None,390.1107891,390.8233582,391.1303774,391.1103666,391.1111355,391.1303774,391.1303774,391.1303774,395.2039149,350,1,[4.073157400009222],[4.073168299975805],1,1,2025-11-13_08h52.50.286,Intentional Binding Main File,2024.2.4,60.03936184,2025-11-13 08h53.04.053301 +0530
0.1,1000,exp,68,32,1,space,0.3319881,None,50,1,[2.3634448000229895],[2.363455199985765],1,32,68,9,395.2194795,,395.2042469,395.2194795,396.2186958,396.2186958,396.2186958,396.552063,space,0.3319881,None,396.5532776,396.6514188,396.9527867,396.9383044,396.9387025,396.9527867,396.9527867,396.9527867,399.3166024,50,1,[2.3634448000229895],[2.363455199985765],1,1,2025-11-13_08h52.50.286,Intentional Binding Main File,2024.2.4,60.03936184,2025-11-13 08h53.04.053301 +0530
0.1,1000,exp,69,33,1,space,0.7985426,None,50,1,[4.668564099934883],[4.6685741998953745],1,33,69,18,399.3322251,,399.3169327,399.3322251,400.3314146,400.3314146,400.3314146,401.1308776,space,0.7985426,None,401.1320766,401.2308556,401.5419712,401.5144865,401.515404,401.5419712,401.5419712,401.5419712,406.2109249,50,1,[4.668564099934883],[4.6685741998953745],1,1,2025-11-13_08h52.50.286,Intentional Binding Main File,2024.2.4,60.03936184,2025-11-13 08h53.04.053301 +0530
0.7,1000,exp,70,34,1,space,0.3681189,None,250,1,[3.2507603000849485],[3.2507699000416324],1,34,70,23,406.2265037,,406.2112448,406.2265037,407.2258463,407.2258463,407.2258463,407.609391,space,0.3681189,None,407.6118773,408.3245602,408.6380388,408.6227067,408.6234851,408.6380388,408.6380388,408.6380388,411.8893515,250,1,[3.2507603000849485],[3.2507699000416324],1,1,2025-11-13_08h52.50.286,Intentional Binding Main File,2024.2.4,60.03936184,2025-11-13 08h53.04.053301 +0530
0.1,1000,exp,71,35,1,space,1.5211294,None,100,1,[1.5699861000757664],[1.5699959000339732],1,35,71,15,411.9049803,,411.8896621,411.9049803,412.9038042,412.9038042,412.9038042,414.43692,space,1.5211294,None,414.4394028,414.5526067,414.865455,414.8496538,414.8505325,414.865455,414.865455,414.865455,416.4358039,100,1,[1.5699861000757664],[1.5699959000339732],1,1,2025-11-13_08h52.50.286,Intentional Binding Main File,2024.2.4,60.03936184,2025-11-13 08h53.04.053301 +0530
0.7,1000,exp,72,0,2,space,0.9144196,None,100,1,[4.724014800041914],[4.724024499999359],2,0,72,26,416.4508575,,416.4360684,416.4508575,417.4502903,417.4502903,417.4502903,418.3668127,space,0.9144196,None,418.3695516,419.0820908,419.3879667,419.3654402,419.3662833,419.3879667,419.3879667,419.3879667,424.1123406,100,1,[4.724014800041914],[4.724024499999359],1,1,2025-11-13_08h52.50.286,Intentional Binding Main File,2024.2.4,60.03936184,2025-11-13 08h53.04.053301 +0530
0.4,1000,exp,73,1,2,space,0.8510882,None,100,1,[2.4422895000316203],[2.442308899946511],2,1,73,16,424.1276634,,424.1126023,424.1276634,425.1268859,425.1268859,425.1268859,425.9932943,space,0.8510882,None,425.9966653,426.4090143,426.7155375,426.6936554,426.6944029,426.7155375,426.7155375,426.7155375,429.1584951,100,1,[2.4422895000316203],[2.442308899946511],1,1,2025-11-13_08h52.50.286,Intentional Binding Main File,2024.2.4,60.03936184,2025-11-13 08h53.04.053301 +0530
0.7,1000,exp,74,2,2,space,0.2645705,None,100,1,[2.4813014999963343],[2.4813117999583483],2,2,74,20,429.1732773,,429.1590662,429.1732773,430.1721057,430.1721057,430.1721057,430.4391832,space,0.2645705,None,430.4416736,431.1548925,431.4549994,431.4381434,431.4385458,431.4549994,431.4549994,431.4549994,433.9367382,100,1,[2.4813014999963343],[2.4813117999583483],1,1,2025-11-13_08h52.50.286,Intentional Binding Main File,2024.2.4,60.03936184,2025-11-13 08h53.04.053301 +0530
0.1,1000,exp,75,3,2,space,0.2440765,None,50,1,[3.3187791999662295],[3.3187977999914438],2,3,75,30,433.952416,,433.9371622,433.952416,434.9512584,434.9512584,434.9512584,435.2018974,space,0.2440765,None,435.2044035,435.3012854,435.614027,435.5888888,435.5899252,435.614027,435.614027,435.614027,438.9334581,50,1,[3.3187791999662295],[3.3187977999914438],1,1,2025-11-13_08h52.50.286,Intentional Binding Main File,2024.2.4,60.03936184,2025-11-13 08h53.04.053301 +0530
0.7,400,unexp,76,4,2,space,1.4249381,None,300,1,[2.2784069000044838],[2.2784175999695435],2,4,76,2,438.9481681,,438.9340392,438.9481681,439.9472873,439.9472873,439.9472873,441.379769,space,1.4249381,None,441.3827292,442.0953516,442.3816056,442.362265,442.3630235,442.3816056,442.3816056,442.3816056,444.6603696,300,1,[2.2784069000044838],[2.2784175999695435],1,1,2025-11-13_08h52.50.286,Intentional Binding Main File,2024.2.4,60.03936184,2025-11-13 08h53.04.053301 +0530
0.4,1000,exp,77,5,2,space,0.6260882,None,100,1,[2.649984100018628],[2.6499983000103384],2,5,77,19,444.6761055,,444.6606497,444.6761055,445.6752607,445.6752607,445.6752607,446.3092614,space,0.6260882,None,446.3119977,446.7246874,447.0246924,447.0077605,447.0081813,447.0246924,447.0246924,447.0246924,449.6751374,100,1,[2.649984100018628],[2.6499983000103384],1,1,2025-11-13_08h52.50.286,Intentional Binding Main File,2024.2.4,60.03936184,2025-11-13 08h53.04.053301 +0530
0.7,1000,exp,78,6,2,space,0.5643374,None,100,1,[7.283369699958712],[7.2833796999184415],2,6,78,32,449.6882232,,449.6754782,449.6882232,450.6875439,450.6875439,450.6875439,451.2550925,space,0.5643374,None,451.2576542,451.9700942,452.2807816,452.2669262,452.2674031,452.2807816,452.2807816,452.2807816,459.5645579,100,1,[7.283369699958712],[7.2833796999184415],1,1,2025-11-13_08h52.50.286,Intentional Binding Main File,2024.2.4,60.03936184,2025-11-13 08h53.04.053301 +0530
0.1,1000,exp,79,7,2,space,0.7504555,None,"100
",1,[5.717036500107497],[5.717045700061135],2,7,79,12,459.5797137,,459.5648684,459.5797137,460.5793853,460.5793853,460.5793853,461.3459602,space,0.7504555,None,461.3483891,461.4451697,461.7735552,461.7501579,461.7512249,461.7735552,461.7735552,461.7735552,467.4909512,"100
",1,[5.717036500107497],[5.717045700061135],1,1,2025-11-13_08h52.50.286,Intentional Binding Main File,2024.2.4,60.03936184,2025-11-13 08h53.04.053301 +0530
0.1,1000,exp,80,8,2,space,0.2288119,None,100,1,[1.8620081000262871],[1.8620179999852553],2,8,80,18,467.5064883,,467.4912219,467.5064883,468.505728,468.505728,468.505728,468.7394659,space,0.2288119,None,468.7420834,468.8385983,469.1425175,469.1220525,469.1227697,469.1425175,469.1425175,469.1425175,471.0049058,100,1,[1.8620081000262871],[1.8620179999852553],1,1,2025-11-13_08h52.50.286,Intentional Binding Main File,2024.2.4,60.03936184,2025-11-13 08h53.04.053301 +0530
0.4,400,unexp,81,9,2,space,0.7245308,None,200,1,[2.528065499966033],[2.528075600042939],2,9,81,4,471.0201114,,471.0052182,471.0201114,472.0193537,472.0193537,472.0193537,472.7522464,space,0.7245308,None,472.7544619,473.1517188,473.4554527,473.4349342,473.4357663,473.4554527,473.4554527,473.4554527,475.9838822,200,1,[2.528065499966033],[2.528075600042939],1,1,2025-11-13_08h52.50.286,Intentional Binding Main File,2024.2.4,60.03936184,2025-11-13 08h53.04.053301 +0530
0.1,1000,exp,82,10,2,space,0.4391952,None,100,1,[3.240052300039679],[3.2400616999948397],2,10,82,24,475.9986655,,475.9841966,475.9986655,476.99844,476.99844,476.99844,477.4486857,space,0.4391952,None,477.4511833,477.5644539,477.87196,477.8569936,477.8578131,477.87196,477.87196,477.87196,481.1123842,100,1,[3.240052300039679],[3.2400616999948397],1,1,2025-11-13_08h52.50.286,Intentional Binding Main File,2024.2.4,60.03936184,2025-11-13 08h53.04.053301 +0530
0.1,1000,exp,83,11,2,space,1.5366828,None,100,1,[2.417475799913518],[2.4174856999889016],2,11,83,15,481.1276891,,481.1126566,481.1276891,482.1272239,482.1272239,482.1272239,483.6766423,space,1.5366828,None,483.6793015,483.792215,484.1065873,484.0908734,484.0919846,484.1065873,484.1065873,484.1065873,486.524419,100,1,[2.417475799913518],[2.4174856999889016],1,1,2025-11-13_08h52.50.286,Intentional Binding Main File,2024.2.4,60.03936184,2025-11-13 08h53.04.053301 +0530
0.7,1000,exp,84,12,2,space,0.8883321,None,150,1,[3.29610939999111],[3.2961187000619248],2,12,84,17,486.5395049,,486.5246924,486.5395049,487.5388318,487.5388318,487.5388318,488.4390806,space,0.8883321,None,488.4426752,489.15424,489.4558435,489.438831,489.4396091,489.4558435,489.4558435,489.4558435,492.7523162,150,1,[3.29610939999111],[3.2961187000619248],1,1,2025-11-13_08h52.50.286,Intentional Binding Main File,2024.2.4,60.03936184,2025-11-13 08h53.04.053301 +0530
0.4,1000,exp,85,13,2,space,1.0187429,None,200,1,[2.3770314999856055],[2.3770418000640348],2,13,85,25,492.7679298,,492.7525786,492.7679298,493.7670363,493.7670363,493.7670363,494.8002254,space,1.0187429,None,494.8027136,495.2158204,495.520424,495.5054988,495.50589,495.520424,495.520424,495.520424,497.897829,200,1,[2.3770314999856055],[2.3770418000640348],1,1,2025-11-13_08h52.50.286,Intentional Binding Main File,2024.2.4,60.03936184,2025-11-13 08h53.04.053301 +0530
0.7,1000,exp,86,14,2,space,1.7156659,None,200,1,[2.532954900059849],[2.532973900088109],2,14,86,14,497.9131652,,497.8981521,497.9131652,498.9124014,498.9124014,498.9124014,500.6447546,space,1.7156659,None,500.6470511,501.3604288,501.6922377,501.6750304,501.6761998,501.6922377,501.6922377,501.6922377,504.2257728,200,1,[2.532954900059849],[2.532973900088109],1,1,2025-11-13_08h52.50.286,Intentional Binding Main File,2024.2.4,60.03936184,2025-11-13 08h53.04.053301 +0530
0.4,1000,exp,87,15,2,space,0.8861258,None,100,1,[2.5362375000258908],[2.5362474001012743],2,15,87,13,504.2408557,,504.226148,504.2408557,505.2404943,505.2404943,505.2404943,506.1404858,space,0.8861258,None,506.1436712,506.5556248,506.8677801,506.8523691,506.8532615,506.8677801,506.8677801,506.8677801,509.4043874,100,1,[2.5362375000258908],[2.5362474001012743],1,1,2025-11-13_08h52.50.286,Intentional Binding Main File,2024.2.4,60.03936184,2025-11-13 08h53.04.053301 +0530
0.1,400,unexp,88,16,2,space,0.2932824,None,100,1,[3.4084067000076175],[3.40841689996887],2,16,88,3,509.4197671,,509.4047673,509.4197671,510.4192608,510.4192608,510.4192608,510.7198364,space,0.2932824,None,510.7225335,510.8352987,511.1412444,511.1188655,511.1196473,511.1412444,511.1412444,511.1412444,514.5500243,100,1,[3.4084067000076175],[3.40841689996887],1,1,2025-11-13_08h52.50.286,Intentional Binding Main File,2024.2.4,60.03936184,2025-11-13 08h53.04.053301 +0530
0.7,1000,exp,89,17,2,space,0.3436302,None,250,1,[2.9758546999655664],[2.9758647999260575],2,17,89,29,514.5655144,,514.5503502,514.5655144,515.5643799,515.5643799,515.5643799,515.9151587,space,0.3436302,None,515.9176484,516.63046,516.9529395,516.9283608,516.9292213,516.9529395,516.9529395,516.9529395,519.929177,250,1,[2.9758546999655664],[2.9758647999260575],1,1,2025-11-13_08h52.50.286,Intentional Binding Main File,2024.2.4,60.03936184,2025-11-13 08h53.04.053301 +0530
0.7,1000,exp,90,18,2,space,9.0371053,None,100,1,[2.583614300005138],[2.58362480008509],2,18,90,35,519.944183,,519.9294877,519.944183,520.943374,520.943374,520.943374,529.9859991,space,9.0371053,None,529.9888058,530.7014031,531.0165036,530.9924489,530.993396,531.0165036,531.0165036,531.0165036,533.6005068,100,1,[2.583614300005138],[2.58362480008509],1,1,2025-11-13_08h52.50.286,Intentional Binding Main File,2024.2.4,60.03936184,2025-11-13 08h53.04.053301 +0530
0.1,1000,exp,91,19,2,space,0.2774765,None,150,1,[2.734402999980375],[2.734412999940105],2,19,91,21,533.6156049,,533.6008179,533.6156049,534.6145491,534.6145491,534.6145491,534.8985956,space,0.2774765,None,534.9012639,535.014454,535.3451198,535.3282324,535.3301685,535.3451198,535.3451198,535.3451198,538.0798985,150,1,[2.734402999980375],[2.734412999940105],1,1,2025-11-13_08h52.50.286,Intentional Binding Main File,2024.2.4,60.03936184,2025-11-13 08h53.04.053301 +0530
0.1,1000,exp,92,20,2,space,0.3756077,None,100,1,[1.9829216999933124],[1.9829371999949217],2,20,92,33,538.0950429,,538.0802112,538.0950429,539.0943443,539.0943443,539.0943443,539.4770618,space,0.3756077,None,539.4782788,539.5770238,539.8771974,539.8603129,539.8607684,539.8771974,539.8771974,539.8771974,541.8610406,100,1,[1.9829216999933124],[1.9829371999949217],1,1,2025-11-13_08h52.50.286,Intentional Binding Main File,2024.2.4,60.03936184,2025-11-13 08h53.04.053301 +0530
0.7,1000,exp,93,21,2,space,0.2310951,None,100,1,[2.763717700028792],[2.7637282999930903],2,21,93,23,541.8747588,,541.8615038,541.8747588,542.8743031,542.8743031,542.8743031,543.1083128,space,0.2310951,None,543.1107782,543.8234614,544.1241419,544.1111636,544.1119782,544.1241419,544.1241419,544.1241419,546.8882293,100,1,[2.763717700028792],[2.7637282999930903],1,1,2025-11-13_08h52.50.286,Intentional Binding Main File,2024.2.4,60.03936184,2025-11-13 08h53.04.053301 +0530
0.4,400,unexp,94,22,2,space,631.8773651,None,"150
",1,[4.222526400000788],[4.222535900073126],2,22,94,1,546.9035643,,546.8885568,546.9035643,547.9030428,547.9030428,547.9030428,1179.786962,space,631.8773651,None,1179.78978,1180.186121,1180.460327,1180.436439,1180.437315,1180.460327,1180.460327,1180.460327,1184.683209,"150
",1,[4.222526400000788],[4.222535900073126],1,1,2025-11-13_08h52.50.286,Intentional Binding Main File,2024.2.4,60.03936184,2025-11-13 08h53.04.053301 +0530
0.1,1000,exp,95,23,2,space,0.5247432,None,100,1,[2.3363926000893116],[2.336402800050564],2,23,95,27,1184.69885,,1184.683482,1184.69885,1185.698083,1185.698083,1185.714658,1186.2316,space,0.5247432,None,1186.234345,1186.347302,1186.692573,1186.677154,1186.67899,1186.692573,1186.692573,1186.692573,1189.029352,100,1,[2.3363926000893116],[2.336402800050564],1,1,2025-11-13_08h52.50.286,Intentional Binding Main File,2024.2.4,60.03936184,2025-11-13 08h53.04.053301 +0530
0.4,1000,exp,96,24,2,space,10.8810634,None,100,1,[2.327634899993427],[2.327644999953918],2,24,96,28,1189.044738,,1189.029661,1189.044738,1190.044005,1190.044005,1190.044005,1200.936316,space,10.8810634,None,1200.939331,1201.350969,1201.705449,1201.679004,1201.680502,1201.705449,1201.705449,1201.705449,1204.033479,100,1,[2.327634899993427],[2.327644999953918],1,1,2025-11-13_08h52.50.286,Intentional Binding Main File,2024.2.4,60.03936184,2025-11-13 08h53.04.053301 +0530
0.7,400,unexp,97,25,2,space,0.454797,None,250,1,[3.8200482999673113],[3.8200577999232337],2,25,97,8,1204.048498,,1204.033793,1204.048498,1205.047464,1205.047464,1205.047464,1205.514325,space,0.454797,None,1205.516814,1206.213519,1206.523686,1206.509737,1206.510554,1206.523686,1206.523686,1206.523686,1210.344102,250,1,[3.8200482999673113],[3.8200577999232337],1,1,2025-11-13_08h52.50.286,Intentional Binding Main File,2024.2.4,60.03936184,2025-11-13 08h53.04.053301 +0530
0.4,1000,exp,98,26,2,space,1.2934667,None,300,1,[2.4772608999628574],[2.4772712000412866],2,26,98,22,1210.359454,,1210.344364,1210.359454,1211.359001,1211.359001,1211.359001,1212.658486,space,1.2934667,None,1212.661024,1213.074109,1213.378067,1213.361524,1213.362378,1213.378067,1213.378067,1213.378067,1215.855702,300,1,[2.4772608999628574],[2.4772712000412866],1,1,2025-11-13_08h52.50.286,Intentional Binding Main File,2024.2.4,60.03936184,2025-11-13 08h53.04.053301 +0530
0.4,1000,exp,99,27,2,space,1.179194,None,200,1,[3.6492358000250533],[3.649245099979453],2,27,99,34,1215.871593,,1215.856072,1215.871593,1216.870501,1216.870501,1216.870501,1218.053478,space,1.179194,None,1218.056257,1218.469396,1218.784068,1218.769412,1218.770037,1218.784068,1218.784068,1218.784068,1222.433669,200,1,[3.6492358000250533],[3.649245099979453],1,1,2025-11-13_08h52.50.286,Intentional Binding Main File,2024.2.4,60.03936184,2025-11-13 08h53.04.053301 +0530
0.1,400,unexp,100,28,2,space,0.3201297,None,100,1,[2.04995399992913],[2.049963299999945],2,28,100,6,1222.449213,,1222.433928,1222.449213,1223.448471,1223.448471,1223.448471,1223.782383,space,0.3201297,None,1223.785011,1223.897901,1224.213608,1224.19217,1224.192998,1224.213608,1224.213608,1224.213608,1226.263956,100,1,[2.04995399992913],[2.049963299999945],1,1,2025-11-13_08h52.50.286,Intentional Binding Main File,2024.2.4,60.03936184,2025-11-13 08h53.04.053301 +0530
0.7,400,unexp,101,29,2,space,1.3547236,None,200,1,[2.4198108999989927],[2.4198220000835136],2,29,101,5,1226.279193,,1226.264216,1226.279193,1227.278218,1227.278218,1227.278218,1228.644819,space,1.3547236,None,1228.646522,1229.359578,1229.705037,1229.679264,1229.680427,1229.705037,1229.705037,1229.705037,1232.125229,200,1,[2.4198108999989927],[2.4198220000835136],1,1,2025-11-13_08h52.50.286,Intentional Binding Main File,2024.2.4,60.03936184,2025-11-13 08h53.04.053301 +0530
0.7,1000,exp,102,30,2,space,0.634574,None,400,1,[1.8177669000579044],[1.8177775000222027],2,30,102,11,1232.140793,,1232.125548,1232.140793,1233.139625,1233.139625,1233.156605,1233.789798,space,0.634574,None,1233.792315,1234.505529,1234.836139,1234.820535,1234.821539,1234.836139,1234.836139,1234.836139,1236.654276,400,1,[1.8177669000579044],[1.8177775000222027],1,1,2025-11-13_08h52.50.286,Intentional Binding Main File,2024.2.4,60.03936184,2025-11-13 08h53.04.053301 +0530
0.4,400,unexp,103,31,2,space,1.0552875,None,200,1,[5.756965100066736],[5.756974500021897],2,31,103,7,1236.670154,,1236.654603,1236.670154,1237.668834,1237.668834,1237.685425,1238.736104,space,1.0552875,None,1238.739076,1239.151448,1239.456197,1239.434607,1239.435444,1239.456197,1239.456197,1239.456197,1245.21351,200,1,[5.756965100066736],[5.756974500021897],1,1,2025-11-13_08h52.50.286,Intentional Binding Main File,2024.2.4,60.03936184,2025-11-13 08h53.04.053301 +0530
0.4,1000,exp,104,32,2,space,0.6096891,None,200,1,[2.1615305999293923],[2.161541000008583],2,32,104,10,1245.228934,,1245.213792,1245.228934,1246.228579,1246.228579,1246.228579,1246.845072,space,0.6096891,None,1246.847575,1247.244345,1247.531654,1247.511069,1247.511819,1247.531654,1247.531654,1247.531654,1249.693581,200,1,[2.1615305999293923],[2.161541000008583],1,1,2025-11-13_08h52.50.286,Intentional Binding Main File,2024.2.4,60.03936184,2025-11-13 08h53.04.053301 +0530
0.1,1000,exp,105,33,2,space,0.3308869,None,100,1,[1.692753899958916],[1.6927638999186456],2,33,105,9,1249.708796,,1249.693898,1249.708796,1250.70813,1250.70813,1250.724345,1251.041714,space,0.3308869,None,1251.043149,1251.140989,1251.447049,1251.432595,1251.433309,1251.447049,1251.447049,1251.447049,1253.140184,100,1,[1.692753899958916],[1.6927638999186456],1,1,2025-11-13_08h52.50.286,Intentional Binding Main File,2024.2.4,60.03936184,2025-11-13 08h53.04.053301 +0530
0.4,1000,exp,106,34,2,space,0.555612,None,150,1,[3.4006004999391735],[3.4006174999522045],2,34,106,31,1253.155579,,1253.140528,1253.155579,1254.154751,1254.154751,1254.154751,1254.721896,space,0.555612,None,1254.724369,1255.137436,1255.45146,1255.427363,1255.42814,1255.45146,1255.45146,1255.45146,1258.852718,150,1,[3.4006004999391735],[3.4006174999522045],1,1,2025-11-13_08h52.50.286,Intentional Binding Main File,2024.2.4,60.03936184,2025-11-13 08h53.04.053301 +0530
0.1,400,unexp,107,35,2,space,7.1123086,None,100,1,[2.360287299961783],[2.3602974999230355],2,35,107,0,1258.86709,,1258.853301,1258.86709,1259.866778,1259.866778,1259.866778,1266.994566,space,7.1123086,None,1266.997005,1267.093721,1267.365301,1267.350502,1267.350905,1267.365301,1267.365301,1267.365301,1269.725972,100,1,[2.360287299961783],[2.3602974999230355],1,1,2025-11-13_08h52.50.286,Intentional Binding Main File,2024.2.4,60.03936184,2025-11-13 08h53.04.053301 +0530
0.4,1000,exp,108,0,3,space,3.7895759,None,100,1,[6.187330199987628],[6.187340299948119],3,0,108,28,1269.741091,,1269.726281,1269.741091,1270.740393,1270.740393,1270.740393,1274.53767,space,3.7895759,None,1274.541018,1274.953585,1275.278411,1275.254222,1275.255325,1275.278411,1275.278411,1275.278411,1281.466156,100,1,[6.187330199987628],[6.187340299948119],1,1,2025-11-13_08h52.50.286,Intentional Binding Main File,2024.2.4,60.03936184,2025-11-13 08h53.04.053301 +0530
0.7,400,unexp,109,1,3,space,0.4181756,None,500,1,[5.544905600021593],[5.5449157000985],3,1,109,5,1281.480736,,1281.46647,1281.480736,1282.480365,1282.480365,1282.480365,1282.913605,space,0.4181756,None,1282.914926,1283.629369,1283.946605,1283.931765,1283.932486,1283.946605,1283.946605,1283.946605,1289.491914,500,1,[5.544905600021593],[5.5449157000985],1,1,2025-11-13_08h52.50.286,Intentional Binding Main File,2024.2.4,60.03936184,2025-11-13 08h53.04.053301 +0530
0.7,1000,exp,110,2,3,space,0.4388227,None,400,1,[2.2773380000144243],[2.277348199975677],3,2,110,29,1289.507482,,1289.49222,1289.507482,1290.506638,1290.506638,1290.523208,1290.957043,space,0.4388227,None,1290.959643,1291.672316,1291.943665,1291.929181,1291.92957,1291.943665,1291.943665,1291.943665,1294.221369,400,1,[2.2773380000144243],[2.277348199975677],1,1,2025-11-13_08h52.50.286,Intentional Binding Main File,2024.2.4,60.03936184,2025-11-13 08h53.04.053301 +0530
0.1,1000,exp,111,3,3,space,0.7514643,None,100,1,[2.1777354000369087],[2.177746000001207],3,3,111,21,1294.23639,,1294.22179,1294.23639,1295.235605,1295.235605,1295.235605,1296.002629,space,0.7514643,None,1296.005124,1296.101908,1296.374578,1296.351961,1296.352727,1296.374578,1296.374578,1296.374578,1298.552683,100,1,[2.1777354000369087],[2.177746000001207],1,1,2025-11-13_08h52.50.286,Intentional Binding Main File,2024.2.4,60.03936184,2025-11-13 08h53.04.053301 +0530
0.1,1000,exp,112,4,3,space,0.5835626,None,100,1,[1.3114966999273747],[1.3115066000027582],3,4,112,9,1298.566312,,1298.552953,1298.566312,1299.565583,1299.565583,1299.582147,1300.165672,space,0.5835626,None,1300.168174,1300.281494,1300.61921,1300.595269,1300.596545,1300.61921,1300.61921,1300.61921,1301.931091,100,1,[1.3114966999273747],[1.3115066000027582],1,1,2025-11-13_08h52.50.286,Intentional Binding Main File,2024.2.4,60.03936184,2025-11-13 08h53.04.053301 +0530
0.7,1000,exp,113,5,3,space,0.901186,None,200,1,[3.503739699954167],[3.503749599913135],3,5,113,35,1301.946693,,1301.9314,1301.946693,1302.945724,1302.945724,1302.962409,1303.862479,space,0.901186,None,1303.864862,1304.577796,1304.871353,1304.8512,1304.85195,1304.871353,1304.871353,1304.871353,1308.375501,200,1,[3.503739699954167],[3.503749599913135],1,1,2025-11-13_08h52.50.286,Intentional Binding Main File,2024.2.4,60.03936184,2025-11-13 08h53.04.053301 +0530
0.7,1000,exp,114,6,3,space,1.1389935,None,300,1,[3.454213500022888],[3.4542235999833792],3,6,114,23,1308.390933,,1308.37581,1308.390933,1309.390343,1309.390343,1309.390343,1310.539932,space,1.1389935,None,1310.542567,1311.255226,1311.531448,1311.506983,1311.507753,1311.531448,1311.531448,1311.531448,1314.986024,300,1,[3.454213500022888],[3.4542235999833792],1,1,2025-11-13_08h52.50.286,Intentional Binding Main File,2024.2.4,60.03936184,2025-11-13 08h53.04.053301 +0530
0.4,1000,exp,115,7,3,space,0.4829439,None,200,1,[7.863215000019409],[7.863224599976093],3,7,115,10,1315.001929,,1314.986308,1315.001929,1316.000658,1316.000658,1316.017237,1316.484438,space,0.4829439,None,1316.486909,1316.883791,1317.197707,1317.174442,1317.175491,1317.197707,1317.197707,1317.197707,1325.06131,200,1,[7.863215000019409],[7.863224599976093],1,1,2025-11-13_08h52.50.286,Intentional Binding Main File,2024.2.4,60.03936184,2025-11-13 08h53.04.053301 +0530
0.7,1000,exp,116,8,3,space,0.3218004,None,300,1,[2.722697800025344],[2.722707499982789],3,8,116,14,1325.076599,,1325.061618,1325.076599,1326.075547,1326.075547,1326.075547,1326.409396,space,0.3218004,None,1326.41193,1327.124865,1327.433767,1327.419454,1327.419938,1327.433767,1327.433767,1327.433767,1330.156857,300,1,[2.722697800025344],[2.722707499982789],1,1,2025-11-13_08h52.50.286,Intentional Binding Main File,2024.2.4,60.03936184,2025-11-13 08h53.04.053301 +0530
0.1,400,unexp,117,9,3,space,0.5582624,None,100,1,[1.7939411000115797],[1.793951400090009],3,9,117,0,1330.17209,,1330.157166,1330.17209,1331.171379,1331.171379,1331.171379,1331.738136,space,0.5582624,None,1331.740664,1331.83736,1332.19206,1332.166199,1332.167284,1332.19206,1332.19206,1332.19206,1333.986357,100,1,[1.7939411000115797],[1.793951400090009],1,1,2025-11-13_08h52.50.286,Intentional Binding Main File,2024.2.4,60.03936184,2025-11-13 08h53.04.053301 +0530
0.1,1000,exp,118,10,3,space,0.4142465,None,100,1,[1.4876211999217048],[1.487631700001657],3,10,118,24,1334.002071,,1333.986641,1334.002071,1335.001366,1335.001366,1335.01805,1335.418292,space,0.4142465,None,1335.420789,1335.517449,1335.845575,1335.828076,1335.829138,1335.845575,1335.845575,1335.845575,1337.333565,100,1,[1.4876211999217048],[1.487631700001657],1,1,2025-11-13_08h52.50.286,Intentional Binding Main File,2024.2.4,60.03936184,2025-11-13 08h53.04.053301 +0530
0.1,1000,exp,119,11,3,space,0.7897687,None,100,1,[1.5410499999998137],[1.5410601999610662],3,11,119,18,1337.349157,,1337.33384,1337.349157,1338.348413,1338.348413,1338.365022,1339.148348,space,0.7897687,None,1339.15088,1339.263899,1339.572192,1339.547725,1339.548488,1339.572192,1339.572192,1339.572192,1341.113608,100,1,[1.5410499999998137],[1.5410601999610662],1,1,2025-11-13_08h52.50.286,Intentional Binding Main File,2024.2.4,60.03936184,2025-11-13 08h53.04.053301 +0530
0.1,1000,exp,120,12,3,space,0.9110498,None,100,1,[1.1970539999892935],[1.1970635999459773],3,12,120,12,1341.1292,,1341.113892,1341.1292,1342.12848,1342.12848,1342.12848,1343.044879,space,0.9110498,None,1343.047343,1343.144153,1343.446525,1343.433096,1343.433715,1343.446525,1343.446525,1343.446525,1344.643925,100,1,[1.1970539999892935],[1.1970635999459773],1,1,2025-11-13_08h52.50.286,Intentional Binding Main File,2024.2.4,60.03936184,2025-11-13 08h53.04.053301 +0530
0.7,1000,exp,121,13,3,space,1.2053923,None,150,1,[4.680195999913849],[4.680206699995324],3,13,121,32,1344.659014,,1344.644183,1344.659014,1345.658643,1345.658643,1345.658643,1346.874875,space,1.2053923,None,1346.877584,1347.590176,1347.873382,1347.856882,1347.85727,1347.873382,1347.873382,1347.873382,1352.553951,150,1,[4.680195999913849],[4.680206699995324],1,1,2025-11-13_08h52.50.286,Intentional Binding Main File,2024.2.4,60.03936184,2025-11-13 08h53.04.053301 +0530
0.7,400,unexp,122,14,3,space,0.3450099,None,300,1,[1.9706608999986202],[1.9706711999606341],3,14,122,2,1352.569267,,1352.554223,1352.569267,1353.568464,1353.568464,1353.568464,1353.918697,space,0.3450099,None,1353.920984,1354.634111,1354.945287,1354.924396,1354.925143,1354.945287,1354.945287,1354.945287,1356.916302,300,1,[1.9706608999986202],[1.9706711999606341],1,1,2025-11-13_08h52.50.286,Intentional Binding Main File,2024.2.4,60.03936184,2025-11-13 08h53.04.053301 +0530
0.7,1000,exp,123,15,3,space,0.2761742,None,400,1,[2.6575959000037983],[2.6576064999680966],3,15,123,17,1356.932116,,1356.916586,1356.932116,1357.931008,1357.931008,1357.947602,1358.215001,space,0.2761742,None,1358.217489,1358.930446,1359.270784,1359.254078,1359.255218,1359.270784,1359.270784,1359.270784,1361.928728,400,1,[2.6575959000037983],[2.6576064999680966],1,1,2025-11-13_08h52.50.286,Intentional Binding Main File,2024.2.4,60.03936184,2025-11-13 08h53.04.053301 +0530
0.1,1000,exp,124,16,3,space,32.2726347,None,100,1,[1.775777299888432],[1.7757974999258295],3,16,124,27,1361.944051,,1361.929014,1361.944051,1362.94366,1362.94366,1362.94366,1395.232841,space,32.2726347,None,1395.235321,1395.348475,1395.638627,1395.61578,1395.617282,1395.638627,1395.638627,1395.638627,1397.415053,100,1,[1.775777299888432],[1.7757974999258295],1,1,2025-11-13_08h52.50.286,Intentional Binding Main File,2024.2.4,60.03936184,2025-11-13 08h53.04.053301 +0530
0.1,1000,exp,125,17,3,space,1.2382404,None,100,1,[5.13804180000443],[5.138051199959591],3,17,125,33,1397.430202,,1397.415645,1397.430202,1398.429461,1398.429461,1398.429461,1399.678096,space,1.2382404,None,1399.678812,1399.777594,1400.119708,1400.095386,1400.096679,1400.119708,1400.119708,1400.119708,1405.258112,100,1,[5.13804180000443],[5.138051199959591],1,1,2025-11-13_08h52.50.286,Intentional Binding Main File,2024.2.4,60.03936184,2025-11-13 08h53.04.053301 +0530
0.1,1000,exp,126,18,3,space,0.9634377,None,150,1,[4.519678200013004],[4.519687999971211],3,18,126,30,1405.273402,,1405.258379,1405.273402,1406.27265,1406.27265,1406.27265,1407.238957,space,0.9634377,None,1407.241646,1407.338281,1407.648762,1407.626925,1407.627616,1407.648762,1407.648762,1407.648762,1412.168824,150,1,[4.519678200013004],[4.519687999971211],1,1,2025-11-13_08h52.50.286,Intentional Binding Main File,2024.2.4,60.03936184,2025-11-13 08h53.04.053301 +0530
0.4,1000,exp,127,19,3,space,0.3313731,None,200,1,[2.333689199993387],[2.3336998999584466],3,19,127,31,1412.184023,,1412.169087,1412.184023,1413.183282,1413.183282,1413.183282,1413.516999,space,0.3313731,None,1413.519732,1413.932427,1414.28052,1414.257037,1414.258141,1414.28052,1414.28052,1414.28052,1416.614585,200,1,[2.333689199993387],[2.3336998999584466],1,1,2025-11-13_08h52.50.286,Intentional Binding Main File,2024.2.4,60.03936184,2025-11-13 08h53.04.053301 +0530
0.4,400,unexp,128,20,3,space,0.9951602,None,300,1,[2.1930642999941483],[2.1930741999531165],3,20,128,1,1416.63016,,1416.614952,1416.63016,1417.628842,1417.628842,1417.645416,1418.628988,space,0.9951602,None,1418.631691,1419.02831,1419.350501,1419.326308,1419.327537,1419.350501,1419.350501,1419.350501,1421.543944,300,1,[2.1930642999941483],[2.1930741999531165],1,1,2025-11-13_08h52.50.286,Intentional Binding Main File,2024.2.4,60.03936184,2025-11-13 08h53.04.053301 +0530
0.7,1000,exp,129,21,3,space,1.8794903,None,200,1,[3.808142499998212],[3.8081524999579415],3,21,129,11,1421.559254,,1421.544251,1421.559254,1422.558512,1422.558512,1422.57513,1424.440794,space,1.8794903,None,1424.443375,1425.15609,1425.461782,1425.439222,1425.440013,1425.461782,1425.461782,1425.461782,1429.2704,200,1,[3.808142499998212],[3.8081524999579415],1,1,2025-11-13_08h52.50.286,Intentional Binding Main File,2024.2.4,60.03936184,2025-11-13 08h53.04.053301 +0530
0.1,400,unexp,130,22,3,space,1.6570032,None,150,1,[4.928117399918847],[4.92812729999423],3,22,130,3,1429.285768,,1429.270712,1429.285768,1430.285054,1430.285054,1430.285054,1431.95103,space,1.6570032,None,1431.953726,1432.066373,1432.36831,1432.350602,1432.351155,1432.36831,1432.36831,1432.36831,1437.296811,150,1,[4.928117399918847],[4.92812729999423],1,1,2025-11-13_08h52.50.286,Intentional Binding Main File,2024.2.4,60.03936184,2025-11-13 08h53.04.053301 +0530
0.4,1000,exp,131,23,3,space,0.298297,None,300,1,[3.2137882999377325],[3.2137981000123546],3,23,131,16,1437.311767,,1437.297135,1437.311767,1438.311348,1438.311348,1438.311348,1438.611851,space,0.298297,None,1438.614366,1439.02734,1439.361482,1439.337356,1439.338361,1439.361482,1439.361482,1439.361482,1442.575654,300,1,[3.2137882999377325],[3.2137981000123546],1,1,2025-11-13_08h52.50.286,Intentional Binding Main File,2024.2.4,60.03936184,2025-11-13 08h53.04.053301 +0530
0.4,1000,exp,132,24,3,space,1.4367376,None,200,1,[1.82454990001861],[1.8245605999836698],3,24,132,34,1442.590926,,1442.575959,1442.590926,1443.589907,1443.589907,1443.589907,1445.039407,space,1.4367376,None,1445.041914,1445.438515,1445.779309,1445.755196,1445.75623,1445.779309,1445.779309,1445.779309,1447.604222,200,1,[1.82454990001861],[1.8245605999836698],1,1,2025-11-13_08h52.50.286,Intentional Binding Main File,2024.2.4,60.03936184,2025-11-13 08h53.04.053301 +0530
0.4,400,unexp,133,25,3,space,0.3506342,None,300,1,[1.8909602999920025],[1.8909789000172168],3,25,133,7,1447.619834,,1447.604498,1447.619834,1448.618802,1448.618802,1448.635706,1448.985868,space,0.3506342,None,1448.988361,1449.38508,1449.693035,1449.669844,1449.670819,1449.693035,1449.693035,1449.693035,1451.584574,300,1,[1.8909602999920025],[1.8909789000172168],1,1,2025-11-13_08h52.50.286,Intentional Binding Main File,2024.2.4,60.03936184,2025-11-13 08h53.04.053301 +0530
0.1,1000,exp,134,26,3,space,3.7051404,None,200,1,[2.937156300060451],[2.9371667000232264],3,26,134,15,1451.59974,,1451.585033,1451.59974,1452.598739,1452.598739,1452.598739,1456.313151,space,3.7051404,None,1456.315861,1456.428498,1456.773435,1456.75748,1456.758751,1456.773435,1456.773435,1456.773435,1459.710997,200,1,[2.937156300060451],[2.9371667000232264],1,1,2025-11-13_08h52.50.286,Intentional Binding Main File,2024.2.4,60.03936184,2025-11-13 08h53.04.053301 +0530
0.4,1000,exp,135,27,3,space,0.2803546,None,300,1,[2.0532282000640407],[2.053238100023009],3,27,135,13,1459.725941,,1459.711272,1459.725941,1460.725169,1460.725169,1460.725169,1461.00862,space,0.2803546,None,1461.011328,1461.424125,1461.770419,1461.754442,1461.755796,1461.770419,1461.770419,1461.770419,1463.824003,300,1,[2.0532282000640407],[2.053238100023009],1,1,2025-11-13_08h52.50.286,Intentional Binding Main File,2024.2.4,60.03936184,2025-11-13 08h53.04.053301 +0530
0.1,400,unexp,136,28,3,space,0.4779479,None,200,1,[2.2590395000297576],[2.2590488999849185],3,28,136,6,1463.838825,,1463.82428,1463.838825,1464.837977,1464.837977,1464.837977,1465.322034,space,0.4779479,None,1465.324722,1465.421168,1465.710637,1465.688035,1465.688815,1465.710637,1465.710637,1465.710637,1467.970056,200,1,[2.2590395000297576],[2.2590488999849185],1,1,2025-11-13_08h52.50.286,Intentional Binding Main File,2024.2.4,60.03936184,2025-11-13 08h53.04.053301 +0530
0.7,400,unexp,137,29,3,space,3.2615817,None,300,1,[4.364901600056328],[4.364918200066313],3,29,137,8,1467.985479,,1467.970318,1467.985479,1468.984174,1468.984174,1468.984174,1472.248898,space,3.2615817,None,1472.251613,1472.964209,1473.279122,1473.257512,1473.258555,1473.279122,1473.279122,1473.279122,1477.644572,300,1,[4.364901600056328],[4.364918200066313],1,1,2025-11-13_08h52.50.286,Intentional Binding Main File,2024.2.4,60.03936184,2025-11-13 08h53.04.053301 +0530
0.4,1000,exp,138,30,3,space,0.2909895,None,300,1,[2.0182986999861896],[2.0183087999466807],3,30,138,25,1477.659848,,1477.645061,1477.659848,1478.65961,1478.65961,1478.65961,1478.959947,space,0.2909895,None,1478.96244,1479.375332,1479.689192,1479.67391,1479.674846,1479.689192,1479.689192,1479.689192,1481.707895,300,1,[2.0182986999861896],[2.0183087999466807],1,1,2025-11-13_08h52.50.286,Intentional Binding Main File,2024.2.4,60.03936184,2025-11-13 08h53.04.053301 +0530
0.4,400,unexp,139,31,3,space,1.1083493,None,250,1,[3.0201469999738038],[3.0201569999335334],3,31,139,4,1481.723539,,1481.708237,1481.723539,1482.722803,1482.722803,1482.722803,1483.838886,space,1.1083493,None,1483.84171,1484.254725,1484.532238,1484.504899,1484.505695,1484.532238,1484.532238,1484.532238,1487.552778,250,1,[3.0201469999738038],[3.0201569999335334],1,1,2025-11-13_08h52.50.286,Intentional Binding Main File,2024.2.4,60.03936184,2025-11-13 08h53.04.053301 +0530
0.4,1000,exp,140,32,3,space,0.7167654,None,400,1,[2.1155492999823764],[2.1155593999428675],3,32,140,19,1487.56836,,1487.553064,1487.56836,1488.567306,1488.567306,1488.583851,1489.300764,space,0.7167654,None,1489.303292,1489.716202,1490.016529,1490.00388,1490.00459,1490.016529,1490.016529,1490.016529,1492.132452,400,1,[2.1155492999823764],[2.1155593999428675],1,1,2025-11-13_08h52.50.286,Intentional Binding Main File,2024.2.4,60.03936184,2025-11-13 08h53.04.053301 +0530
0.4,1000,exp,141,33,3,space,1.6781019,None,300,1,[3.497532399953343],[3.497541800024919],3,33,141,22,1492.147328,,1492.132729,1492.147328,1493.147007,1493.147007,1493.147007,1494.829369,space,1.6781019,None,1494.832353,1495.244856,1495.528202,1495.512121,1495.512518,1495.528202,1495.528202,1495.528202,1499.026129,300,1,[3.497532399953343],[3.497541800024919],1,1,2025-11-13_08h52.50.286,Intentional Binding Main File,2024.2.4,60.03936184,2025-11-13 08h53.04.053301 +0530
0.7,1000,exp,142,34,3,space,0.3300421,None,500,1,[2.7732272000284865],[2.7732377001084387],3,34,142,20,1499.041308,,1499.026395,1499.041308,1500.040727,1500.040727,1500.040727,1500.374423,space,0.3300421,None,1500.377135,1501.089884,1501.381454,1501.361186,1501.361998,1501.381454,1501.381454,1501.381454,1504.155049,500,1,[2.7732272000284865],[2.7732377001084387],1,1,2025-11-13_08h52.50.286,Intentional Binding Main File,2024.2.4,60.03936184,2025-11-13 08h53.04.053301 +0530
0.7,1000,exp,143,35,3,space,0.2763013,None,200,1,[2.8991237999871373],[2.8991345000686124],3,35,143,26,1504.17033,,1504.155324,1504.17033,1505.169493,1505.169493,1505.169493,1505.453572,space,0.2763013,None,1505.45617,1506.16859,1506.453215,1506.438741,1506.439123,1506.453215,1506.453215,1506.453215,1509.352708,200,1,[2.8991237999871373],[2.8991345000686124],1,1,2025-11-13_08h52.50.286,Intentional Binding Main File,2024.2.4,60.03936184,2025-11-13 08h53.04.053301 +0530
0.4,1000,exp,144,0,4,space,4.7502835,None,400,1,[1.8698405000614002],[1.8698500000173226],4,0,144,28,1509.365843,,1509.352987,1509.365843,1510.36537,1510.36537,1510.36537,1515.128554,space,4.7502835,None,1515.131171,1515.544118,1515.856813,1515.832767,1515.833878,1515.856813,1515.856813,1515.856813,1517.72701,400,1,[1.8698405000614002],[1.8698500000173226],1,1,2025-11-13_08h52.50.286,Intentional Binding Main File,2024.2.4,60.03936184,2025-11-13 08h53.04.053301 +0530
0.1,1000,exp,145,1,4,space,0.3637055,None,100,1,[2.2277243999997154],[2.227735900087282],4,1,145,12,1517.742126,,1517.727279,1517.742126,1518.740795,1518.740795,1518.757352,1519.107616,space,0.3637055,None,1519.109611,1519.206927,1519.527901,1519.505338,1519.505896,1519.527901,1519.527901,1519.527901,1521.756005,100,1,[2.2277243999997154],[2.227735900087282],1,1,2025-11-13_08h52.50.286,Intentional Binding Main File,2024.2.4,60.03936184,2025-11-13 08h53.04.053301 +0530
0.7,400,unexp,146,2,4,space,0.5731236,None,300,1,[2.1324290999909863],[2.1324398999568075],4,2,146,8,1521.771792,,1521.756304,1521.771792,1522.770604,1522.770604,1522.787217,1523.353901,space,0.5731236,None,1523.355728,1524.053157,1524.369107,1524.347942,1524.348576,1524.369107,1524.369107,1524.369107,1526.502005,300,1,[2.1324290999909863],[2.1324398999568075],1,1,2025-11-13_08h52.50.286,Intentional Binding Main File,2024.2.4,60.03936184,2025-11-13 08h53.04.053301 +0530
0.1,1000,exp,147,3,4,space,0.2515769,None,150,1,[3.6095110999885947],[3.609521400067024],4,3,147,33,1526.517738,,1526.502363,1526.517738,1527.517119,1527.517119,1527.517119,1527.784455,space,0.2515769,None,1527.786108,1527.899662,1528.221357,1528.198275,1528.19911,1528.221357,1528.221357,1528.221357,1531.831253,150,1,[3.6095110999885947],[3.609521400067024],1,1,2025-11-13_08h52.50.286,Intentional Binding Main File,2024.2.4,60.03936184,2025-11-13 08h53.04.053301 +0530
0.4,1000,exp,148,4,4,space,0.2552383,None,300,1,[2.0579085999634117],[2.057918799924664],4,4,148,22,1531.846508,,1531.831564,1531.846508,1532.845298,1532.845298,1532.845298,1533.112803,space,0.2552383,None,1533.115307,1533.528373,1533.852363,1533.835094,1533.836148,1533.852363,1533.852363,1533.852363,1535.910637,300,1,[2.0579085999634117],[2.057918799924664],1,1,2025-11-13_08h52.50.286,Intentional Binding Main File,2024.2.4,60.03936184,2025-11-13 08h53.04.053301 +0530
0.4,1000,exp,149,5,4,space,0.2989447,None,200,1,[1.6113788000075147],[1.6113905999809504],4,5,149,34,1535.926242,,1535.910906,1535.926242,1536.925516,1536.925516,1536.925516,1537.225873,space,0.2989447,None,1537.228349,1537.640915,1537.946107,1537.924506,1537.925214,1537.946107,1537.946107,1537.946107,1539.558108,200,1,[1.6113788000075147],[1.6113905999809504],1,1,2025-11-13_08h52.50.286,Intentional Binding Main File,2024.2.4,60.03936184,2025-11-13 08h53.04.053301 +0530
0.1,1000,exp,150,6,4,space,0.2672599,None,100,1,[1.5176673999521881],[1.5176781999180093],4,6,150,21,1539.57316,,1539.558605,1539.57316,1540.572311,1540.572311,1540.572311,1540.856113,space,0.2672599,None,1540.858626,1540.972032,1541.286689,1541.272012,1541.272771,1541.286689,1541.286689,1541.286689,1542.804709,100,1,[1.5176673999521881],[1.5176781999180093],1,1,2025-11-13_08h52.50.286,Intentional Binding Main File,2024.2.4,60.03936184,2025-11-13 08h53.04.053301 +0530
0.1,1000,exp,151,7,4,space,0.5679538,None,100,1,[1.159309900016524],[1.1593259000219405],4,7,151,30,1542.820289,,1542.804991,1542.820289,1543.819401,1543.819401,1543.819401,1544.403055,space,0.5679538,None,1544.405541,1544.502241,1544.792437,1544.76909,1544.769887,1544.792437,1544.792437,1544.792437,1545.952108,100,1,[1.159309900016524],[1.1593259000219405],1,1,2025-11-13_08h52.50.286,Intentional Binding Main File,2024.2.4,60.03936184,2025-11-13 08h53.04.053301 +0530
0.7,1000,exp,152,8,4,space,0.3434217,None,300,1,[3.07371659995988],[3.0737260000314564],4,8,152,17,1545.967529,,1545.952368,1545.967529,1546.966682,1546.966682,1546.966682,1547.317114,space,0.3434217,None,1547.319619,1548.03214,1548.356763,1548.333999,1548.33489,1548.356763,1548.356763,1548.356763,1551.430879,300,1,[3.07371659995988],[3.0737260000314564],1,1,2025-11-13_08h52.50.286,Intentional Binding Main File,2024.2.4,60.03936184,2025-11-13 08h53.04.053301 +0530
0.4,1000,exp,153,9,4,space,0.2790401,None,200,1,[2.02853759995196],[2.0285481999162585],4,9,153,16,1551.445898,,1551.431141,1551.445898,1552.444767,1552.444767,1552.461406,1552.72822,space,0.2790401,None,1552.729313,1553.127446,1553.448148,1553.425512,1553.426212,1553.448148,1553.448148,1553.448148,1555.477048,200,1,[2.02853759995196],[2.0285481999162585],1,1,2025-11-13_08h52.50.286,Intentional Binding Main File,2024.2.4,60.03936184,2025-11-13 08h53.04.053301 +0530
0.7,1000,exp,154,10,4,space,0.5101428,None,450,1,[4.846065600053407],[4.846076100016944],4,10,154,11,1555.492168,,1555.477368,1555.492168,1556.491443,1556.491443,1556.491443,1557.00862,space,0.5101428,None,1557.011139,1557.724055,1558.024126,1558.006715,1558.007123,1558.024126,1558.024126,1558.024126,1562.870594,450,1,[4.846065600053407],[4.846076100016944],1,1,2025-11-13_08h52.50.286,Intentional Binding Main File,2024.2.4,60.03936184,2025-11-13 08h53.04.053301 +0530
0.1,1000,exp,155,11,4,space,2.6998118,None,100,1,[2.037903100019321],[2.0379134999820963],4,11,155,24,1562.886127,,1562.870877,1562.886127,1563.885065,1563.885065,1563.901393,1566.60051,space,2.6998118,None,1566.603215,1566.716251,1567.026714,1567.006228,1567.007003,1567.026714,1567.026714,1567.026714,1569.064963,100,1,[2.037903100019321],[2.0379134999820963],1,1,2025-11-13_08h52.50.286,Intentional Binding Main File,2024.2.4,60.03936184,2025-11-13 08h53.04.053301 +0530
0.4,1000,exp,156,12,4,space,0.4583245,None,200,1,[3.3704416999826208],[3.3704518999438733],4,12,156,25,1569.080728,,1569.065243,1569.080728,1570.079971,1570.079971,1570.079971,1570.546496,space,0.4583245,None,1570.549148,1570.945857,1571.272722,1571.249601,1571.250675,1571.272722,1571.272722,1571.272722,1574.643546,200,1,[3.3704416999826208],[3.3704518999438733],1,1,2025-11-13_08h52.50.286,Intentional Binding Main File,2024.2.4,60.03936184,2025-11-13 08h53.04.053301 +0530
0.4,1000,exp,157,13,4,space,0.8595544,None,200,1,[2.084873399930075],[2.0848833000054583],4,13,157,19,1574.659204,,1574.643863,1574.659204,1575.658156,1575.658156,1575.674769,1576.525297,space,0.8595544,None,1576.527771,1576.940609,1577.270841,1577.254753,1577.255872,1577.270841,1577.270841,1577.270841,1579.356085,200,1,[2.084873399930075],[2.0848833000054583],1,1,2025-11-13_08h52.50.286,Intentional Binding Main File,2024.2.4,60.03936184,2025-11-13 08h53.04.053301 +0530
0.7,1000,exp,158,14,4,space,0.2675925,None,500,1,[2.8940923999762163],[2.8941019999329],4,14,158,26,1579.371771,,1579.356415,1579.371771,1580.370726,1580.370726,1580.370726,1580.654658,space,0.2675925,None,1580.658132,1581.370149,1581.690958,1581.669092,1581.67014,1581.690958,1581.690958,1581.690958,1584.585503,500,1,[2.8940923999762163],[2.8941019999329],1,1,2025-11-13_08h52.50.286,Intentional Binding Main File,2024.2.4,60.03936184,2025-11-13 08h53.04.053301 +0530
0.7,1000,exp,159,15,4,space,0.9127616,None,500,1,[4.566974299959838],[4.5669921999797225],4,15,159,14,1584.600147,,1584.585829,1584.600147,1585.599717,1585.599717,1585.599717,1586.516055,space,0.9127616,None,1586.518689,1587.231651,1587.531578,1587.514688,1587.515097,1587.531578,1587.531578,1587.531578,1592.099117,500,1,[4.566974299959838],[4.5669921999797225],1,1,2025-11-13_08h52.50.286,Intentional Binding Main File,2024.2.4,60.03936184,2025-11-13 08h53.04.053301 +0530
0.1,1000,exp,160,16,4,space,0.3381417,None,100,1,[2.990074900095351],[2.990085600060411],4,16,160,9,1592.110513,,1592.099571,1592.110513,1593.109493,1593.109493,1593.109493,1593.4603,space,0.3381417,None,1593.46304,1593.559476,1593.867211,1593.846759,1593.847507,1593.867211,1593.867211,1593.867211,1596.857647,100,1,[2.990074900095351],[2.990085600060411],1,1,2025-11-13_08h52.50.286,Intentional Binding Main File,2024.2.4,60.03936184,2025-11-13 08h53.04.053301 +0530
0.7,1000,exp,161,17,4,space,0.3090327,None,450,1,[3.728908499935642],[3.7289198000216857],4,17,161,20,1596.872916,,1596.857925,1596.872916,1597.871997,1597.871997,1597.871997,1598.189551,space,0.3090327,None,1598.192017,1598.904663,1599.206614,1599.192565,1599.192991,1599.206614,1599.206614,1599.206614,1602.9359,450,1,[3.728908499935642],[3.7289198000216857],1,1,2025-11-13_08h52.50.286,Intentional Binding Main File,2024.2.4,60.03936184,2025-11-13 08h53.04.053301 +0530
0.7,400,unexp,162,18,4,space,12.4924248,None,200,1,[3.0097460000542924],[3.009756000014022],4,18,162,5,1602.95127,,1602.936209,1602.95127,1603.950611,1603.950611,1603.950611,1616.45717,space,12.4924248,None,1616.460078,1617.172389,1617.443794,1617.429318,1617.429705,1617.443794,1617.443794,1617.443794,1620.453918,200,1,[3.0097460000542924],[3.009756000014022],1,1,2025-11-13_08h52.50.286,Intentional Binding Main File,2024.2.4,60.03936184,2025-11-13 08h53.04.053301 +0530
0.1,400,unexp,163,19,4,space,1.5345347,None,100,1,[1.8734879000112414],[1.873498799977824],4,19,163,3,1620.469087,,1620.454227,1620.469087,1621.468535,1621.468535,1621.468535,1623.017938,space,1.5345347,None,1623.020412,1623.117114,1623.425689,1623.400896,1623.401849,1623.425689,1623.425689,1623.425689,1625.299556,100,1,[1.8734879000112414],[1.873498799977824],1,1,2025-11-13_08h52.50.286,Intentional Binding Main File,2024.2.4,60.03936184,2025-11-13 08h53.04.053301 +0530
0.1,400,unexp,164,20,4,space,0.9024584,None,100,1,[2.4061403000960127],[2.406150900060311],4,20,164,6,1625.314648,,1625.299875,1625.314648,1626.314516,1626.314516,1626.314516,1627.230615,space,0.9024584,None,1627.233102,1627.330044,1627.63892,1627.616918,1627.617627,1627.63892,1627.63892,1627.63892,1630.045431,100,1,[2.4061403000960127],[2.406150900060311],1,1,2025-11-13_08h52.50.286,Intentional Binding Main File,2024.2.4,60.03936184,2025-11-13 08h53.04.053301 +0530
0.4,400,unexp,165,21,4,space,0.343645,None,200,1,[1.8860473000677302],[1.8860568000236526],4,21,165,7,1630.060951,,1630.045745,1630.060951,1631.06025,1631.06025,1631.06025,1631.410804,space,0.343645,None,1631.413254,1631.825949,1632.139196,1632.119235,1632.119974,1632.139196,1632.139196,1632.139196,1634.025628,200,1,[1.8860473000677302],[1.8860568000236526],1,1,2025-11-13_08h52.50.286,Intentional Binding Main File,2024.2.4,60.03936184,2025-11-13 08h53.04.053301 +0530
0.4,1000,exp,166,22,4,space,2.7141396,None,200,1,[3.057070399983786],[3.0570798000553623],4,22,166,31,1634.040894,,1634.02589,1634.040894,1635.039886,1635.039886,1635.039886,1637.754899,space,2.7141396,None,1637.756495,1638.170701,1638.461409,1638.437604,1638.438415,1638.461409,1638.461409,1638.461409,1641.518822,200,1,[3.057070399983786],[3.0570798000553623],1,1,2025-11-13_08h52.50.286,Intentional Binding Main File,2024.2.4,60.03936184,2025-11-13 08h53.04.053301 +0530
0.7,1000,exp,167,23,4,space,1.1004813,None,300,1,[2.7879141999874264],[2.78792379994411],4,23,167,32,1641.534322,,1641.519085,1641.534322,1642.533627,1642.533627,1642.533627,1643.649881,space,1.1004813,None,1643.652357,1644.365371,1644.692383,1644.67489,1644.675927,1644.692383,1644.692383,1644.692383,1647.480661,300,1,[2.7879141999874264],[2.78792379994411],1,1,2025-11-13_08h52.50.286,Intentional Binding Main File,2024.2.4,60.03936184,2025-11-13 08h53.04.053301 +0530
0.4,400,unexp,168,24,4,space,0.5521097,None,200,1,[1.7830024999566376],[1.7830127000343055],4,24,168,1,1647.495852,,1647.480975,1647.495852,1648.494501,1648.494501,1648.511236,1649.061879,space,0.5521097,None,1649.064538,1649.477223,1649.79351,1649.773124,1649.773821,1649.79351,1649.79351,1649.79351,1651.576911,200,1,[1.7830024999566376],[1.7830127000343055],1,1,2025-11-13_08h52.50.286,Intentional Binding Main File,2024.2.4,60.03936184,2025-11-13 08h53.04.053301 +0530
0.1,1000,exp,169,25,4,space,0.4129137,None,100,1,[1.3377299000276253],[1.3377403999911621],4,25,169,15,1651.591825,,1651.577223,1651.591825,1652.591464,1652.591464,1652.591464,1653.007993,space,0.4129137,None,1653.010757,1653.107242,1653.41916,1653.401362,1653.402541,1653.41916,1653.41916,1653.41916,1654.757235,100,1,[1.3377299000276253],[1.3377403999911621],1,1,2025-11-13_08h52.50.286,Intentional Binding Main File,2024.2.4,60.03936184,2025-11-13 08h53.04.053301 +0530
0.4,1000,exp,170,26,4,space,0.2622355,None,100,1,[4.7123136998852715],[4.712324099964462],4,26,170,13,1654.772813,,1654.75752,1654.772813,1655.7721,1655.7721,1655.788737,1656.03894,space,0.2622355,None,1656.041453,1656.438169,1656.772,1656.754317,1656.755311,1656.772,1656.772,1656.772,1661.484726,100,1,[4.7123136998852715],[4.712324099964462],1,1,2025-11-13_08h52.50.286,Intentional Binding Main File,2024.2.4,60.03936184,2025-11-13 08h53.04.053301 +0530
0.1,1000,exp,171,27,4,space,0.2459139,None,100,1,[1.431228700093925],[1.4312387000536546],4,27,171,18,1661.500443,,1661.485049,1661.500443,1662.499548,1662.499548,1662.499548,1662.749752,space,0.2459139,None,1662.752276,1662.865833,1663.200749,1663.17616,1663.177697,1663.200749,1663.200749,1663.200749,1664.632354,100,1,[1.431228700093925],[1.4312387000536546],1,1,2025-11-13_08h52.50.286,Intentional Binding Main File,2024.2.4,60.03936184,2025-11-13 08h53.04.053301 +0530
0.7,400,unexp,172,28,4,space,0.2945641,None,"250
",1,[3.6875003000022843],[3.6875106999650598],4,28,172,2,1664.647555,,1664.632666,1664.647555,1665.646926,1665.646926,1665.646926,1665.94719,space,0.2945641,None,1665.949682,1666.662563,1666.955522,1666.933038,1666.933788,1666.955522,1666.955522,1666.955522,1670.643406,"250
",1,[3.6875003000022843],[3.6875106999650598],1,1,2025-11-13_08h52.50.286,Intentional Binding Main File,2024.2.4,60.03936184,2025-11-13 08h53.04.053301 +0530
0.4,400,unexp,173,29,4,space,0.5817111,None,300,1,[1.3372282000491396],[1.3372387000126764],4,29,173,4,1670.658979,,1670.643732,1670.658979,1671.658019,1671.658019,1671.658019,1672.241153,space,0.5817111,None,1672.242538,1672.640677,1672.952536,1672.929199,1672.930046,1672.952536,1672.952536,1672.952536,1674.290145,300,1,[1.3372282000491396],[1.3372387000126764],1,1,2025-11-13_08h52.50.286,Intentional Binding Main File,2024.2.4,60.03936184,2025-11-13 08h53.04.053301 +0530
0.4,1000,exp,174,30,4,space,0.4311611,None,200,1,[3.5418341000331566],[3.5418437001062557],4,30,174,10,1674.305317,,1674.29047,1674.305317,1675.305077,1675.305077,1675.305077,1675.73866,space,0.4311611,None,1675.741156,1676.154262,1676.459985,1676.43774,1676.438512,1676.459985,1676.459985,1676.459985,1680.002172,200,1,[3.5418341000331566],[3.5418437001062557],1,1,2025-11-13_08h52.50.286,Intentional Binding Main File,2024.2.4,60.03936184,2025-11-13 08h53.04.053301 +0530
0.7,1000,exp,175,31,4,space,0.2177266,None,300,1,[1.9561685000080615],[1.9561782000819221],4,31,175,35,1680.017333,,1680.002445,1680.017333,1681.016386,1681.016386,1681.016386,1681.25007,space,0.2177266,None,1681.252646,1681.949337,1682.275324,1682.253714,1682.254723,1682.275324,1682.275324,1682.275324,1684.231852,300,1,[1.9561685000080615],[1.9561782000819221],1,1,2025-11-13_08h52.50.286,Intentional Binding Main File,2024.2.4,60.03936184,2025-11-13 08h53.04.053301 +0530
0.7,1000,exp,176,32,4,space,2.8640757,None,400,1,[2.052728099981323],[2.0527387000620365],4,32,176,23,1684.247115,,1684.232115,1684.247115,1685.24647,1685.24647,1685.24647,1688.111414,space,2.8640757,None,1688.114126,1688.826584,1689.139682,1689.114938,1689.115807,1689.139682,1689.139682,1689.139682,1691.192775,400,1,[2.052728099981323],[2.0527387000620365],1,1,2025-11-13_08h52.50.286,Intentional Binding Main File,2024.2.4,60.03936184,2025-11-13 08h53.04.053301 +0530
0.1,400,unexp,177,33,4,space,4.8524856,None,"200
",1,[7.796530099934898],[7.796539799892344],4,33,177,0,1691.20754,,1691.193052,1691.20754,1692.207234,1692.207234,1692.207234,1697.070153,space,4.8524856,None,1697.073001,1697.169298,1697.449986,1697.42729,1697.428074,1697.449986,1697.449986,1697.449986,1705.246875,"200
",1,[7.796530099934898],[7.796539799892344],1,1,2025-11-13_08h52.50.286,Intentional Binding Main File,2024.2.4,60.03936184,2025-11-13 08h53.04.053301 +0530
0.1,1000,exp,178,34,4,space,0.5637259,None,200,1,[3.9894050000002608],[3.9894152999622747],4,34,178,27,1705.26214,,1705.247144,1705.26214,1706.261345,1706.261345,1706.261345,1706.828084,space,0.5637259,None,1706.830575,1706.944223,1707.268285,1707.246318,1707.247207,1707.268285,1707.268285,1707.268285,1711.258071,200,1,[3.9894050000002608],[3.9894152999622747],1,1,2025-11-13_08h52.50.286,Intentional Binding Main File,2024.2.4,60.03936184,2025-11-13 08h53.04.053301 +0530
0.7,1000,exp,179,35,4,space,0.9817146,None,300,1,[2.030273500015028],[2.0302835000911728],4,35,179,29,1711.273399,,1711.25838,1711.273399,1712.272902,1712.272902,1712.272902,1713.256174,space,0.9817146,None,1713.257763,1713.970921,1714.273293,1714.257699,1714.258732,1714.273293,1714.273293,1714.273293,1716.303944,300,1,[2.030273500015028],[2.0302835000911728],1,1,2025-11-13_08h52.50.286,Intentional Binding Main File,2024.2.4,60.03936184,2025-11-13 08h53.04.053301 +0530
0.1,1000,exp,180,0,5,space,7.6824711,None,100,1,[3.124368599965237],[3.124378600041382],5,0,180,15,1716.319218,,1716.304261,1716.319218,1717.318466,1717.318466,1717.318466,1725.012469,space,7.6824711,None,1725.015253,1725.111751,1725.385255,1725.361917,1725.362739,1725.385255,1725.385255,1725.385255,1728.510006,100,1,[3.124368599965237],[3.124378600041382],1,1,2025-11-13_08h52.50.286,Intentional Binding Main File,2024.2.4,60.03936184,2025-11-13 08h53.04.053301 +0530
0.1,1000,exp,181,1,5,space,0.6824921,None,100,1,[2.693065600004047],[2.6930772000923753],5,1,181,21,1728.525223,,1728.510315,1728.525223,1729.524167,1729.524167,1729.524167,1730.207704,space,0.6824921,None,1730.210224,1730.306981,1730.612261,1730.594759,1730.595758,1730.612261,1730.612261,1730.612261,1733.305684,100,1,[2.693065600004047],[2.6930772000923753],1,1,2025-11-13_08h52.50.286,Intentional Binding Main File,2024.2.4,60.03936184,2025-11-13 08h53.04.053301 +0530
0.4,1000,exp,182,2,5,space,0.3520925,None,200,1,[1.9275122999679297],[1.9275229000486434],5,2,182,16,1733.321009,,1733.305966,1733.321009,1734.320043,1734.320043,1734.320043,1734.687342,space,0.3520925,None,1734.689817,1735.102965,1735.375015,1735.358946,1735.359751,1735.375015,1735.375015,1735.375015,1737.302893,200,1,[1.9275122999679297],[1.9275229000486434],1,1,2025-11-13_08h52.50.286,Intentional Binding Main File,2024.2.4,60.03936184,2025-11-13 08h53.04.053301 +0530
0.1,1000,exp,183,3,5,space,0.5411677,None,100,1,[2.360240399953909],[2.3602509999182075],5,3,183,33,1737.317254,,1737.303166,1737.317254,1738.316851,1738.316851,1738.316851,1738.866587,space,0.5411677,None,1738.869009,1738.966193,1739.287813,1739.266561,1739.267292,1739.287813,1739.287813,1739.287813,1741.648413,100,1,[2.360240399953909],[2.3602509999182075],1,1,2025-11-13_08h52.50.286,Intentional Binding Main File,2024.2.4,60.03936184,2025-11-13 08h53.04.053301 +0530
0.4,1000,exp,184,4,5,space,2.4619862,None,150,1,[6.730873599997722],[6.730883700074628],5,4,184,34,1741.663808,,1741.648676,1741.663808,1742.663116,1742.663116,1742.679492,1745.127969,space,2.4619862,None,1745.130578,1745.527233,1745.84076,1745.825225,1745.826294,1745.84076,1745.84076,1745.84076,1752.57202,150,1,[6.730873599997722],[6.730883700074628],1,1,2025-11-13_08h52.50.286,Intentional Binding Main File,2024.2.4,60.03936184,2025-11-13 08h53.04.053301 +0530
0.1,1000,exp,185,5,5,space,0.5591505,None,200,1,[3.5287304000230506],[3.5287408999865875],5,5,185,18,1752.587579,,1752.572313,1752.587579,1753.586827,1753.586827,1753.586827,1754.153623,space,0.5591505,None,1754.155989,1754.269578,1754.62168,1754.597698,1754.598638,1754.62168,1754.62168,1754.62168,1758.15079,200,1,[3.5287304000230506],[3.5287408999865875],1,1,2025-11-13_08h52.50.286,Intentional Binding Main File,2024.2.4,60.03936184,2025-11-13 08h53.04.053301 +0530
0.7,1000,exp,186,6,5,space,0.7925079,None,300,1,[2.511123799951747],[2.5111337000271305],5,6,186,17,1758.166202,,1758.151079,1758.166202,1759.165342,1759.165342,1759.18199,1759.965233,space,0.7925079,None,1759.967723,1760.680677,1760.951127,1760.93651,1760.9369,1760.951127,1760.951127,1760.951127,1763.462612,300,1,[2.511123799951747],[2.5111337000271305],1,1,2025-11-13_08h52.50.286,Intentional Binding Main File,2024.2.4,60.03936184,2025-11-13 08h53.04.053301 +0530
0.4,1000,exp,187,7,5,space,0.4104987,None,200,1,[1.713253700057976],[1.7132833000505343],5,7,187,13,1763.477782,,1763.462884,1763.477782,1764.477471,1764.477471,1764.477471,1764.894413,space,0.4104987,None,1764.897158,1765.309987,1765.61249,1765.595788,1765.596454,1765.61249,1765.61249,1765.61249,1767.32629,200,1,[1.713253700057976],[1.7132833000505343],1,1,2025-11-13_08h52.50.286,Intentional Binding Main File,2024.2.4,60.03936184,2025-11-13 08h53.04.053301 +0530
0.4,1000,exp,188,8,5,space,0.4379868,None,400,1,[2.852412800071761],[2.8524228000314906],5,8,188,10,1767.34092,,1767.32662,1767.34092,1768.340702,1768.340702,1768.340702,1768.790907,space,0.4379868,None,1768.793635,1769.206492,1769.518988,1769.493856,1769.494892,1769.518988,1769.518988,1769.518988,1772.371755,400,1,[2.852412800071761],[2.8524228000314906],1,1,2025-11-13_08h52.50.286,Intentional Binding Main File,2024.2.4,60.03936184,2025-11-13 08h53.04.053301 +0530
0.4,400,unexp,189,9,5,space,0.5457705,None,300,1,[2.0765746000688523],[2.076584400027059],5,9,189,4,1772.386927,,1772.37203,1772.386927,1773.385942,1773.385942,1773.385942,1773.936287,space,0.5457705,None,1773.937711,1774.335396,1774.640928,1774.61888,1774.619696,1774.640928,1774.640928,1774.640928,1776.717885,300,1,[2.0765746000688523],[2.076584400027059],1,1,2025-11-13_08h52.50.286,Intentional Binding Main File,2024.2.4,60.03936184,2025-11-13 08h53.04.053301 +0530
0.7,1000,exp,190,10,5,space,1.2729689,None,400,1,[1.6083876000484452],[1.6083975000074133],5,10,190,29,1776.732852,,1776.718195,1776.732852,1777.732249,1777.732249,1777.732249,1779.01546,space,1.2729689,None,1779.018211,1779.730773,1780.038062,1780.014187,1780.015,1780.038062,1780.038062,1780.038062,1781.646844,400,1,[1.6083876000484452],[1.6083975000074133],1,1,2025-11-13_08h52.50.286,Intentional Binding Main File,2024.2.4,60.03936184,2025-11-13 08h53.04.053301 +0530
0.7,400,unexp,191,11,5,space,0.4560613,None,500,1,[1.4161946000531316],[1.4162044000113383],5,11,191,2,1781.662237,,1781.647153,1781.662237,1782.661541,1782.661541,1782.661541,1783.128135,space,0.4560613,None,1783.130599,1783.843851,1784.143786,1784.126497,1784.126921,1784.143786,1784.143786,1784.143786,1785.560354,500,1,[1.4161946000531316],[1.4162044000113383],1,1,2025-11-13_08h52.50.286,Intentional Binding Main File,2024.2.4,60.03936184,2025-11-13 08h53.04.053301 +0530
0.4,1000,exp,192,12,5,space,0.3738674,None,300,1,[1.8086439999751747],[1.80865369993262],5,12,192,25,1785.575599,,1785.560661,1785.575599,1786.574789,1786.574789,1786.574789,1786.958429,space,0.3738674,None,1786.961078,1787.374081,1787.697522,1787.678508,1787.680082,1787.697522,1787.697522,1787.697522,1789.506547,300,1,[1.8086439999751747],[1.80865369993262],1,1,2025-11-13_08h52.50.286,Intentional Binding Main File,2024.2.4,60.03936184,2025-11-13 08h53.04.053301 +0530
0.7,400,unexp,193,13,5,space,0.9909682,None,200,1,[2.190143799991347],[2.190155400079675],5,13,193,8,1789.522004,,1789.506858,1789.522004,1790.521295,1790.521295,1790.521295,1791.520772,space,0.9909682,None,1791.522174,1792.236441,1792.528373,1792.505032,1792.505782,1792.528373,1792.528373,1792.528373,1794.718895,200,1,[2.190143799991347],[2.190155400079675],1,1,2025-11-13_08h52.50.286,Intentional Binding Main File,2024.2.4,60.03936184,2025-11-13 08h53.04.053301 +0530
0.1,1000,exp,194,14,5,space,1.4160301,None,200,1,[2.125503999995999],[2.1255137000698596],5,14,194,30,1794.734356,,1794.719212,1794.734356,1795.733491,1795.733491,1795.733491,1797.166239,space,1.4160301,None,1797.168737,1797.265476,1797.572159,1797.548543,1797.549472,1797.572159,1797.572159,1797.572159,1799.698033,200,1,[2.125503999995999],[2.1255137000698596],1,1,2025-11-13_08h52.50.286,Intentional Binding Main File,2024.2.4,60.03936184,2025-11-13 08h53.04.053301 +0530
0.7,1000,exp,195,15,5,space,0.286346,None,300,1,[3.0601867999648675],[3.060197100043297],5,15,195,14,1799.713251,,1799.698342,1799.713251,1800.712178,1800.712178,1800.712178,1801.012791,space,0.286346,None,1801.015188,1801.727949,1802.03276,1802.011318,1802.012084,1802.03276,1802.03276,1802.03276,1805.093321,300,1,[3.0601867999648675],[3.060197100043297],1,1,2025-11-13_08h52.50.286,Intentional Binding Main File,2024.2.4,60.03936184,2025-11-13 08h53.04.053301 +0530
0.4,400,unexp,196,16,5,space,0.4517969,None,200,1,[2.2247248000930995],[2.2247351000551134],5,16,196,7,1805.108595,,1805.093633,1805.108595,1806.107786,1806.107786,1806.107786,1806.574536,space,0.4517969,None,1806.57721,1806.973652,1807.280376,1807.26562,1807.266371,1807.280376,1807.280376,1807.280376,1809.505467,200,1,[2.2247248000930995],[2.2247351000551134],1,1,2025-11-13_08h52.50.286,Intentional Binding Main File,2024.2.4,60.03936184,2025-11-13 08h53.04.053301 +0530
0.4,1000,exp,197,17,5,space,0.5959494,None,200,1,[2.5243017999455333],[2.5243133000331],5,17,197,22,1809.521371,,1809.505798,1809.521371,1810.520363,1810.520363,1810.520363,1811.120476,space,0.5959494,None,1811.122941,1811.519707,1811.860442,1811.834091,1811.835165,1811.860442,1811.860442,1811.860442,1814.385124,200,1,[2.5243017999455333],[2.5243133000331],1,1,2025-11-13_08h52.50.286,Intentional Binding Main File,2024.2.4,60.03936184,2025-11-13 08h53.04.053301 +0530
0.7,1000,exp,198,18,5,space,0.3517956,None,300,1,[1.7073530999477953],[1.7073629000224173],5,18,198,32,1814.400079,,1814.385444,1814.400079,1815.399748,1815.399748,1815.399748,1815.766647,space,0.3517956,None,1815.769442,1816.482074,1816.790748,1816.776143,1816.776774,1816.790748,1816.790748,1816.790748,1818.498467,300,1,[1.7073530999477953],[1.7073629000224173],1,1,2025-11-13_08h52.50.286,Intentional Binding Main File,2024.2.4,60.03936184,2025-11-13 08h53.04.053301 +0530
0.7,1000,exp,199,19,5,space,1.2620807,None,300,1,[3.597555599990301],[3.597564800060354],5,19,199,23,1818.513528,,1818.498783,1818.513528,1819.512843,1819.512843,1819.529333,1820.778777,space,1.2620807,None,1820.781497,1821.494275,1821.794474,1821.777011,1821.777405,1821.794474,1821.794474,1821.794474,1825.392424,300,1,[3.597555599990301],[3.597564800060354],1,1,2025-11-13_08h52.50.286,Intentional Binding Main File,2024.2.4,60.03936184,2025-11-13 08h53.04.053301 +0530
0.7,1000,exp,200,20,5,space,1.304449,None,300,1,[2.367315399926156],[2.367324999999255],5,20,200,11,1825.407581,,1825.392805,1825.407581,1826.406445,1826.406445,1826.406445,1827.723131,space,1.304449,None,1827.724751,1828.438062,1828.769585,1828.744812,1828.745942,1828.769585,1828.769585,1828.769585,1831.13728,300,1,[2.367315399926156],[2.367324999999255],1,1,2025-11-13_08h52.50.286,Intentional Binding Main File,2024.2.4,60.03936184,2025-11-13 08h53.04.053301 +0530
0.7,1000,exp,201,21,5,space,0.5581405,None,200,1,[2.3120240001007915],[2.3120339000597596],5,21,201,26,1831.152548,,1831.137595,1831.152548,1832.151774,1832.151774,1832.168086,1832.718663,space,0.5581405,None,1832.720484,1833.433957,1833.770391,1833.753907,1833.754935,1833.770391,1833.770391,1833.770391,1836.08276,200,1,[2.3120240001007915],[2.3120339000597596],1,1,2025-11-13_08h52.50.286,Intentional Binding Main File,2024.2.4,60.03936184,2025-11-13 08h53.04.053301 +0530
0.4,1000,exp,202,22,5,space,0.46169,None,100,1,[3.196481900056824],[3.196492000017315],5,22,202,31,1836.097819,,1836.083032,1836.097819,1837.097627,1837.097627,1837.097627,1837.563614,space,0.46169,None,1837.565331,1837.962933,1838.281159,1838.265889,1838.26672,1838.281159,1838.281159,1838.281159,1841.47799,100,1,[3.196481900056824],[3.196492000017315],1,1,2025-11-13_08h52.50.286,Intentional Binding Main File,2024.2.4,60.03936184,2025-11-13 08h53.04.053301 +0530
0.4,1000,exp,203,23,5,space,1.9722881,None,200,1,[2.1838483000174165],[2.1838578999741003],5,23,203,19,1841.493554,,1841.478266,1841.493554,1842.492798,1842.492798,1842.492798,1844.474635,space,1.9722881,None,1844.475839,1844.873691,1845.188678,1845.172352,1845.173595,1845.188678,1845.188678,1845.188678,1847.372885,200,1,[2.1838483000174165],[2.1838578999741003],1,1,2025-11-13_08h52.50.286,Intentional Binding Main File,2024.2.4,60.03936184,2025-11-13 08h53.04.053301 +0530
0.7,1000,exp,204,24,5,space,0.5494476,None,400,1,[1.6247871000086889],[1.6247973999707028],5,24,204,20,1847.388488,,1847.373147,1847.388488,1848.387693,1848.387693,1848.387693,1848.938007,space,0.5494476,None,1848.940483,1849.652873,1849.960661,1849.936648,1849.937412,1849.960661,1849.960661,1849.960661,1851.585818,400,1,[1.6247871000086889],[1.6247973999707028],1,1,2025-11-13_08h52.50.286,Intentional Binding Main File,2024.2.4,60.03936184,2025-11-13 08h53.04.053301 +0530
0.7,1000,exp,205,25,5,space,0.5460202,None,250,1,[2.9173821000149474],[2.917399000027217],5,25,205,35,1851.601305,,1851.586094,1851.601305,1852.60017,1852.60017,1852.60017,1853.150674,space,0.5460202,None,1853.153515,1853.866106,1854.196582,1854.171047,1854.172174,1854.196582,1854.196582,1854.196582,1857.114377,250,1,[2.9173821000149474],[2.917399000027217],1,1,2025-11-13_08h52.50.286,Intentional Binding Main File,2024.2.4,60.03936184,2025-11-13 08h53.04.053301 +0530
0.1,1000,exp,206,26,5,space,0.5735711,None,300,1,[2.429067700053565],[2.4290781000163406],5,26,206,27,1857.129653,,1857.114683,1857.129653,1858.129145,1858.129145,1858.129145,1858.712677,space,0.5735711,None,1858.715121,1858.828258,1859.130657,1859.116868,1859.117262,1859.130657,1859.130657,1859.130657,1861.56011,300,1,[2.429067700053565],[2.4290781000163406],1,1,2025-11-13_08h52.50.286,Intentional Binding Main File,2024.2.4,60.03936184,2025-11-13 08h53.04.053301 +0530
0.7,400,unexp,207,27,5,space,0.4547589,None,400,1,[2.471543399966322],[2.471553699928336],5,27,207,5,1861.575622,,1861.560451,1861.575622,1862.574978,1862.574978,1862.574978,1863.042009,space,0.4547589,None,1863.044273,1863.757221,1864.034281,1864.012215,1864.012932,1864.034281,1864.034281,1864.034281,1866.506187,400,1,[2.471543399966322],[2.471553699928336],1,1,2025-11-13_08h52.50.286,Intentional Binding Main File,2024.2.4,60.03936184,2025-11-13 08h53.04.053301 +0530
0.1,400,unexp,208,28,5,space,0.9492517,None,100,1,[2.574977299897],[2.5749870999716222],5,28,208,0,1866.521749,,1866.506461,1866.521749,1867.5211,1867.5211,1867.5211,1868.486877,space,0.9492517,None,1868.489376,1868.586632,1868.87679,1868.853172,1868.853915,1868.87679,1868.87679,1868.87679,1871.452151,100,1,[2.574977299897],[2.5749870999716222],1,1,2025-11-13_08h52.50.286,Intentional Binding Main File,2024.2.4,60.03936184,2025-11-13 08h53.04.053301 +0530
0.1,1000,exp,209,29,5,space,0.3115565,None,100,1,[1.3309135999297723],[1.3309234000043944],5,29,209,9,1871.467126,,1871.45246,1871.467126,1872.466583,1872.466583,1872.466583,1872.783792,space,0.3115565,None,1872.786519,1872.883003,1873.18448,1873.168626,1873.169762,1873.18448,1873.18448,1873.18448,1874.515766,100,1,[1.3309135999297723],[1.3309234000043944],1,1,2025-11-13_08h52.50.286,Intentional Binding Main File,2024.2.4,60.03936184,2025-11-13 08h53.04.053301 +0530
0.1,400,unexp,210,30,5,space,0.4508926,None,100,1,[1.209216000046581],[1.2092255000025034],5,30,210,3,1874.531259,,1874.516081,1874.531259,1875.53068,1875.53068,1875.53068,1875.997477,space,0.4508926,None,1875.999885,1876.096786,1876.386916,1876.363882,1876.364657,1876.386916,1876.386916,1876.386916,1877.596539,100,1,[1.209216000046581],[1.2092255000025034],1,1,2025-11-13_08h52.50.286,Intentional Binding Main File,2024.2.4,60.03936184,2025-11-13 08h53.04.053301 +0530
0.1,1000,exp,211,31,5,space,0.2548952,None,100,1,[1.402029599994421],[1.4020399999571964],5,31,211,24,1877.612129,,1877.596868,1877.612129,1878.611445,1878.611445,1878.628057,1878.878455,space,0.2548952,None,1878.881204,1878.977627,1879.29128,1879.267686,1879.268501,1879.29128,1879.29128,1879.29128,1880.693723,100,1,[1.402029599994421],[1.4020399999571964],1,1,2025-11-13_08h52.50.286,Intentional Binding Main File,2024.2.4,60.03936184,2025-11-13 08h53.04.053301 +0530
0.4,1000,exp,212,32,5,space,0.2882622,None,200,1,[1.4731731000356376],[1.4731835999991745],5,32,212,28,1880.709421,,1880.694047,1880.709421,1881.708412,1881.708412,1881.708412,1882.009147,space,0.2882622,None,1882.011813,1882.424813,1882.717723,1882.691139,1882.691883,1882.717723,1882.717723,1882.717723,1884.191315,200,1,[1.4731731000356376],[1.4731835999991745],1,1,2025-11-13_08h52.50.286,Intentional Binding Main File,2024.2.4,60.03936184,2025-11-13 08h53.04.053301 +0530
0.4,400,unexp,213,33,5,space,0.7991998,None,300,1,[1.4433888000203297],[1.4433988000964746],5,33,213,1,1884.206406,,1884.191598,1884.206406,1885.205593,1885.205593,1885.205593,1886.005663,space,0.7991998,None,1886.008376,1886.420855,1886.760239,1886.743861,1886.744907,1886.760239,1886.760239,1886.760239,1888.203992,300,1,[1.4433888000203297],[1.4433988000964746],1,1,2025-11-13_08h52.50.286,Intentional Binding Main File,2024.2.4,60.03936184,2025-11-13 08h53.04.053301 +0530
0.1,400,unexp,214,34,5,space,0.2861267,None,100,1,[1.7716202998999506],[1.7716293999692425],5,34,214,6,1888.219518,,1888.204313,1888.219518,1889.218479,1889.218479,1889.218479,1889.5192,space,0.2861267,None,1889.521659,1889.618378,1889.945886,1889.921697,1889.922498,1889.945886,1889.945886,1889.945886,1891.717878,100,1,[1.7716202998999506],[1.7716293999692425],1,1,2025-11-13_08h52.50.286,Intentional Binding Main File,2024.2.4,60.03936184,2025-11-13 08h53.04.053301 +0530
0.1,1000,exp,215,35,5,space,0.4125415,None,100,1,[1.423726600012742],[1.4237433000234887],5,35,215,12,1891.733131,,1891.718137,1891.733131,1892.732456,1892.732456,1892.732456,1893.149023,space,0.4125415,None,1893.151479,1893.24852,1893.540707,1893.515459,1893.516213,1893.540707,1893.540707,1893.540707,1894.964832,100,1,[1.423726600012742],[1.4237433000234887],1,1,2025-11-13_08h52.50.286,Intentional Binding Main File,2024.2.4,60.03936184,2025-11-13 08h53.04.053301 +0530
0.4,400,unexp,216,0,6,space,0.3935882,None,200,1,[1.1791029999731109],[1.1791132000507787],6,0,216,1,1894.980236,,1894.965099,1894.980236,1895.97937,1895.97937,1895.97937,1896.37973,space,0.3935882,None,1896.3824,1896.778862,1897.115719,1897.099944,1897.100882,1897.115719,1897.115719,1897.115719,1898.295182,200,1,[1.1791029999731109],[1.1791132000507787],1,1,2025-11-13_08h52.50.286,Intentional Binding Main File,2024.2.4,60.03936184,2025-11-13 08h53.04.053301 +0530
0.7,400,unexp,217,1,6,space,0.3018249,None,300,1,[6.6949134999886155],[6.694923399947584],6,1,217,5,1898.310368,,1898.295475,1898.310368,1899.309971,1899.309971,1899.309971,1899.627038,space,0.3018249,None,1899.629482,1900.342437,1900.642376,1900.625232,1900.625629,1900.642376,1900.642376,1900.642376,1907.337667,300,1,[6.6949134999886155],[6.694923399947584],1,1,2025-11-13_08h52.50.286,Intentional Binding Main File,2024.2.4,60.03936184,2025-11-13 08h53.04.053301 +0530
0.4,1000,exp,218,2,6,space,0.6792589,None,350,1,[3.690731900045648],[3.690740799997002],6,2,218,19,1907.352486,,1907.337982,1907.352486,1908.352109,1908.352109,1908.352109,1909.035165,space,0.6792589,None,1909.037026,1909.434292,1909.774535,1909.757919,1909.758895,1909.774535,1909.774535,1909.774535,1913.465795,350,1,[3.690731900045648],[3.690740799997002],1,1,2025-11-13_08h52.50.286,Intentional Binding Main File,2024.2.4,60.03936184,2025-11-13 08h53.04.053301 +0530
0.7,1000,exp,219,3,6,space,0.2700397,None,500,1,[1.6127469999482855],[1.6127567999064922],6,3,219,29,1913.480604,,1913.46613,1913.480604,1914.479808,1914.479808,1914.479808,1914.763542,space,0.2700397,None,1914.765828,1915.479173,1915.782452,1915.768079,1915.768544,1915.782452,1915.782452,1915.782452,1917.39557,500,1,[1.6127469999482855],[1.6127567999064922],1,1,2025-11-13_08h52.50.286,Intentional Binding Main File,2024.2.4,60.03936184,2025-11-13 08h53.04.053301 +0530
0.1,1000,exp,220,4,6,space,0.5306219,None,100,1,[1.5818962999619544],[1.5819072000449523],6,4,220,33,1917.4108,,1917.395879,1917.4108,1918.409658,1918.409658,1918.409658,1918.943284,space,0.5306219,None,1918.946041,1919.04282,1919.359799,1919.335028,1919.336644,1919.359799,1919.359799,1919.359799,1920.942085,100,1,[1.5818962999619544],[1.5819072000449523],1,1,2025-11-13_08h52.50.286,Intentional Binding Main File,2024.2.4,60.03936184,2025-11-13 08h53.04.053301 +0530
0.7,1000,exp,221,5,6,space,0.6726192,None,300,1,[5.044796599890105],[5.044806199963205],6,5,221,23,1920.957408,,1920.942404,1920.957408,1921.956979,1921.956979,1921.956979,1922.64039,space,0.6726192,None,1922.642981,1923.355365,1923.690598,1923.666123,1923.667464,1923.690598,1923.690598,1923.690598,1928.735779,300,1,[5.044796599890105],[5.044806199963205],1,1,2025-11-13_08h52.50.286,Intentional Binding Main File,2024.2.4,60.03936184,2025-11-13 08h53.04.053301 +0530
0.4,1000,exp,222,6,6,space,1.1902785,None,200,1,[2.0257686000550166],[2.0257789000170305],6,6,222,28,1928.750524,,1928.736091,1928.750524,1929.749782,1929.749782,1929.749782,1930.949766,space,1.1902785,None,1930.95235,1931.365284,1931.687833,1931.67113,1931.67237,1931.687833,1931.687833,1931.687833,1933.713955,200,1,[2.0257686000550166],[2.0257789000170305],1,1,2025-11-13_08h52.50.286,Intentional Binding Main File,2024.2.4,60.03936184,2025-11-13 08h53.04.053301 +0530
0.4,400,unexp,223,7,6,space,93.3496985,None,200,1,[2.3527476999443024],[2.3527570000151172],6,7,223,7,1933.729484,,1933.714237,1933.729484,1934.729176,1934.729176,1934.729176,2028.081673,space,93.3496985,None,2028.084372,2028.480818,2028.793285,2028.771062,2028.771792,2028.793285,2028.793285,2028.793285,2031.146385,200,1,[2.3527476999443024],[2.3527570000151172],1,1,2025-11-13_08h52.50.286,Intentional Binding Main File,2024.2.4,60.03936184,2025-11-13 08h53.04.053301 +0530
0.1,1000,exp,224,8,6,space,0.3371626,None,100,1,[3.2315213999245316],[3.2315308999968693],6,8,224,9,2031.161727,,2031.146646,2031.161727,2032.160999,2032.160999,2032.160999,2032.511604,space,0.3371626,None,2032.51406,2032.627073,2032.926865,2032.911434,2032.912294,2032.926865,2032.926865,2032.926865,2036.158744,100,1,[3.2315213999245316],[3.2315308999968693],1,1,2025-11-13_08h52.50.286,Intentional Binding Main File,2024.2.4,60.03936184,2025-11-13 08h53.04.053301 +0530
0.1,1000,exp,225,9,6,space,0.3503784,None,100,1,[1.3585164000978693],[1.358526200056076],6,9,225,12,2036.173563,,2036.159017,2036.173563,2037.173267,2037.173267,2037.173267,2037.54059,space,0.3503784,None,2037.543328,2037.655959,2037.963804,2037.939525,2037.94033,2037.963804,2037.963804,2037.963804,2039.322696,100,1,[1.3585164000978693],[1.358526200056076],1,1,2025-11-13_08h52.50.286,Intentional Binding Main File,2024.2.4,60.03936184,2025-11-13 08h53.04.053301 +0530
0.4,1000,exp,226,10,6,space,0.6454494,None,100,1,[1.3538046999601647],[1.3538143000332639],6,10,226,16,2039.337677,,2039.322957,2039.337677,2040.336962,2040.336962,2040.336962,2040.987191,space,0.6454494,None,2040.989605,2041.402827,2041.715237,2041.701004,2041.701417,2041.715237,2041.715237,2041.715237,2043.069417,100,1,[1.3538046999601647],[1.3538143000332639],1,1,2025-11-13_08h52.50.286,Intentional Binding Main File,2024.2.4,60.03936184,2025-11-13 08h53.04.053301 +0530
0.7,1000,exp,227,11,6,space,0.306689,None,200,1,[1.6760798000032082],[1.6760894999606535],6,11,227,20,2043.08454,,2043.069678,2043.08454,2044.083792,2044.083792,2044.083792,2044.400757,space,0.306689,None,2044.403209,2045.116304,2045.38946,2045.366541,2045.367295,2045.38946,2045.38946,2045.38946,2047.065888,200,1,[1.6760798000032082],[1.6760894999606535],1,1,2025-11-13_08h52.50.286,Intentional Binding Main File,2024.2.4,60.03936184,2025-11-13 08h53.04.053301 +0530
0.1,400,unexp,228,12,6,space,0.4229909,None,100,1,[1.3104642999824136],[1.3104743999429047],6,12,228,6,2047.081209,,2047.066148,2047.081209,2048.08043,2048.08043,2048.08043,2048.514048,space,0.4229909,None,2048.516519,2048.613243,2048.885402,2048.863194,2048.863917,2048.885402,2048.885402,2048.885402,2050.196232,100,1,[1.3104642999824136],[1.3104743999429047],1,1,2025-11-13_08h52.50.286,Intentional Binding Main File,2024.2.4,60.03936184,2025-11-13 08h53.04.053301 +0530
0.1,400,unexp,229,13,6,space,0.3628113,None,100,1,[1.1104479000205174],[1.1104582000989467],6,13,229,0,2050.211407,,2050.196505,2050.211407,2051.211046,2051.211046,2051.211046,2051.577736,space,0.3628113,None,2051.579545,2051.676892,2051.949648,2051.928063,2051.928832,2051.949648,2051.949648,2051.949648,2053.060445,100,1,[1.1104479000205174],[1.1104582000989467],1,1,2025-11-13_08h52.50.286,Intentional Binding Main File,2024.2.4,60.03936184,2025-11-13 08h53.04.053301 +0530
0.1,1000,exp,230,14,6,space,0.5782672,None,100,1,[1.38209630001802],[1.382112400024198],6,14,230,18,2053.076115,,2053.06073,2053.076115,2054.075387,2054.075387,2054.075387,2054.658566,space,0.5782672,None,2054.661027,2054.757936,2055.024732,2055.007382,2055.007768,2055.024732,2055.024732,2055.024732,2056.407379,100,1,[1.38209630001802],[1.382112400024198],1,1,2025-11-13_08h52.50.286,Intentional Binding Main File,2024.2.4,60.03936184,2025-11-13 08h53.04.053301 +0530
0.7,1000,exp,231,15,6,space,0.2336569,None,300,1,[1.2023950000293553],[1.2024048001039773],6,15,231,35,2056.423119,,2056.407782,2056.423119,2057.4223,2057.4223,2057.4223,2057.672769,space,0.2336569,None,2057.675587,2058.38806,2058.702173,2058.688349,2058.689093,2058.702173,2058.702173,2058.702173,2059.904925,300,1,[1.2023950000293553],[1.2024048001039773],1,1,2025-11-13_08h52.50.286,Intentional Binding Main File,2024.2.4,60.03936184,2025-11-13 08h53.04.053301 +0530
0.4,1000,exp,232,16,6,space,0.490268,None,200,1,[2.814987000077963],[2.8149970000376925],6,16,232,22,2059.920037,,2059.905208,2059.920037,2060.919063,2060.919063,2060.935823,2061.419469,space,0.490268,None,2061.421929,2061.834767,2062.135072,2062.119708,2062.120115,2062.135072,2062.135072,2062.135072,2064.950438,200,1,[2.814987000077963],[2.8149970000376925],1,1,2025-11-13_08h52.50.286,Intentional Binding Main File,2024.2.4,60.03936184,2025-11-13 08h53.04.053301 +0530
0.7,1000,exp,233,17,6,space,0.3538618,None,400,1,[1.2426743999822065],[1.242684500059113],6,17,233,11,2064.965327,,2064.950751,2064.965327,2065.964693,2065.964693,2065.964693,2066.331859,space,0.3538618,None,2066.334351,2067.047196,2067.354114,2067.331403,2067.332273,2067.354114,2067.354114,2067.354114,2068.597167,400,1,[1.2426743999822065],[1.242684500059113],1,1,2025-11-13_08h52.50.286,Intentional Binding Main File,2024.2.4,60.03936184,2025-11-13 08h53.04.053301 +0530
0.4,1000,exp,234,18,6,space,0.3146265,None,200,1,[1.6328814999433234],[1.6328909998992458],6,18,234,31,2068.612258,,2068.597478,2068.612258,2069.611514,2069.611514,2069.611514,2069.928459,space,0.3146265,None,2069.930905,2070.3277,2070.64383,2070.620876,2070.621682,2070.64383,2070.64383,2070.64383,2072.277069,200,1,[1.6328814999433234],[1.6328909998992458],1,1,2025-11-13_08h52.50.286,Intentional Binding Main File,2024.2.4,60.03936184,2025-11-13 08h53.04.053301 +0530
0.1,1000,exp,235,19,6,space,0.2751377,None,100,1,[1.2928512999787927],[1.2928604999324307],6,19,235,27,2072.292232,,2072.277329,2072.292232,2073.291809,2073.291809,2073.291809,2073.575495,space,0.2751377,None,2073.578215,2073.674803,2073.948206,2073.931361,2073.931754,2073.948206,2073.948206,2073.948206,2075.241415,100,1,[1.2928512999787927],[1.2928604999324307],1,1,2025-11-13_08h52.50.286,Intentional Binding Main File,2024.2.4,60.03936184,2025-11-13 08h53.04.053301 +0530
0.7,1000,exp,236,20,6,space,0.4135825,None,300,1,[1.4778883999679238],[1.477898700046353],6,20,236,17,2075.256337,,2075.241674,2075.256337,2076.25597,2076.25597,2076.25597,2076.672538,space,0.4135825,None,2076.675016,2077.388028,2077.692785,2077.67316,2077.673723,2077.692785,2077.692785,2077.692785,2079.171047,300,1,[1.4778883999679238],[1.477898700046353],1,1,2025-11-13_08h52.50.286,Intentional Binding Main File,2024.2.4,60.03936184,2025-11-13 08h53.04.053301 +0530
0.7,400,unexp,237,21,6,space,0.1912218,None,400,1,[1.9261893999064341],[1.9261999999871477],6,21,237,8,2079.186671,,2079.171322,2079.186671,2080.185459,2080.185459,2080.185459,2080.385969,space,0.1912218,None,2080.387489,2081.101475,2081.374211,2081.351909,2081.352708,2081.374211,2081.374211,2081.374211,2083.300794,400,1,[1.9261893999064341],[1.9261999999871477],1,1,2025-11-13_08h52.50.286,Intentional Binding Main File,2024.2.4,60.03936184,2025-11-13 08h53.04.053301 +0530
0.1,1000,exp,238,22,6,space,0.3726927,None,200,1,[2.9572609999449924],[2.957271499908529],6,22,238,30,2083.316099,,2083.301136,2083.316099,2084.315216,2084.315216,2084.315216,2084.698831,space,0.3726927,None,2084.701294,2084.798155,2085.105669,2085.089992,2085.090893,2085.105669,2085.105669,2085.105669,2088.063304,200,1,[2.9572609999449924],[2.957271499908529],1,1,2025-11-13_08h52.50.286,Intentional Binding Main File,2024.2.4,60.03936184,2025-11-13 08h53.04.053301 +0530
0.1,1000,exp,239,23,6,space,1.4297279,None,100,1,[1.9749456000281498],[1.9749553999863565],6,23,239,24,2088.078874,,2088.063624,2088.078874,2089.078155,2089.078155,2089.078155,2090.510716,space,1.4297279,None,2090.513311,2090.610017,2090.884034,2090.860282,2090.861067,2090.884034,2090.884034,2090.884034,2092.859352,100,1,[1.9749456000281498],[1.9749553999863565],1,1,2025-11-13_08h52.50.286,Intentional Binding Main File,2024.2.4,60.03936184,2025-11-13 08h53.04.053301 +0530
0.4,400,unexp,240,24,6,space,0.3465335,None,200,1,[2.0887845000252128],[2.08882059995085],6,24,240,4,2092.874685,,2092.859659,2092.874685,2093.873986,2093.873986,2093.890639,2094.223956,space,0.3465335,None,2094.226557,2094.62324,2094.949879,2094.926664,2094.927397,2094.949879,2094.949879,2094.949879,2097.039171,200,1,[2.0887845000252128],[2.08882059995085],1,1,2025-11-13_08h52.50.286,Intentional Binding Main File,2024.2.4,60.03936184,2025-11-13 08h53.04.053301 +0530
0.7,1000,exp,241,25,6,space,0.5634237,None,300,1,[3.3599211999680847],[3.359931500046514],6,25,241,14,2097.054401,,2097.039481,2097.054401,2098.053587,2098.053587,2098.053587,2098.61998,space,0.5634237,None,2098.622468,2099.319132,2099.636293,2099.614591,2099.615287,2099.636293,2099.636293,2099.636293,2102.996637,300,1,[3.3599211999680847],[3.359931500046514],1,1,2025-11-13_08h52.50.286,Intentional Binding Main File,2024.2.4,60.03936184,2025-11-13 08h53.04.053301 +0530
0.1,1000,exp,242,26,6,space,1.102579,None,200,1,[5.680615000077523],[5.6806247000349686],6,26,242,15,2103.000228,,2102.996956,2103.000228,2103.998581,2103.998581,2104.015066,2105.114799,space,1.102579,None,2105.11732,2105.214003,2105.529128,2105.503785,2105.504537,2105.529128,2105.529128,2105.529128,2111.210148,200,1,[5.680615000077523],[5.6806247000349686],1,1,2025-11-13_08h52.50.286,Intentional Binding Main File,2024.2.4,60.03936184,2025-11-13 08h53.04.053301 +0530
0.7,1000,exp,243,27,6,space,0.2512138,None,300,1,[3.813220000010915],[3.8132411999395117],6,27,243,26,2111.225386,,2111.210458,2111.225386,2112.224593,2112.224593,2112.224593,2112.491139,space,0.2512138,None,2112.492369,2113.206767,2113.524278,2113.501253,2113.501991,2113.524278,2113.524278,2113.524278,2117.337927,300,1,[3.813220000010915],[3.8132411999395117],1,1,2025-11-13_08h52.50.286,Intentional Binding Main File,2024.2.4,60.03936184,2025-11-13 08h53.04.053301 +0530
0.1,1000,exp,244,28,6,space,0.7999284,None,100,1,[2.515247800038196],[2.515257899998687],6,28,244,21,2117.35338,,2117.338251,2117.35338,2118.352616,2118.352616,2118.369109,2119.169239,space,0.7999284,None,2119.171701,2119.268484,2119.534691,2119.518228,2119.518627,2119.534691,2119.534691,2119.534691,2122.05032,100,1,[2.515247800038196],[2.515257899998687],1,1,2025-11-13_08h52.50.286,Intentional Binding Main File,2024.2.4,60.03936184,2025-11-13 08h53.04.053301 +0530
0.1,400,unexp,245,29,6,space,0.2677004,None,100,1,[1.0674114999128506],[1.06742249999661],6,29,245,3,2122.065899,,2122.050595,2122.065899,2123.06526,2123.06526,2123.081559,2123.348744,space,0.2677004,None,2123.351269,2123.447855,2123.781669,2123.757101,2123.758159,2123.781669,2123.781669,2123.781669,2124.849487,100,1,[1.0674114999128506],[1.06742249999661],1,1,2025-11-13_08h52.50.286,Intentional Binding Main File,2024.2.4,60.03936184,2025-11-13 08h53.04.053301 +0530
0.4,1000,exp,246,30,6,space,0.2310776,None,200,1,[1.4572732000378892],[1.4572842000052333],6,30,246,13,2124.863127,,2124.849751,2124.863127,2125.862705,2125.862705,2125.862705,2126.096591,space,0.2310776,None,2126.099043,2126.512124,2126.853958,2126.83116,2126.832104,2126.853958,2126.853958,2126.853958,2128.311627,200,1,[1.4572732000378892],[1.4572842000052333],1,1,2025-11-13_08h52.50.286,Intentional Binding Main File,2024.2.4,60.03936184,2025-11-13 08h53.04.053301 +0530
0.4,1000,exp,247,31,6,space,0.7045517,None,100,1,[2.002132600056939],[2.002142900018953],6,31,247,34,2128.326889,,2128.31194,2128.326889,2129.326479,2129.326479,2129.326479,2130.043061,space,0.7045517,None,2130.045616,2130.458821,2130.77188,2130.755154,2130.756643,2130.77188,2130.77188,2130.77188,2132.774387,100,1,[2.002132600056939],[2.002142900018953],1,1,2025-11-13_08h52.50.286,Intentional Binding Main File,2024.2.4,60.03936184,2025-11-13 08h53.04.053301 +0530
0.7,1000,exp,248,32,6,space,1.634051,None,200,1,[1.756349500035867],[1.7563594999955967],6,32,248,32,2132.789982,,2132.774697,2132.789982,2133.788902,2133.788902,2133.788902,2135.438334,space,1.634051,None,2135.441096,2136.153731,2136.462496,2136.437081,2136.43786,2136.462496,2136.462496,2136.462496,2138.219198,200,1,[1.756349500035867],[1.7563594999955967],1,1,2025-11-13_08h52.50.286,Intentional Binding Main File,2024.2.4,60.03936184,2025-11-13 08h53.04.053301 +0530
0.4,1000,exp,249,33,6,space,0.5292413,None,200,1,[2.692246799939312],[2.692256600013934],6,33,249,25,2138.235151,,2138.219472,2138.235151,2139.234422,2139.234422,2139.234422,2139.767717,space,0.5292413,None,2139.770323,2140.183538,2140.45602,2140.43867,2140.439411,2140.45602,2140.45602,2140.45602,2143.148656,200,1,[2.692246799939312],[2.692256600013934],1,1,2025-11-13_08h52.50.286,Intentional Binding Main File,2024.2.4,60.03936184,2025-11-13 08h53.04.053301 +0530
0.4,1000,exp,250,34,6,space,0.1031481,None,200,1,[1.8658970999531448],[1.8659112000605091],6,34,250,10,2143.16405,,2143.14892,2143.16405,2144.162902,2144.162902,2144.179481,2144.279767,space,0.1031481,None,2144.280495,2144.678989,2144.945843,2144.929065,2144.929463,2144.945843,2144.945843,2144.945843,2146.812229,200,1,[1.8658970999531448],[1.8659112000605091],1,1,2025-11-13_08h52.50.286,Intentional Binding Main File,2024.2.4,60.03936184,2025-11-13 08h53.04.053301 +0530
0.7,400,unexp,251,35,6,space,0.3222581,None,300,1,[1.8118974000681192],[1.8119083000347018],6,35,251,2,2146.827277,,2146.812665,2146.827277,2147.826927,2147.826927,2147.826927,2148.159846,space,0.3222581,None,2148.161025,2148.859367,2149.181318,2149.16518,2149.166192,2149.181318,2149.181318,2149.181318,2150.993573,300,1,[1.8118974000681192],[1.8119083000347018],1,1,2025-11-13_08h52.50.286,Intentional Binding Main File,2024.2.4,60.03936184,2025-11-13 08h53.04.053301 +0530
0.1,1000,exp,252,0,7,space,0.2349301,None,200,1,[2.168154799961485],[2.168165099923499],7,0,252,12,2151.007501,,2150.993889,2151.007501,2152.00662,2152.00662,2152.00662,2152.256701,space,0.2349301,None,2152.259188,2152.35628,2152.686882,2152.670295,2152.671493,2152.686882,2152.686882,2152.686882,2154.855411,200,1,[2.168154799961485],[2.168165099923499],1,1,2025-11-13_08h52.50.286,Intentional Binding Main File,2024.2.4,60.03936184,2025-11-13 08h53.04.053301 +0530
0.4,1000,exp,253,1,7,space,1.2469187,None,300,1,[2.19332870002836],[2.1933393999934196],7,1,253,34,2154.870716,,2154.855721,2154.870716,2155.869849,2155.869849,2155.869849,2157.119573,space,1.2469187,None,2157.122065,2157.535098,2157.857707,2157.833735,2157.834699,2157.857707,2157.857707,2157.857707,2160.051408,300,1,[2.19332870002836],[2.1933393999934196],1,1,2025-11-13_08h52.50.286,Intentional Binding Main File,2024.2.4,60.03936184,2025-11-13 08h53.04.053301 +0530
0.1,1000,exp,254,2,7,space,0.4946802,None,100,1,[1.7775492999935523],[1.7775591999525204],7,2,254,21,2160.066165,,2160.051692,2160.066165,2161.065392,2161.065392,2161.065392,2161.564745,space,0.4946802,None,2161.565482,2161.664216,2161.953178,2161.93151,2161.932292,2161.953178,2161.953178,2161.953178,2163.731095,100,1,[1.7775492999935523],[1.7775591999525204],1,1,2025-11-13_08h52.50.286,Intentional Binding Main File,2024.2.4,60.03936184,2025-11-13 08h53.04.053301 +0530
0.7,1000,exp,255,3,7,space,0.306504,None,250,1,[2.425870699924417],[2.4258809000020847],7,3,255,26,2163.745919,,2163.731406,2163.745919,2164.74527,2164.74527,2164.74527,2165.062507,space,0.306504,None,2165.064975,2165.777979,2166.116655,2166.092626,2166.093827,2166.116655,2166.116655,2166.116655,2168.542908,250,1,[2.425870699924417],[2.4258809000020847],1,1,2025-11-13_08h52.50.286,Intentional Binding Main File,2024.2.4,60.03936184,2025-11-13 08h53.04.053301 +0530
0.7,1000,exp,256,4,7,space,0.3868107,None,400,1,[2.476876699947752],[2.4768870000261813],7,4,256,14,2168.558267,,2168.543231,2168.558267,2169.55769,2169.55769,2169.55769,2169.958292,space,0.3868107,None,2169.960891,2170.673659,2170.961678,2170.940119,2170.940881,2170.961678,2170.961678,2170.961678,2173.438912,400,1,[2.476876699947752],[2.4768870000261813],1,1,2025-11-13_08h52.50.286,Intentional Binding Main File,2024.2.4,60.03936184,2025-11-13 08h53.04.053301 +0530
0.1,1000,exp,257,5,7,space,0.4755158,None,200,1,[2.4181566999759525],[2.4181667000520974],7,5,257,30,2173.45451,,2173.439185,2173.45451,2174.453736,2174.453736,2174.470329,2174.937405,space,0.4755158,None,2174.939899,2175.036528,2175.350067,2175.33342,2175.334704,2175.350067,2175.350067,2175.350067,2177.768599,200,1,[2.4181566999759525],[2.4181667000520974],1,1,2025-11-13_08h52.50.286,Intentional Binding Main File,2024.2.4,60.03936184,2025-11-13 08h53.04.053301 +0530
0.4,1000,exp,258,6,7,space,0.9069452,None,200,1,[4.527251500054263],[4.5272618000162765],7,6,258,19,2177.78385,,2177.768861,2177.78385,2178.783291,2178.783291,2178.783291,2179.699823,space,0.9069452,None,2179.702295,2180.115409,2180.434639,2180.410276,2180.411258,2180.434639,2180.434639,2180.434639,2184.962262,200,1,[4.527251500054263],[4.5272618000162765],1,1,2025-11-13_08h52.50.286,Intentional Binding Main File,2024.2.4,60.03936184,2025-11-13 08h53.04.053301 +0530
0.7,400,unexp,259,7,7,space,0.2651891,None,400,1,[3.8720276000676677],[3.872038400033489],7,7,259,5,2184.977846,,2184.962599,2184.977846,2185.977039,2185.977039,2185.977039,2186.244161,space,0.2651891,None,2186.24683,2186.959297,2187.267794,2187.252001,2187.253083,2187.267794,2187.267794,2187.267794,2191.140211,400,1,[3.8720276000676677],[3.872038400033489],1,1,2025-11-13_08h52.50.286,Intentional Binding Main File,2024.2.4,60.03936184,2025-11-13 08h53.04.053301 +0530
0.7,1000,exp,260,8,7,space,0.0935216,None,200,1,[1.8411372000118718],[1.841147500090301],7,8,260,32,2191.155766,,2191.140538,2191.155766,2192.154436,2192.154436,2192.170986,2192.254667,space,0.0935216,None,2192.256255,2192.954246,2193.280292,2193.258321,2193.259272,2193.280292,2193.280292,2193.280292,2195.121797,200,1,[1.8411372000118718],[1.841147500090301],1,1,2025-11-13_08h52.50.286,Intentional Binding Main File,2024.2.4,60.03936184,2025-11-13 08h53.04.053301 +0530
0.4,1000,exp,261,9,7,space,0.2597719,None,200,1,[1.4079488000134006],[1.4079590000910684],7,9,261,25,2195.135634,,2195.122077,2195.135634,2196.1347,2196.1347,2196.151257,2196.402072,space,0.2597719,None,2196.40516,2196.817507,2197.142085,2197.120935,2197.121669,2197.142085,2197.142085,2197.142085,2198.550416,200,1,[1.4079488000134006],[1.4079590000910684],1,1,2025-11-13_08h52.50.286,Intentional Binding Main File,2024.2.4,60.03936184,2025-11-13 08h53.04.053301 +0530
0.4,400,unexp,262,10,7,space,0.4155937,None,300,1,[1.889914199942723],[1.8899248000234365],7,10,262,1,2198.566023,,2198.550734,2198.566023,2199.564982,2199.564982,2199.564982,2199.981901,space,0.4155937,None,2199.984621,2200.381156,2200.689882,2200.667192,2200.66823,2200.689882,2200.689882,2200.689882,2202.580194,300,1,[1.889914199942723],[1.8899248000234365],1,1,2025-11-13_08h52.50.286,Intentional Binding Main File,2024.2.4,60.03936184,2025-11-13 08h53.04.053301 +0530
0.4,1000,exp,263,11,7,space,0.2509052,None,300,1,[3.5514697999460623],[3.5514796999050304],7,11,263,22,2202.595593,,2202.5805,2202.595593,2203.594689,2203.594689,2203.594689,2203.862062,space,0.2509052,None,2203.864306,2204.27725,2204.62354,2204.600296,2204.601459,2204.62354,2204.62354,2204.62354,2208.175402,300,1,[3.5514697999460623],[3.5514796999050304],1,1,2025-11-13_08h52.50.286,Intentional Binding Main File,2024.2.4,60.03936184,2025-11-13 08h53.04.053301 +0530
0.4,1000,exp,264,12,7,space,0.2475007,None,400,1,[1.5908762000035495],[1.5908862999640405],7,12,264,13,2208.191007,,2208.175709,2208.191007,2209.190225,2209.190225,2209.206838,2209.440548,space,0.2475007,None,2209.443009,2209.856188,2210.197783,2210.173376,2210.174518,2210.197783,2210.197783,2210.197783,2211.789014,400,1,[1.5908762000035495],[1.5908862999640405],1,1,2025-11-13_08h52.50.286,Intentional Binding Main File,2024.2.4,60.03936184,2025-11-13 08h53.04.053301 +0530
0.1,1000,exp,265,13,7,space,16.0539603,None,200,1,[3.231056799995713],[3.231065999949351],7,13,265,24,2211.804277,,2211.789294,2211.804277,2212.803638,2212.803638,2212.803638,2228.873785,space,16.0539603,None,2228.876515,2228.972919,2229.289819,2229.276452,2229.276861,2229.289819,2229.289819,2229.289819,2232.521261,200,1,[3.231056799995713],[3.231065999949351],1,1,2025-11-13_08h52.50.286,Intentional Binding Main File,2024.2.4,60.03936184,2025-11-13 08h53.04.053301 +0530
0.4,1000,exp,266,14,7,space,0.2320494,None,200,1,[1.2972957000602037],[1.2973065000260249],7,14,266,31,2232.536403,,2232.521521,2232.536403,2233.535643,2233.535643,2233.552308,2233.769311,space,0.2320494,None,2233.771736,2234.184577,2234.453276,2234.43852,2234.438906,2234.453276,2234.453276,2234.453276,2235.750937,200,1,[1.2972957000602037],[1.2973065000260249],1,1,2025-11-13_08h52.50.286,Intentional Binding Main File,2024.2.4,60.03936184,2025-11-13 08h53.04.053301 +0530
0.1,1000,exp,267,15,7,space,0.3484861,None,100,1,[1.5399831000249833],[1.5399931999854743],7,15,267,15,2235.766838,,2235.75128,2235.766838,2236.766186,2236.766186,2236.766186,2237.116528,space,0.3484861,None,2237.118641,2237.232386,2237.541763,2237.515517,2237.516277,2237.541763,2237.541763,2237.541763,2239.082154,100,1,[1.5399831000249833],[1.5399931999854743],1,1,2025-11-13_08h52.50.286,Intentional Binding Main File,2024.2.4,60.03936184,2025-11-13 08h53.04.053301 +0530
0.4,400,unexp,268,16,7,space,0.2974709,None,200,1,[3.5529666000511497],[3.5529829000588506],7,16,268,4,2239.097371,,2239.082462,2239.097371,2240.096666,2240.096666,2240.096666,2240.397133,space,0.2974709,None,2240.399707,2240.812593,2241.124506,2241.101389,2241.102453,2241.124506,2241.124506,2241.124506,2244.678005,200,1,[3.5529666000511497],[3.5529829000588506],1,1,2025-11-13_08h52.50.286,Intentional Binding Main File,2024.2.4,60.03936184,2025-11-13 08h53.04.053301 +0530
0.7,400,unexp,269,17,7,space,1.8695394,None,400,1,[1.4265576999168843],[1.4265685999998823],7,17,269,2,2244.692567,,2244.678431,2244.692567,2245.691846,2245.691846,2245.708369,2247.573942,space,1.8695394,None,2247.576612,2248.289087,2248.63084,2248.60259,2248.60406,2248.63084,2248.63084,2248.63084,2250.057756,400,1,[1.4265576999168843],[1.4265685999998823],1,1,2025-11-13_08h52.50.286,Intentional Binding Main File,2024.2.4,60.03936184,2025-11-13 08h53.04.053301 +0530
0.7,1000,exp,270,18,7,space,0.2884222,None,500,1,[2.1759673000779003],[2.1759776000399143],7,18,270,20,2250.071124,,2250.058035,2250.071124,2251.070363,2251.070363,2251.070363,2251.370625,space,0.2884222,None,2251.373337,2252.085897,2252.375675,2252.353804,2252.354562,2252.375675,2252.375675,2252.375675,2254.551996,500,1,[2.1759673000779003],[2.1759776000399143],1,1,2025-11-13_08h52.50.286,Intentional Binding Main File,2024.2.4,60.03936184,2025-11-13 08h53.04.053301 +0530
0.7,1000,exp,271,19,7,space,1.1701683,None,300,1,[2.0592248999746516],[2.059234800050035],7,19,271,23,2254.567222,,2254.552258,2254.567222,2255.565969,2255.565969,2255.565969,2256.749128,space,1.1701683,None,2256.75157,2257.464475,2257.787725,2257.766656,2257.767847,2257.787725,2257.787725,2257.787725,2259.847327,300,1,[2.0592248999746516],[2.059234800050035],1,1,2025-11-13_08h52.50.286,Intentional Binding Main File,2024.2.4,60.03936184,2025-11-13 08h53.04.053301 +0530
0.1,400,unexp,272,20,7,space,0.3511879,None,100,1,[1.3002901000436395],[1.3002996001159772],7,20,272,0,2259.862578,,2259.847633,2259.862578,2260.861901,2260.861901,2260.861901,2261.228597,space,0.3511879,None,2261.231049,2261.328059,2261.643796,2261.621919,2261.622688,2261.643796,2261.643796,2261.643796,2262.94446,100,1,[1.3002901000436395],[1.3002996001159772],1,1,2025-11-13_08h52.50.286,Intentional Binding Main File,2024.2.4,60.03936184,2025-11-13 08h53.04.053301 +0530
0.1,1000,exp,273,21,7,space,0.2396677,None,100,1,[1.4446416000137106],[1.4446515999734402],7,21,273,9,2262.959947,,2262.94472,2262.959947,2263.958621,2263.958621,2263.975215,2264.209684,space,0.2396677,None,2264.212291,2264.325506,2264.630053,2264.615555,2264.61595,2264.630053,2264.630053,2264.630053,2266.075066,100,1,[1.4446416000137106],[1.4446515999734402],1,1,2025-11-13_08h52.50.286,Intentional Binding Main File,2024.2.4,60.03936184,2025-11-13 08h53.04.053301 +0530
0.1,1000,exp,274,22,7,space,0.328539,None,100,1,[1.1837176999542862],[1.183727900031954],7,22,274,33,2266.09051,,2266.075372,2266.09051,2267.089514,2267.089514,2267.089514,2267.423376,space,0.328539,None,2267.425856,2267.522599,2267.854583,2267.829344,2267.830384,2267.854583,2267.854583,2267.854583,2269.038667,100,1,[1.1837176999542862],[1.183727900031954],1,1,2025-11-13_08h52.50.286,Intentional Binding Main File,2024.2.4,60.03936184,2025-11-13 08h53.04.053301 +0530
0.4,1000,exp,275,23,7,space,0.2761042,None,100,1,[1.1448813000461087],[1.1448912000050768],7,23,275,16,2269.054199,,2269.038948,2269.054199,2270.053664,2270.053664,2270.053664,2270.337522,space,0.2761042,None,2270.340006,2270.753199,2271.041554,2271.020129,2271.020877,2271.041554,2271.041554,2271.041554,2272.186814,100,1,[1.1448813000461087],[1.1448912000050768],1,1,2025-11-13_08h52.50.286,Intentional Binding Main File,2024.2.4,60.03936184,2025-11-13 08h53.04.053301 +0530
0.1,1000,exp,276,24,7,space,0.3002592,None,100,1,[1.356089000008069],[1.3561002999776974],7,24,276,27,2272.201885,,2272.187123,2272.201885,2273.200983,2273.200983,2273.217719,2273.518153,space,0.3002592,None,2273.519768,2273.617574,2273.943707,2273.920628,2273.921336,2273.943707,2273.943707,2273.943707,2275.30019,100,1,[1.356089000008069],[1.3561002999776974],1,1,2025-11-13_08h52.50.286,Intentional Binding Main File,2024.2.4,60.03936184,2025-11-13 08h53.04.053301 +0530
0.7,1000,exp,277,25,7,space,0.2908536,None,300,1,[3.3925755999516696],[3.392585700028576],7,25,277,35,2275.315398,,2275.300451,2275.315398,2276.314507,2276.314507,2276.314507,2276.615078,space,0.2908536,None,2276.616539,2277.330476,2277.635615,2277.621717,2277.622417,2277.635615,2277.635615,2277.635615,2281.0286,300,1,[3.3925755999516696],[3.392585700028576],1,1,2025-11-13_08h52.50.286,Intentional Binding Main File,2024.2.4,60.03936184,2025-11-13 08h53.04.053301 +0530
0.7,1000,exp,278,26,7,space,0.319301,None,400,1,[1.5740855999756604],[1.5740958000533283],7,26,278,17,2281.044178,,2281.028909,2281.044178,2282.043481,2282.043481,2282.043481,2282.377191,space,0.319301,None,2282.378946,2283.092448,2283.383878,2283.361934,2283.36275,2283.383878,2283.383878,2283.383878,2284.95835,400,1,[1.5740855999756604],[1.5740958000533283],1,1,2025-11-13_08h52.50.286,Intentional Binding Main File,2024.2.4,60.03936184,2025-11-13 08h53.04.053301 +0530
0.7,1000,exp,279,27,7,space,0.3306138,None,500,1,[3.1027899999171495],[3.1028003999963403],7,27,279,11,2284.974117,,2284.958702,2284.974117,2285.973417,2285.973417,2285.973417,2286.307327,space,0.3306138,None,2286.308987,2287.022462,2287.350574,2287.335238,2287.336595,2287.350574,2287.350574,2287.350574,2290.453737,500,1,[3.1027899999171495],[3.1028003999963403],1,1,2025-11-13_08h52.50.286,Intentional Binding Main File,2024.2.4,60.03936184,2025-11-13 08h53.04.053301 +0530
0.4,1000,exp,280,28,7,space,0.4641001,None,300,1,[2.913160400115885],[2.9131706000771374],7,28,280,10,2290.468904,,2290.454009,2290.468904,2291.468556,2291.468556,2291.468556,2291.935312,space,0.4641001,None,2291.937698,2292.351054,2292.635615,2292.617698,2292.618194,2292.635615,2292.635615,2292.635615,2295.549146,300,1,[2.913160400115885],[2.9131706000771374],1,1,2025-11-13_08h52.50.286,Intentional Binding Main File,2024.2.4,60.03936184,2025-11-13 08h53.04.053301 +0530
0.1,400,unexp,281,29,7,space,0.4528601,None,300,1,[3.7737224999582395],[3.7737321000313386],7,29,281,6,2295.564866,,2295.549459,2295.564866,2296.564164,2296.564164,2296.564164,2297.030906,space,0.4528601,None,2297.033359,2297.130282,2297.453729,2297.431253,2297.43198,2297.453729,2297.453729,2297.453729,2301.227812,300,1,[3.7737224999582395],[3.7737321000313386],1,1,2025-11-13_08h52.50.286,Intentional Binding Main File,2024.2.4,60.03936184,2025-11-13 08h53.04.053301 +0530
0.7,1000,exp,282,30,7,space,0.2107113,None,400,1,[2.687621199991554],[2.6876316000707448],7,30,282,29,2301.24313,,2301.228073,2301.24313,2302.242536,2302.242536,2302.242536,2302.459648,space,0.2107113,None,2302.462272,2303.174998,2303.451941,2303.428187,2303.428983,2303.451941,2303.451941,2303.451941,2306.139947,400,1,[2.687621199991554],[2.6876316000707448],1,1,2025-11-13_08h52.50.286,Intentional Binding Main File,2024.2.4,60.03936184,2025-11-13 08h53.04.053301 +0530
0.1,400,unexp,283,31,7,space,0.2594815,None,200,1,[1.8995699000079185],[1.899581199977547],7,31,283,3,2306.155634,,2306.140305,2306.155634,2307.154871,2307.154871,2307.154871,2307.421584,space,0.2594815,None,2307.42402,2307.521212,2307.853797,2307.835305,2307.836185,2307.853797,2307.853797,2307.853797,2309.753745,200,1,[1.8995699000079185],[1.899581199977547],1,1,2025-11-13_08h52.50.286,Intentional Binding Main File,2024.2.4,60.03936184,2025-11-13 08h53.04.053301 +0530
0.7,400,unexp,284,32,7,space,0.3449278,None,200,1,[2.6550628000404686],[2.655072800000198],7,32,284,8,2309.769137,,2309.754057,2309.769137,2310.768425,2310.768425,2310.785073,2311.118648,space,0.3449278,None,2311.121113,2311.834241,2312.143471,2312.121348,2312.122122,2312.143471,2312.143471,2312.143471,2314.7989,200,1,[2.6550628000404686],[2.655072800000198],1,1,2025-11-13_08h52.50.286,Intentional Binding Main File,2024.2.4,60.03936184,2025-11-13 08h53.04.053301 +0530
0.1,1000,exp,285,33,7,space,0.417311,None,100,1,[2.010684799985029],[2.0106958000687882],7,33,285,18,2314.814508,,2314.799192,2314.814508,2315.814003,2315.814003,2315.814003,2316.247283,space,0.417311,None,2316.248756,2316.346419,2316.68667,2316.668824,2316.669821,2316.68667,2316.68667,2316.68667,2318.697718,100,1,[2.010684799985029],[2.0106958000687882],1,1,2025-11-13_08h52.50.286,Intentional Binding Main File,2024.2.4,60.03936184,2025-11-13 08h53.04.053301 +0530
0.4,400,unexp,286,34,7,space,0.2687321,None,200,1,[1.8578230999410152],[1.8578325000125915],7,34,286,7,2318.710965,,2318.697989,2318.710965,2319.710666,2319.710666,2319.710666,2319.99432,space,0.2687321,None,2319.996788,2320.409869,2320.717882,2320.695042,2320.695805,2320.717882,2320.717882,2320.717882,2322.576055,200,1,[1.8578230999410152],[1.8578325000125915],1,1,2025-11-13_08h52.50.286,Intentional Binding Main File,2024.2.4,60.03936184,2025-11-13 08h53.04.053301 +0530
0.4,1000,exp,287,35,7,space,0.2703927,None,200,1,[2.0067543000914156],[2.006764900055714],7,35,287,28,2322.591359,,2322.576318,2322.591359,2323.59022,2323.59022,2323.59022,2323.87449,space,0.2703927,None,2323.876363,2324.290016,2324.616205,2324.597199,2324.598023,2324.616205,2324.616205,2324.616205,2326.62333,200,1,[2.0067543000914156],[2.006764900055714],1,1,2025-11-13_08h52.50.286,Intentional Binding Main File,2024.2.4,60.03936184,2025-11-13 08h53.04.053301 +0530
0.7,1000,exp,288,0,8,space,0.1638094,None,300,1,[2.194311400060542],[2.194321700022556],8,0,288,29,2326.637829,,2326.623614,2326.637829,2327.637062,2327.637062,2327.637062,2327.803941,space,0.1638094,None,2327.806417,2328.519623,2328.857031,2328.831577,2328.832647,2328.857031,2328.857031,2328.857031,2331.051718,300,1,[2.194311400060542],[2.194321700022556],1,1,2025-11-13_08h52.50.286,Intentional Binding Main File,2024.2.4,60.03936184,2025-11-13 08h53.04.053301 +0530
0.4,400,unexp,289,1,8,space,0.6450515,None,200,1,[2.5317084999987856],[2.531717999954708],8,1,289,4,2331.067057,,2331.052038,2331.067057,2332.066513,2332.066513,2332.066513,2332.716789,space,0.6450515,None,2332.719533,2333.132148,2333.448528,2333.425167,2333.425951,2333.448528,2333.448528,2333.448528,2335.980605,200,1,[2.5317084999987856],[2.531717999954708],1,1,2025-11-13_08h52.50.286,Intentional Binding Main File,2024.2.4,60.03936184,2025-11-13 08h53.04.053301 +0530
0.4,400,unexp,290,2,8,space,0.3502536,None,100,1,[1.4807905999477953],[1.4807999999029562],8,2,290,1,2335.995797,,2335.980923,2335.995797,2336.995193,2336.995193,2336.995193,2337.362442,space,0.3502536,None,2337.364915,2337.761548,2338.030159,2338.011693,2338.012385,2338.030159,2338.030159,2338.030159,2339.511317,100,1,[1.4807905999477953],[1.4807999999029562],1,1,2025-11-13_08h52.50.286,Intentional Binding Main File,2024.2.4,60.03936184,2025-11-13 08h53.04.053301 +0530
0.7,400,unexp,291,3,8,space,0.2365401,None,400,1,[1.2744940998964012],[1.2745111999101937],8,3,291,8,2339.52667,,2339.511577,2339.52667,2340.525866,2340.525866,2340.525866,2340.776282,space,0.2365401,None,2340.778761,2341.491639,2341.800729,2341.778066,2341.77887,2341.800729,2341.800729,2341.800729,2343.075854,400,1,[1.2744940998964012],[1.2745111999101937],1,1,2025-11-13_08h52.50.286,Intentional Binding Main File,2024.2.4,60.03936184,2025-11-13 08h53.04.053301 +0530
0.1,400,unexp,292,4,8,space,0.2504425,None,100,1,[1.4121569999260828],[1.412167300004512],8,4,292,0,2343.089825,,2343.076384,2343.089825,2344.089378,2344.089378,2344.089378,2344.356377,space,0.2504425,None,2344.358385,2344.472007,2344.792489,2344.769242,2344.770085,2344.792489,2344.792489,2344.792489,2346.205017,100,1,[1.4121569999260828],[1.412167300004512],1,1,2025-11-13_08h52.50.286,Intentional Binding Main File,2024.2.4,60.03936184,2025-11-13 08h53.04.053301 +0530
0.7,400,unexp,293,5,8,space,0.271268,None,300,1,[2.1199095000047237],[2.119919399963692],8,5,293,5,2346.220681,,2346.205348,2346.220681,2347.219645,2347.219645,2347.219645,2347.503806,space,0.271268,None,2347.50648,2348.21875,2348.531006,2348.508749,2348.509845,2348.531006,2348.531006,2348.531006,2350.651311,300,1,[2.1199095000047237],[2.119919399963692],1,1,2025-11-13_08h52.50.286,Intentional Binding Main File,2024.2.4,60.03936184,2025-11-13 08h53.04.053301 +0530
0.7,1000,exp,294,6,8,space,0.1984267,None,400,1,[1.8949956999858841],[1.8950056999456137],8,6,294,20,2350.666893,,2350.651618,2350.666893,2351.666113,2351.666113,2351.666113,2351.866626,space,0.1984267,None,2351.869267,2352.581612,2352.869277,2352.854804,2352.855186,2352.869277,2352.869277,2352.869277,2354.76466,400,1,[1.8949956999858841],[1.8950056999456137],1,1,2025-11-13_08h52.50.286,Intentional Binding Main File,2024.2.4,60.03936184,2025-11-13 08h53.04.053301 +0530
0.1,1000,exp,295,7,8,space,4.2947756,None,100,1,[2.207405299996026],[2.207415399956517],8,7,295,33,2354.779967,,2354.76497,2354.779967,2355.779256,2355.779256,2355.79549,2360.076437,space,4.2947756,None,2360.078716,2360.191645,2360.499446,2360.481466,2360.48259,2360.499446,2360.499446,2360.499446,2362.707218,100,1,[2.207405299996026],[2.207415399956517],1,1,2025-11-13_08h52.50.286,Intentional Binding Main File,2024.2.4,60.03936184,2025-11-13 08h53.04.053301 +0530
0.4,1000,exp,296,8,8,space,0.395857,None,300,1,[5.597288000048138],[5.597297800006345],8,8,296,31,2362.723048,,2362.707557,2362.723048,2363.722002,2363.722002,2363.722002,2364.122349,space,0.395857,None,2364.124806,2364.521515,2364.853589,2364.830107,2364.83109,2364.853589,2364.853589,2364.853589,2370.45125,300,1,[5.597288000048138],[5.597297800006345],1,1,2025-11-13_08h52.50.286,Intentional Binding Main File,2024.2.4,60.03936184,2025-11-13 08h53.04.053301 +0530
0.1,1000,exp,297,9,8,space,0.3594587,None,100,1,[1.4985625999979675],[1.498572999960743],8,9,297,21,2370.466519,,2370.451564,2370.466519,2371.465602,2371.465602,2371.465602,2371.832608,space,0.3594587,None,2371.83518,2371.948075,2372.282146,2372.257974,2372.259137,2372.282146,2372.282146,2372.282146,2373.781053,100,1,[1.4985625999979675],[1.498572999960743],1,1,2025-11-13_08h52.50.286,Intentional Binding Main File,2024.2.4,60.03936184,2025-11-13 08h53.04.053301 +0530
0.1,1000,exp,298,10,8,space,2.0067188,None,100,1,[1.4944628999801353],[1.4944731999421492],8,10,298,24,2373.796769,,2373.781342,2373.796769,2374.795981,2374.795981,2374.795981,2376.811553,space,2.0067188,None,2376.814033,2376.926989,2377.266881,2377.250522,2377.251612,2377.266881,2377.266881,2377.266881,2378.761701,100,1,[1.4944628999801353],[1.4944731999421492],1,1,2025-11-13_08h52.50.286,Intentional Binding Main File,2024.2.4,60.03936184,2025-11-13 08h53.04.053301 +0530
0.4,1000,exp,299,11,8,space,0.3358723,None,200,1,[1.4390975000569597],[1.4391071000136435],8,11,299,13,2378.775738,,2378.761998,2378.775738,2379.774896,2379.774896,2379.774896,2380.125397,space,0.3358723,None,2380.127881,2380.540933,2380.850939,2380.826292,2380.827324,2380.850939,2380.850939,2380.850939,2382.290432,200,1,[1.4390975000569597],[1.4391071000136435],1,1,2025-11-13_08h52.50.286,Intentional Binding Main File,2024.2.4,60.03936184,2025-11-13 08h53.04.053301 +0530
0.1,400,unexp,300,12,8,space,0.2698073,None,100,1,[1.5502351999748498],[1.5502527999924496],8,12,300,6,2382.306013,,2382.290737,2382.306013,2383.305384,2383.305384,2383.321882,2383.589046,space,0.2698073,None,2383.591965,2383.704615,2384.020756,2383.99998,2384.000803,2384.020756,2384.020756,2384.020756,2385.571356,100,1,[1.5502351999748498],[1.5502527999924496],1,1,2025-11-13_08h52.50.286,Intentional Binding Main File,2024.2.4,60.03936184,2025-11-13 08h53.04.053301 +0530
0.4,1000,exp,301,13,8,space,0.5141668,None,200,1,[2.966787999961525],[2.966798499925062],8,13,301,28,2385.586267,,2385.571627,2385.586267,2386.585742,2386.585742,2386.585742,2387.10268,space,0.5141668,None,2387.105184,2387.518241,2387.84955,2387.83257,2387.833722,2387.84955,2387.84955,2387.84955,2390.816749,200,1,[2.966787999961525],[2.966798499925062],1,1,2025-11-13_08h52.50.286,Intentional Binding Main File,2024.2.4,60.03936184,2025-11-13 08h53.04.053301 +0530
0.4,1000,exp,302,14,8,space,3.1657493,None,200,1,[1.977743300027214],[1.9777536001056433],8,14,302,19,2390.831893,,2390.817095,2390.831893,2391.831237,2391.831237,2391.831237,2395.012461,space,3.1657493,None,2395.015432,2395.428069,2395.78281,2395.757914,2395.759172,2395.78281,2395.78281,2395.78281,2397.76092,200,1,[1.977743300027214],[1.9777536001056433],1,1,2025-11-13_08h52.50.286,Intentional Binding Main File,2024.2.4,60.03936184,2025-11-13 08h53.04.053301 +0530
0.4,1000,exp,303,15,8,space,4.5784554,None,200,1,[5.651827499968931],[5.651836800039746],8,15,303,10,2397.77585,,2397.761225,2397.77585,2398.774555,2398.774555,2398.791357,2403.355193,space,4.5784554,None,2403.357747,2403.770853,2404.114737,2404.099567,2404.100827,2404.114737,2404.114737,2404.114737,2409.766924,200,1,[5.651827499968931],[5.651836800039746],1,1,2025-11-13_08h52.50.286,Intentional Binding Main File,2024.2.4,60.03936184,2025-11-13 08h53.04.053301 +0530
0.4,1000,exp,304,16,8,space,0.4602797,None,300,1,[2.040245599928312],[2.0402564000105485],8,16,304,16,2409.782095,,2409.767196,2409.782095,2410.781113,2410.781113,2410.797887,2411.24844,space,0.4602797,None,2411.250522,2411.663726,2411.955157,2411.932032,2411.93273,2411.955157,2411.955157,2411.955157,2413.995774,300,1,[2.040245599928312],[2.0402564000105485],1,1,2025-11-13_08h52.50.286,Intentional Binding Main File,2024.2.4,60.03936184,2025-11-13 08h53.04.053301 +0530
0.1,1000,exp,305,17,8,space,0.3231862,None,100,1,[1.7687530000694096],[1.7687628000276163],8,17,305,18,2414.011698,,2413.996129,2414.011698,2415.011028,2415.011028,2415.011028,2415.344682,space,0.3231862,None,2415.34723,2415.443903,2415.774274,2415.75851,2415.759594,2415.774274,2415.774274,2415.774274,2417.543424,100,1,[1.7687530000694096],[1.7687628000276163],1,1,2025-11-13_08h52.50.286,Intentional Binding Main File,2024.2.4,60.03936184,2025-11-13 08h53.04.053301 +0530
0.1,1000,exp,306,18,8,space,0.2585274,None,100,1,[1.5993726999731734],[1.5993824999313802],8,18,306,12,2417.55868,,2417.543727,2417.55868,2418.557358,2418.557358,2418.573915,2418.824247,space,0.2585274,None,2418.825604,2418.923612,2419.207566,2419.190953,2419.191702,2419.207566,2419.207566,2419.207566,2420.807294,100,1,[1.5993726999731734],[1.5993824999313802],1,1,2025-11-13_08h52.50.286,Intentional Binding Main File,2024.2.4,60.03936184,2025-11-13 08h53.04.053301 +0530
0.1,1000,exp,307,19,8,space,0.2599564,None,100,1,[0.9771414999850094],[0.9771510999416932],8,19,307,27,2420.822374,,2420.807566,2420.822374,2421.821819,2421.821819,2421.837978,2422.088736,space,0.2599564,None,2422.09137,2422.188006,2422.460669,2422.438301,2422.439064,2422.460669,2422.460669,2422.460669,2423.438193,100,1,[0.9771414999850094],[0.9771510999416932],1,1,2025-11-13_08h52.50.286,Intentional Binding Main File,2024.2.4,60.03936184,2025-11-13 08h53.04.053301 +0530
0.7,400,unexp,308,20,8,space,0.2964229,None,400,1,[3.204299700097181],[3.2043168999953195],8,20,308,2,2423.453491,,2423.438526,2423.453491,2424.45278,2424.45278,2424.45278,2424.752758,space,0.2964229,None,2424.755186,2425.468497,2425.79508,2425.771592,2425.772349,2425.79508,2425.79508,2425.79508,2429.000001,400,1,[3.204299700097181],[3.2043168999953195],1,1,2025-11-13_08h52.50.286,Intentional Binding Main File,2024.2.4,60.03936184,2025-11-13 08h53.04.053301 +0530
0.1,1000,exp,309,21,8,space,0.2774201,None,100,1,[1.8428505000192672],[1.842860099975951],8,21,309,15,2429.015427,,2429.000552,2429.015427,2430.014543,2430.014543,2430.014543,2430.298289,space,0.2774201,None,2430.300711,2430.397476,2430.703849,2430.688514,2430.689202,2430.703849,2430.703849,2430.703849,2432.547073,100,1,[1.8428505000192672],[1.842860099975951],1,1,2025-11-13_08h52.50.286,Intentional Binding Main File,2024.2.4,60.03936184,2025-11-13 08h53.04.053301 +0530
0.4,1000,exp,310,22,8,space,0.4490523,None,200,1,[2.4341014000819996],[2.4341185999801382],8,22,310,25,2432.562236,,2432.547382,2432.562236,2433.560953,2433.560953,2433.577877,2434.011486,space,0.4490523,None,2434.013966,2434.410632,2434.710826,2434.694791,2434.69519,2434.710826,2434.710826,2434.710826,2437.145479,200,1,[2.4341014000819996],[2.4341185999801382],1,1,2025-11-13_08h52.50.286,Intentional Binding Main File,2024.2.4,60.03936184,2025-11-13 08h53.04.053301 +0530
0.4,400,unexp,311,23,8,space,0.2480863,None,200,1,[2.016879400005564],[2.0168913999805227],8,23,311,7,2437.14939,,2437.145946,2437.14939,2438.156913,2438.156913,2438.156913,2438.407256,space,0.2480863,None,2438.409189,2438.822918,2439.155405,2439.118386,2439.119021,2439.155405,2439.155405,2439.155405,2441.172722,200,1,[2.016879400005564],[2.0168913999805227],1,1,2025-11-13_08h52.50.286,Intentional Binding Main File,2024.2.4,60.03936184,2025-11-13 08h53.04.053301 +0530
0.4,1000,exp,312,24,8,space,1.1873246,None,300,1,[2.955374600016512],[2.9553901000181213],8,24,312,34,2441.187643,,2441.173041,2441.187643,2442.186701,2442.186701,2442.186701,2443.386195,space,1.1873246,None,2443.387939,2443.801901,2444.112109,2444.093599,2444.094287,2444.112109,2444.112109,2444.112109,2447.067995,300,1,[2.955374600016512],[2.9553901000181213],1,1,2025-11-13_08h52.50.286,Intentional Binding Main File,2024.2.4,60.03936184,2025-11-13 08h53.04.053301 +0530
0.7,1000,exp,313,25,8,space,12.7168119,None,400,1,[4.973308600019664],[4.97332530003041],8,25,313,11,2447.082405,,2447.068398,2447.082405,2448.081529,2448.081529,2448.081529,2460.805198,space,12.7168119,None,2460.807946,2461.520477,2461.843123,2461.823572,2461.824651,2461.843123,2461.843123,2461.843123,2466.816991,400,1,[4.973308600019664],[4.97332530003041],1,1,2025-11-13_08h52.50.286,Intentional Binding Main File,2024.2.4,60.03936184,2025-11-13 08h53.04.053301 +0530
0.1,400,unexp,314,26,8,space,0.2818755,None,100,1,[2.636136499932036],[2.6361464998917654],8,26,314,3,2466.832455,,2466.817453,2466.832455,2467.831363,2467.831363,2467.848167,2468.114899,space,0.2818755,None,2468.116352,2468.214007,2468.526828,2468.509313,2468.509922,2468.526828,2468.526828,2468.526828,2471.163367,100,1,[2.636136499932036],[2.6361464998917654],1,1,2025-11-13_08h52.50.286,Intentional Binding Main File,2024.2.4,60.03936184,2025-11-13 08h53.04.053301 +0530
0.7,1000,exp,315,27,8,space,0.9934241,None,300,1,[3.763616199954413],[3.763626700034365],8,27,315,32,2471.178634,,2471.163688,2471.178634,2472.17788,2472.17788,2472.17788,2473.177595,space,0.9934241,None,2473.180107,2473.893007,2474.2099,2474.196562,2474.196964,2474.2099,2474.2099,2474.2099,2477.97395,300,1,[3.763616199954413],[3.763626700034365],1,1,2025-11-13_08h52.50.286,Intentional Binding Main File,2024.2.4,60.03936184,2025-11-13 08h53.04.053301 +0530
0.1,1000,exp,316,28,8,space,3.8508296,None,100,1,[2.63204170006793],[2.6320562000619248],8,28,316,30,2477.989102,,2477.974261,2477.989102,2478.988597,2478.988597,2478.988597,2482.852499,space,3.8508296,None,2482.855203,2482.951797,2483.268554,2483.253558,2483.254572,2483.268554,2483.268554,2483.268554,2485.901134,100,1,[2.63204170006793],[2.6320562000619248],1,1,2025-11-13_08h52.50.286,Intentional Binding Main File,2024.2.4,60.03936184,2025-11-13 08h53.04.053301 +0530
0.7,1000,exp,317,29,8,space,0.7974222,None,300,1,[2.274394700070843],[2.27440450002905],8,29,317,35,2485.915386,,2485.901572,2485.915386,2486.914912,2486.914912,2486.914912,2487.71516,space,0.7974222,None,2487.717919,2488.430141,2488.787377,2488.760595,2488.762625,2488.787377,2488.787377,2488.787377,2491.062119,300,1,[2.274394700070843],[2.27440450002905],1,1,2025-11-13_08h52.50.286,Intentional Binding Main File,2024.2.4,60.03936184,2025-11-13 08h53.04.053301 +0530
0.4,1000,exp,318,30,8,space,0.775986,None,200,1,[5.078971500042826],[5.078991299960762],8,30,318,22,2491.077958,,2491.062397,2491.077958,2492.077195,2492.077195,2492.077195,2492.859591,space,0.775986,None,2492.860318,2493.259076,2493.526782,2493.512041,2493.512431,2493.526782,2493.526782,2493.526782,2498.606415,200,1,[5.078971500042826],[5.078991299960762],1,1,2025-11-13_08h52.50.286,Intentional Binding Main File,2024.2.4,60.03936184,2025-11-13 08h53.04.053301 +0530
0.7,1000,exp,319,31,8,space,0.2733051,None,500,1,[1.7501479999627918],[1.7501580000389367],8,31,319,14,2498.62091,,2498.606828,2498.62091,2499.620382,2499.620382,2499.620382,2499.904652,space,0.2733051,None,2499.907404,2500.619359,2500.93512,2500.909514,2500.910591,2500.93512,2500.93512,2500.93512,2502.685636,500,1,[1.7501479999627918],[1.7501580000389367],1,1,2025-11-13_08h52.50.286,Intentional Binding Main File,2024.2.4,60.03936184,2025-11-13 08h53.04.053301 +0530
0.7,1000,exp,320,32,8,space,0.2989665,None,300,1,[3.240647300030105],[3.240657800110057],8,32,320,26,2502.701171,,2502.685948,2502.701171,2503.70039,2503.70039,2503.70039,2504.0008,space,0.2989665,None,2504.00403,2504.716192,2505.022776,2505.009373,2505.010133,2505.022776,2505.022776,2505.022776,2508.263773,300,1,[3.240647300030105],[3.240657800110057],1,1,2025-11-13_08h52.50.286,Intentional Binding Main File,2024.2.4,60.03936184,2025-11-13 08h53.04.053301 +0530
0.1,1000,exp,321,33,8,space,0.9826712,None,100,1,[2.9679699999978766],[2.9679800999583676],8,33,321,9,2508.279525,,2508.264054,2508.279525,2509.278762,2509.278762,2509.295475,2510.262318,space,0.9826712,None,2510.263878,2510.377908,2510.691034,2510.67565,2510.676746,2510.691034,2510.691034,2510.691034,2513.659368,100,1,[2.9679699999978766],[2.9679800999583676],1,1,2025-11-13_08h52.50.286,Intentional Binding Main File,2024.2.4,60.03936184,2025-11-13 08h53.04.053301 +0530
0.7,1000,exp,322,34,8,space,0.2686747,None,300,1,[6.666438800049946],[6.666449200012721],8,34,322,17,2513.674597,,2513.659645,2513.674597,2514.674211,2514.674211,2514.674211,2514.957821,space,0.2686747,None,2514.960322,2515.67329,2515.967948,2515.939775,2515.940468,2515.967948,2515.967948,2515.967948,2522.634866,300,1,[6.666438800049946],[6.666449200012721],1,1,2025-11-13_08h52.50.286,Intentional Binding Main File,2024.2.4,60.03936184,2025-11-13 08h53.04.053301 +0530
0.7,1000,exp,323,35,8,space,0.128985,None,200,1,[27.619288100046106],[27.619298800011165],8,35,323,23,2522.650328,,2522.635179,2522.650328,2523.649656,2523.649656,2523.649656,2523.783499,space,0.128985,None,2523.785753,2524.499084,2524.789789,2524.767418,2524.76817,2524.789789,2524.789789,2524.789789,2552.40948,200,1,[27.619288100046106],[27.619298800011165],1,1,2025-11-13_08h52.50.286,Intentional Binding Main File,2024.2.4,60.03936184,2025-11-13 08h53.04.053301 +0530
0.7,1000,exp,324,0,9,space,0.2644808,None,400,1,[1.7473039000760764],[1.7473142000380903],9,0,324,23,2552.424553,,2552.409802,2552.424553,2553.423652,2553.423652,2553.423652,2553.691035,space,0.2644808,None,2553.693495,2554.406236,2554.707892,2554.694524,2554.695241,2554.707892,2554.707892,2554.707892,2556.455572,400,1,[1.7473039000760764],[1.7473142000380903],1,1,2025-11-13_08h52.50.286,Intentional Binding Main File,2024.2.4,60.03936184,2025-11-13 08h53.04.053301 +0530
0.1,400,unexp,325,1,9,space,12.8658044,None,100,1,[1.648981900070794],[1.6489915000274777],9,1,325,0,2556.47103,,2556.455918,2556.47103,2557.470341,2557.470341,2557.486848,2570.343141,space,12.8658044,None,2570.34587,2570.458557,2570.775882,2570.758522,2570.759596,2570.775882,2570.775882,2570.775882,2572.425258,100,1,[1.648981900070794],[1.6489915000274777],1,1,2025-11-13_08h52.50.286,Intentional Binding Main File,2024.2.4,60.03936184,2025-11-13 08h53.04.053301 +0530
0.4,400,unexp,326,2,9,space,0.371128,None,200,1,[3.5080842000897974],[3.508094000048004],9,2,326,4,2572.44009,,2572.425567,2572.44009,2573.439757,2573.439757,2573.439757,2573.823021,space,0.371128,None,2573.825694,2574.222325,2574.528559,2574.51407,2574.514447,2574.528559,2574.528559,2574.528559,2578.037045,200,1,[3.5080842000897974],[3.508094000048004],1,1,2025-11-13_08h52.50.286,Intentional Binding Main File,2024.2.4,60.03936184,2025-11-13 08h53.04.053301 +0530
0.7,1000,exp,327,3,9,space,0.4501097,None,300,1,[2.4215911999344826],[2.421606299933046],9,3,327,32,2578.051874,,2578.037364,2578.051874,2579.051536,2579.051536,2579.051536,2579.518422,space,0.4501097,None,2579.521404,2580.233625,2580.543631,2580.516959,2580.517746,2580.543631,2580.543631,2580.543631,2582.965751,300,1,[2.4215911999344826],[2.421606299933046],1,1,2025-11-13_08h52.50.286,Intentional Binding Main File,2024.2.4,60.03936184,2025-11-13 08h53.04.053301 +0530
0.4,1000,exp,328,4,9,space,0.4779732,None,100,1,[22.391996399965137],[22.392006600042805],9,4,328,34,2582.98226,,2582.966187,2582.98226,2583.980218,2583.980218,2583.996907,2584.463985,space,0.4779732,None,2584.466809,2584.879751,2585.202481,2585.179587,2585.180625,2585.202481,2585.202481,2585.202481,2607.594857,100,1,[22.391996399965137],[22.392006600042805],1,1,2025-11-13_08h52.50.286,Intentional Binding Main File,2024.2.4,60.03936184,2025-11-13 08h53.04.053301 +0530
0.7,1000,exp,329,5,9,space,0.3738557,None,400,1,[1.2231281000422314],[1.2231386000057682],9,5,329,35,2607.609802,,2607.595175,2607.609802,2608.609025,2608.609025,2608.609025,2608.992837,space,0.3738557,None,2608.995273,2609.707668,2610.01791,2610.003586,2610.004347,2610.01791,2610.01791,2610.01791,2611.241402,400,1,[1.2231281000422314],[1.2231386000057682],1,1,2025-11-13_08h52.50.286,Intentional Binding Main File,2024.2.4,60.03936184,2025-11-13 08h53.04.053301 +0530
0.1,1000,exp,330,6,9,space,0.3090258,None,100,1,[5.894117199932225],[5.894127400009893],9,6,330,12,2611.256692,,2611.241688,2611.256692,2612.25569,2612.25569,2612.272432,2612.572804,space,0.3090258,None,2612.575501,2612.672265,2612.956379,2612.938798,2612.939241,2612.956379,2612.956379,2612.956379,2618.850858,100,1,[5.894117199932225],[5.894127400009893],1,1,2025-11-13_08h52.50.286,Intentional Binding Main File,2024.2.4,60.03936184,2025-11-13 08h53.04.053301 +0530
0.4,1000,exp,331,7,9,space,0.2551364,None,200,1,[3.074537199921906],[3.074548300006427],9,7,331,10,2618.866411,,2618.851138,2618.866411,2619.865799,2619.865799,2619.865799,2620.132944,space,0.2551364,None,2620.135335,2620.548575,2620.855162,2620.834007,2620.835186,2620.855162,2620.855162,2620.855162,2623.930068,200,1,[3.074537199921906],[3.074548300006427],1,1,2025-11-13_08h52.50.286,Intentional Binding Main File,2024.2.4,60.03936184,2025-11-13 08h53.04.053301 +0530
0.1,1000,exp,332,8,9,space,0.7825593,None,100,1,[1.547893499955535],[1.5479036000324413],9,8,332,9,2623.945376,,2623.930409,2623.945376,2624.944878,2624.944878,2624.944878,2625.728351,space,0.7825593,None,2625.729938,2625.843801,2626.195217,2626.169732,2626.170769,2626.195217,2626.195217,2626.195217,2627.743504,100,1,[1.547893499955535],[1.5479036000324413],1,1,2025-11-13_08h52.50.286,Intentional Binding Main File,2024.2.4,60.03936184,2025-11-13 08h53.04.053301 +0530
0.1,400,unexp,333,9,9,space,1.5510985,None,300,1,[10.183777899947017],[10.183787300018594],9,9,333,3,2627.758704,,2627.743769,2627.758704,2628.757877,2628.757877,2628.757877,2630.324462,space,1.5510985,None,2630.327288,2630.439678,2630.764728,2630.747124,2630.748246,2630.764728,2630.764728,2630.764728,2640.948857,300,1,[10.183777899947017],[10.183787300018594],1,1,2025-11-13_08h52.50.286,Intentional Binding Main File,2024.2.4,60.03936184,2025-11-13 08h53.04.053301 +0530
0.7,1000,exp,334,10,9,space,0.3218558,None,600,1,[4.334252999979071],[4.334263800061308],9,10,334,29,2640.96411,,2640.94912,2640.96411,2641.963391,2641.963391,2641.980013,2642.296838,space,0.3218558,None,2642.299539,2643.012285,2643.358004,2643.331837,2643.332896,2643.358004,2643.358004,2643.358004,2647.692647,600,1,[4.334252999979071],[4.334263800061308],1,1,2025-11-13_08h52.50.286,Intentional Binding Main File,2024.2.4,60.03936184,2025-11-13 08h53.04.053301 +0530
0.7,1000,exp,335,11,9,space,0.3490527,None,500,1,[1.3582208999432623],[1.358231300022453],9,11,335,20,2647.708214,,2647.692914,2647.708214,2648.707542,2648.707542,2648.707542,2649.057689,space,0.3490527,None,2649.060114,2649.773274,2650.114364,2650.091652,2650.092684,2650.114364,2650.114364,2650.114364,2651.472932,500,1,[1.3582208999432623],[1.358231300022453],1,1,2025-11-13_08h52.50.286,Intentional Binding Main File,2024.2.4,60.03936184,2025-11-13 08h53.04.053301 +0530
0.1,1000,exp,336,12,9,space,0.2886651,None,100,1,[1.5411185000557452],[1.5411396000999957],9,12,336,15,2651.488257,,2651.473193,2651.488257,2652.487558,2652.487558,2652.503875,2652.787616,space,0.2886651,None,2652.790131,2652.887144,2653.197107,2653.17484,2653.175781,2653.197107,2653.197107,2653.197107,2654.738898,100,1,[1.5411185000557452],[1.5411396000999957],1,1,2025-11-13_08h52.50.286,Intentional Binding Main File,2024.2.4,60.03936184,2025-11-13 08h53.04.053301 +0530
0.7,1000,exp,337,13,9,space,0.2731227,None,200,1,[2.6101465000538155],[2.610157100018114],9,13,337,26,2654.751826,,2654.739273,2654.751826,2655.751162,2655.751162,2655.751162,2656.035205,space,0.2731227,None,2656.037928,2656.750473,2657.040389,2657.017161,2657.018009,2657.040389,2657.040389,2657.040389,2659.650907,200,1,[2.6101465000538155],[2.610157100018114],1,1,2025-11-13_08h52.50.286,Intentional Binding Main File,2024.2.4,60.03936184,2025-11-13 08h53.04.053301 +0530
0.1,1000,exp,338,14,9,space,0.3400602,None,100,1,[1.9450114000355825],[1.945020699989982],9,14,338,33,2659.664532,,2659.65118,2659.664532,2660.663759,2660.663759,2660.663759,2661.013939,space,0.3400602,None,2661.016459,2661.113114,2661.434012,2661.408693,2661.409631,2661.434012,2661.434012,2661.434012,2663.379404,100,1,[1.9450114000355825],[1.945020699989982],1,1,2025-11-13_08h52.50.286,Intentional Binding Main File,2024.2.4,60.03936184,2025-11-13 08h53.04.053301 +0530
0.1,1000,exp,339,15,9,space,0.3388227,None,100,1,[1.3517788000172004],[1.3517892999807373],9,15,339,18,2663.394506,,2663.379666,2663.394506,2664.393842,2664.393842,2664.393842,2664.743956,space,0.3388227,None,2664.746469,2664.859731,2665.190724,2665.166835,2665.167792,2665.190724,2665.190724,2665.190724,2666.542876,100,1,[1.3517788000172004],[1.3517892999807373],1,1,2025-11-13_08h52.50.286,Intentional Binding Main File,2024.2.4,60.03936184,2025-11-13 08h53.04.053301 +0530
0.7,1000,exp,340,16,9,space,0.2469562,None,400,1,[2.4835276999510825],[2.483537400024943],9,16,340,17,2666.55813,,2666.543145,2666.55813,2667.55789,2667.55789,2667.55789,2667.807901,space,0.2469562,None,2667.810602,2668.523499,2668.854945,2668.83781,2668.838921,2668.854945,2668.854945,2668.854945,2671.338818,400,1,[2.4835276999510825],[2.483537400024943],1,1,2025-11-13_08h52.50.286,Intentional Binding Main File,2024.2.4,60.03936184,2025-11-13 08h53.04.053301 +0530
0.4,1000,exp,341,17,9,space,0.5753691,None,200,1,[1.9868709000293165],[1.9868903000606224],9,17,341,25,2671.354031,,2671.339075,2671.354031,2672.353559,2672.353559,2672.353559,2672.936711,space,0.5753691,None,2672.939187,2673.336039,2673.637643,2673.618979,2673.619582,2673.637643,2673.637643,2673.637643,2675.62515,200,1,[1.9868709000293165],[1.9868903000606224],1,1,2025-11-13_08h52.50.286,Intentional Binding Main File,2024.2.4,60.03936184,2025-11-13 08h53.04.053301 +0530
0.4,1000,exp,342,18,9,space,0.0216645,None,200,1,[2.9888274000259116],[2.9888374999864027],9,18,342,22,2675.63347,,2675.625662,2675.63347,2676.632607,2676.632607,2676.632607,2676.6664,space,0.0216645,None,2676.667699,2677.065475,2677.37494,2677.35304,2677.353743,2677.37494,2677.37494,2677.37494,2680.364139,200,1,[2.9888274000259116],[2.9888374999864027],1,1,2025-11-13_08h52.50.286,Intentional Binding Main File,2024.2.4,60.03936184,2025-11-13 08h53.04.053301 +0530
0.4,1000,exp,343,19,9,space,0.5425183,None,300,1,[2.2415051999269053],[2.2415208999300376],9,19,343,19,2680.379583,,2680.364488,2680.379583,2681.378811,2681.378811,2681.378811,2681.928967,space,0.5425183,None,2681.931545,2682.328183,2682.635141,2682.619638,2682.620362,2682.635141,2682.635141,2682.635141,2684.877165,300,1,[2.2415051999269053],[2.2415208999300376],1,1,2025-11-13_08h52.50.286,Intentional Binding Main File,2024.2.4,60.03936184,2025-11-13 08h53.04.053301 +0530
0.7,1000,exp,344,20,9,space,0.6233985,None,400,1,[2.2883517999434844],[2.2883618000196293],9,20,344,14,2684.892015,,2684.877558,2684.892015,2685.891788,2685.891788,2685.891788,2686.525212,space,0.6233985,None,2686.527679,2687.240525,2687.533957,2687.511398,2687.512148,2687.533957,2687.533957,2687.533957,2689.82267,400,1,[2.2883517999434844],[2.2883618000196293],1,1,2025-11-13_08h52.50.286,Intentional Binding Main File,2024.2.4,60.03936184,2025-11-13 08h53.04.053301 +0530
0.7,1000,exp,345,21,9,space,0.5376851,None,300,1,[1.6473748999414966],[1.6473889999324456],9,21,345,11,2689.838225,,2689.822936,2689.838225,2690.837499,2690.837499,2690.837499,2691.387673,space,0.5376851,None,2691.390186,2692.102715,2692.371626,2692.357068,2692.357461,2692.371626,2692.371626,2692.371626,2694.019371,300,1,[1.6473748999414966],[1.6473889999324456],1,1,2025-11-13_08h52.50.286,Intentional Binding Main File,2024.2.4,60.03936184,2025-11-13 08h53.04.053301 +0530
0.4,400,unexp,346,22,9,space,0.4274572,None,200,1,[2.4196882999967784],[2.419698500074446],9,22,346,1,2694.03441,,2694.019681,2694.03441,2695.033829,2695.033829,2695.033829,2695.467609,space,0.4274572,None,2695.469193,2695.883113,2696.195014,2696.170791,2696.172055,2696.195014,2696.195014,2696.195014,2698.615088,200,1,[2.4196882999967784],[2.419698500074446],1,1,2025-11-13_08h52.50.286,Intentional Binding Main File,2024.2.4,60.03936184,2025-11-13 08h53.04.053301 +0530
0.4,1000,exp,347,23,9,space,0.3806075,None,200,1,[2.2767380999866873],[2.276748500065878],9,23,347,28,2698.630479,,2698.615398,2698.630479,2699.629717,2699.629717,2699.629717,2700.013096,space,0.3806075,None,2700.015823,2700.412455,2700.719935,2700.697264,2700.69806,2700.719935,2700.719935,2700.719935,2702.997049,200,1,[2.2767380999866873],[2.276748500065878],1,1,2025-11-13_08h52.50.286,Intentional Binding Main File,2024.2.4,60.03936184,2025-11-13 08h53.04.053301 +0530
0.4,1000,exp,348,24,9,space,0.7909705,None,300,1,[3.8945286000380293],[3.894538399996236],9,24,348,16,2703.009688,,2702.997372,2703.009688,2704.009403,2704.009403,2704.009403,2704.809004,space,0.7909705,None,2704.811518,2705.208171,2705.527623,2705.504501,2705.505231,2705.527623,2705.527623,2705.527623,2709.422527,300,1,[3.8945286000380293],[3.894538399996236],1,1,2025-11-13_08h52.50.286,Intentional Binding Main File,2024.2.4,60.03936184,2025-11-13 08h53.04.053301 +0530
0.1,1000,exp,349,25,9,space,0.4512504,None,100,1,[2.065638400032185],[2.0656481999903917],9,25,349,24,2709.437905,,2709.422838,2709.437905,2710.437087,2710.437087,2710.453679,2710.903661,space,0.4512504,None,2710.906166,2711.002937,2711.286569,2711.269834,2711.270218,2711.286569,2711.286569,2711.286569,2713.35258,100,1,[2.065638400032185],[2.0656481999903917],1,1,2025-11-13_08h52.50.286,Intentional Binding Main File,2024.2.4,60.03936184,2025-11-13 08h53.04.053301 +0530
0.1,400,unexp,350,26,9,space,0.3655842,None,200,1,[2.2676902998937294],[2.2676996999653056],9,26,350,6,2713.367352,,2713.352887,2713.367352,2714.367083,2714.367083,2714.367083,2714.734062,space,0.3655842,None,2714.735996,2714.84946,2715.197625,2715.172907,2715.173921,2715.197625,2715.197625,2715.197625,2717.46567,200,1,[2.2676902998937294],[2.2676996999653056],1,1,2025-11-13_08h52.50.286,Intentional Binding Main File,2024.2.4,60.03936184,2025-11-13 08h53.04.053301 +0530
0.1,1000,exp,351,27,9,space,1.0061761,None,200,1,[7.4879884999245405],[7.4879982999991626],9,27,351,30,2717.480397,,2717.465931,2717.480397,2718.479716,2718.479716,2718.479716,2719.496559,space,1.0061761,None,2719.498972,2719.595685,2719.885275,2719.86313,2719.863817,2719.885275,2719.885275,2719.885275,2727.373643,200,1,[7.4879884999245405],[7.4879982999991626],1,1,2025-11-13_08h52.50.286,Intentional Binding Main File,2024.2.4,60.03936184,2025-11-13 08h53.04.053301 +0530
0.7,400,unexp,352,28,9,space,0.3944787,None,200,1,[2.7996962999459356],[2.799706299905665],9,28,352,5,2727.388703,,2727.373965,2727.388703,2728.388128,2728.388128,2728.388128,2728.788169,space,0.3944787,None,2728.790602,2729.503684,2729.852062,2729.83482,2729.836072,2729.852062,2729.852062,2729.852062,2732.652154,200,1,[2.7996962999459356],[2.799706299905665],1,1,2025-11-13_08h52.50.286,Intentional Binding Main File,2024.2.4,60.03936184,2025-11-13 08h53.04.053301 +0530
0.4,400,unexp,353,29,9,space,0.5922087,None,200,1,[3.0753979000728577],[3.075415400089696],9,29,353,7,2732.667314,,2732.652464,2732.667314,2733.666941,2733.666941,2733.666941,2734.266663,space,0.5922087,None,2734.269076,2734.682442,2734.955275,2734.932968,2734.933707,2734.955275,2734.955275,2734.955275,2738.031265,200,1,[3.0753979000728577],[3.075415400089696],1,1,2025-11-13_08h52.50.286,Intentional Binding Main File,2024.2.4,60.03936184,2025-11-13 08h53.04.053301 +0530
0.7,400,unexp,354,30,9,space,2.8518313,None,300,1,[1.778422899893485],[1.778432699968107],9,30,354,2,2738.045941,,2738.031716,2738.045941,2739.045614,2739.045614,2739.045614,2741.910048,space,2.8518313,None,2741.912493,2742.625693,2742.929403,2742.912934,2742.913912,2742.929403,2742.929403,2742.929403,2744.708204,300,1,[1.778422899893485],[1.778432699968107],1,1,2025-11-13_08h52.50.286,Intentional Binding Main File,2024.2.4,60.03936184,2025-11-13 08h53.04.053301 +0530
0.1,1000,exp,355,31,9,space,0.4213722,None,100,1,[1.4098676000721753],[1.4098778000334278],9,31,355,27,2744.723831,,2744.708466,2744.723831,2745.723076,2745.723076,2745.723076,2746.156696,space,0.4213722,None,2746.159175,2746.255873,2746.545143,2746.522796,2746.523533,2746.545143,2746.545143,2746.545143,2747.955374,100,1,[1.4098676000721753],[1.4098778000334278],1,1,2025-11-13_08h52.50.286,Intentional Binding Main File,2024.2.4,60.03936184,2025-11-13 08h53.04.053301 +0530
0.4,1000,exp,356,32,9,space,0.2143498,None,200,1,[1.410271200002171],[1.4102809999603778],9,32,356,31,2747.970965,,2747.955649,2747.970965,2748.9704,2748.9704,2748.986485,2749.186839,space,0.2143498,None,2749.189117,2749.586269,2749.875504,2749.853184,2749.85393,2749.875504,2749.875504,2749.875504,2751.286166,200,1,[1.410271200002171],[1.4102809999603778],1,1,2025-11-13_08h52.50.286,Intentional Binding Main File,2024.2.4,60.03936184,2025-11-13 08h53.04.053301 +0530
0.7,400,unexp,357,33,9,space,0.3127664,None,500,1,[1.829030100023374],[1.8290398999815807],9,33,357,8,2751.301387,,2751.286481,2751.301387,2752.30019,2752.30019,2752.30019,2752.617481,space,0.3127664,None,2752.619893,2753.333069,2753.636485,2753.621596,2753.622419,2753.636485,2753.636485,2753.636485,2755.465887,500,1,[1.829030100023374],[1.8290398999815807],1,1,2025-11-13_08h52.50.286,Intentional Binding Main File,2024.2.4,60.03936184,2025-11-13 08h53.04.053301 +0530
0.4,1000,exp,358,34,9,space,0.2732512,None,300,1,[1.8623306000372395],[1.8623414000030607],9,34,358,13,2755.481271,,2755.466195,2755.481271,2756.479789,2756.479789,2756.496348,2756.764214,space,0.2732512,None,2756.76705,2757.179633,2757.451643,2757.429576,2757.430319,2757.451643,2757.451643,2757.451643,2759.314331,300,1,[1.8623306000372395],[1.8623414000030607],1,1,2025-11-13_08h52.50.286,Intentional Binding Main File,2024.2.4,60.03936184,2025-11-13 08h53.04.053301 +0530
0.1,1000,exp,359,35,9,space,0.4037672,None,100,1,[1.5103953999932855],[1.5104052999522537],9,35,359,21,2759.327769,,2759.314607,2759.327769,2760.327047,2760.327047,2760.327047,2760.743613,space,0.4037672,None,2760.746336,2760.843162,2761.148897,2761.126416,2761.127262,2761.148897,2761.148897,2761.148897,2762.659675,100,1,[1.5103953999932855],[1.5104052999522537],1,1,2025-11-13_08h52.50.286,Intentional Binding Main File,2024.2.4,60.03936184,2025-11-13 08h53.04.053301 +0530
0.7,1000,exp,360,0,10,space,0.2689398,None,400,1,[1.8237224000040442],[1.823740000021644],10,0,360,32,2762.674779,,2762.659988,2762.674779,2763.673968,2763.673968,2763.673968,2763.957591,space,0.2689398,None,2763.960305,2764.672578,2764.947908,2764.924782,2764.925594,2764.947908,2764.947908,2764.947908,2766.772185,400,1,[1.8237224000040442],[1.823740000021644],1,1,2025-11-13_08h52.50.286,Intentional Binding Main File,2024.2.4,60.03936184,2025-11-13 08h53.04.053301 +0530
0.7,1000,exp,361,1,10,space,0.7255652,None,600,1,[3.024299999931827],[3.0243098000064492],10,1,361,26,2766.787361,,2766.772653,2766.787361,2767.787011,2767.787011,2767.787011,2768.52061,space,0.7255652,None,2768.523333,2769.235864,2769.542985,2769.519191,2769.520097,2769.542985,2769.542985,2769.542985,2772.567664,600,1,[3.024299999931827],[3.0243098000064492],1,1,2025-11-13_08h52.50.286,Intentional Binding Main File,2024.2.4,60.03936184,2025-11-13 08h53.04.053301 +0530
0.4,1000,exp,362,2,10,space,1.0944105,None,300,1,[2.0322361000580713],[2.0322524000657722],10,2,362,31,2772.582907,,2772.567982,2772.582907,2773.582094,2773.582094,2773.582094,2774.681779,space,1.0944105,None,2774.684549,2775.097455,2775.380393,2775.364287,2775.365063,2775.380393,2775.380393,2775.380393,2777.412992,300,1,[2.0322361000580713],[2.0322524000657722],1,1,2025-11-13_08h52.50.286,Intentional Binding Main File,2024.2.4,60.03936184,2025-11-13 08h53.04.053301 +0530
0.1,400,unexp,363,3,10,space,0.4260676,None,200,1,[2.235483199940063],[2.2354933000169694],10,3,363,0,2777.428444,,2777.413254,2777.428444,2778.427875,2778.427875,2778.427875,2778.860662,space,0.4260676,None,2778.861868,2778.960089,2779.273984,2779.250943,2779.251919,2779.273984,2779.273984,2779.273984,2781.509867,200,1,[2.235483199940063],[2.2354933000169694],1,1,2025-11-13_08h52.50.286,Intentional Binding Main File,2024.2.4,60.03936184,2025-11-13 08h53.04.053301 +0530
0.1,400,unexp,364,4,10,space,0.2977586,None,100,1,[1.5514841000549495],[1.5514937000116333],10,4,364,6,2781.525057,,2781.510176,2781.525057,2782.524169,2782.524169,2782.524169,2782.824743,space,0.2977586,None,2782.827211,2782.923973,2783.271777,2783.252849,2783.253661,2783.271777,2783.271777,2783.271777,2784.823679,100,1,[1.5514841000549495],[1.5514937000116333],1,1,2025-11-13_08h52.50.286,Intentional Binding Main File,2024.2.4,60.03936184,2025-11-13 08h53.04.053301 +0530
0.7,1000,exp,365,5,10,space,0.2348021,None,300,1,[1.9610179000301287],[1.9610276999883354],10,5,365,17,2784.838926,,2784.823988,2784.838926,2785.837964,2785.837964,2785.837964,2786.088547,space,0.2348021,None,2786.091493,2786.803938,2787.125183,2787.102437,2787.103403,2787.125183,2787.125183,2787.125183,2789.086583,300,1,[1.9610179000301287],[1.9610276999883354],1,1,2025-11-13_08h52.50.286,Intentional Binding Main File,2024.2.4,60.03936184,2025-11-13 08h53.04.053301 +0530
0.1,1000,exp,366,6,10,space,1.5139499,None,300,1,[9.095723600010388],[9.095733300084248],10,6,366,30,2789.101795,,2789.086889,2789.101795,2790.101075,2790.101075,2790.101075,2791.616913,space,1.5139499,None,2791.619625,2791.732676,2792.029795,2792.006377,2792.007194,2792.029795,2792.029795,2792.029795,2801.125914,300,1,[9.095723600010388],[9.095733300084248],1,1,2025-11-13_08h52.50.286,Intentional Binding Main File,2024.2.4,60.03936184,2025-11-13 08h53.04.053301 +0530
0.7,400,unexp,367,7,10,space,0.3222627,None,400,1,[1.2328591999830678],[1.232868899940513],10,7,367,8,2801.14133,,2801.126224,2801.14133,2802.140162,2802.140162,2802.140162,2802.47426,space,0.3222627,None,2802.476673,2803.18965,2803.456445,2803.439591,2803.439975,2803.456445,2803.456445,2803.456445,2804.689671,400,1,[1.2328591999830678],[1.232868899940513],1,1,2025-11-13_08h52.50.286,Intentional Binding Main File,2024.2.4,60.03936184,2025-11-13 08h53.04.053301 +0530
0.4,1000,exp,368,8,10,space,0.2973724,None,200,1,[1.7391364000504836],[1.7391460000071675],10,8,368,28,2804.704933,,2804.689979,2804.704933,2805.704234,2805.704234,2805.704234,2806.004271,space,0.2973724,None,2806.006781,2806.419957,2806.713161,2806.69055,2806.691324,2806.713161,2806.713161,2806.713161,2808.452692,200,1,[1.7391364000504836],[1.7391460000071675],1,1,2025-11-13_08h52.50.286,Intentional Binding Main File,2024.2.4,60.03936184,2025-11-13 08h53.04.053301 +0530
0.7,400,unexp,369,9,10,space,0.7655159,None,300,1,[3.696677800035104],[3.6966876999940723],10,9,369,5,2808.468322,,2808.453,2808.468322,2809.467609,2809.467609,2809.467609,2810.234242,space,0.7655159,None,2810.235759,2810.949436,2811.266569,2811.249834,2811.250999,2811.266569,2811.266569,2811.266569,2814.963642,300,1,[3.696677800035104],[3.6966876999940723],1,1,2025-11-13_08h52.50.286,Intentional Binding Main File,2024.2.4,60.03936184,2025-11-13 08h53.04.053301 +0530
0.4,1000,exp,370,10,10,space,0.281788,None,300,1,[2.314849399961531],[2.3148594999220222],10,10,370,19,2814.979156,,2814.963951,2814.979156,2815.978008,2815.978008,2815.978008,2816.26221,space,0.281788,None,2816.264482,2816.677868,2816.961391,2816.944465,2816.944859,2816.961391,2816.961391,2816.961391,2819.276606,300,1,[2.314849399961531],[2.3148594999220222],1,1,2025-11-13_08h52.50.286,Intentional Binding Main File,2024.2.4,60.03936184,2025-11-13 08h53.04.053301 +0530
0.4,1000,exp,371,11,10,space,1.4328112,None,200,1,[2.925968899973668],[2.9259790999349207],10,11,371,10,2819.292191,,2819.27688,2819.292191,2820.291279,2820.291279,2820.291279,2821.740937,space,1.4328112,None,2821.743653,2822.156475,2822.461682,2822.43997,2822.440808,2822.461682,2822.461682,2822.461682,2825.388031,200,1,[2.925968899973668],[2.9259790999349207],1,1,2025-11-13_08h52.50.286,Intentional Binding Main File,2024.2.4,60.03936184,2025-11-13 08h53.04.053301 +0530
0.1,1000,exp,372,12,10,space,1.4943887,None,200,1,[8.89010129997041],[8.890111200045794],10,12,372,33,2825.403289,,2825.388352,2825.403289,2826.402898,2826.402898,2826.402898,2827.90223,space,1.4943887,None,2827.904165,2828.017857,2828.353955,2828.32918,2828.330696,2828.353955,2828.353955,2828.353955,2837.244449,200,1,[8.89010129997041],[8.890111200045794],1,1,2025-11-13_08h52.50.286,Intentional Binding Main File,2024.2.4,60.03936184,2025-11-13 08h53.04.053301 +0530
0.7,1000,exp,373,13,10,space,0.944445,None,200,1,[5.190411599935032],[5.1904214000096545],10,13,373,35,2837.259622,,2837.244773,2837.259622,2838.259133,2838.259133,2838.259133,2839.208782,space,0.944445,None,2839.211101,2839.924382,2840.229833,2840.207618,2840.208427,2840.229833,2840.229833,2840.229833,2845.421026,200,1,[5.190411599935032],[5.1904214000096545],1,1,2025-11-13_08h52.50.286,Intentional Binding Main File,2024.2.4,60.03936184,2025-11-13 08h53.04.053301 +0530
0.4,1000,exp,374,14,10,space,1.600873,None,300,1,[2.3685432999627665],[2.368553499924019],10,14,374,22,2845.435958,,2845.421358,2845.435958,2846.435339,2846.435339,2846.435339,2848.051216,space,1.600873,None,2848.053708,2848.466809,2848.779882,2848.764755,2848.76551,2848.779882,2848.779882,2848.779882,2851.148834,300,1,[2.3685432999627665],[2.368553499924019],1,1,2025-11-13_08h52.50.286,Intentional Binding Main File,2024.2.4,60.03936184,2025-11-13 08h53.04.053301 +0530
0.4,400,unexp,375,15,10,space,1.0833116,None,200,1,[10.625028399983421],[10.625038400059566],10,15,375,1,2851.164326,,2851.149141,2851.164326,2852.163567,2852.163567,2852.163567,2853.262931,space,1.0833116,None,2853.265193,2853.678996,2853.94563,2853.928914,2853.929297,2853.94563,2853.94563,2853.94563,2864.571026,200,1,[10.625028399983421],[10.625038400059566],1,1,2025-11-13_08h52.50.286,Intentional Binding Main File,2024.2.4,60.03936184,2025-11-13 08h53.04.053301 +0530
0.1,1000,exp,376,16,10,space,39.7212585,None,100,1,[2.5274212999502197],[2.527430799906142],10,16,376,18,2864.586141,,2864.571339,2864.586141,2865.584965,2865.584965,2865.584965,2905.318172,space,39.7212585,None,2905.320925,2905.417311,2905.704691,2905.690148,2905.690546,2905.704691,2905.704691,2905.704691,2908.232499,100,1,[2.5274212999502197],[2.527430799906142],1,1,2025-11-13_08h52.50.286,Intentional Binding Main File,2024.2.4,60.03936184,2025-11-13 08h53.04.053301 +0530
0.1,1000,exp,377,17,10,space,0.2766809,None,100,1,[1.3614392000017688],[1.3614492000779137],10,17,377,12,2908.247616,,2908.232811,2908.247616,2909.247318,2909.247318,2909.247318,2909.531067,space,0.2766809,None,2909.533605,2909.630239,2909.951777,2909.929661,2909.930433,2909.951777,2909.951777,2909.951777,2911.313592,100,1,[1.3614392000017688],[1.3614492000779137],1,1,2025-11-13_08h52.50.286,Intentional Binding Main File,2024.2.4,60.03936184,2025-11-13 08h53.04.053301 +0530
0.7,1000,exp,378,18,10,space,0.587445,None,300,1,[1.6049731000093743],[1.604982800083235],10,18,378,14,2911.328734,,2911.313911,2911.328734,2912.3278,2912.3278,2912.3278,2912.927502,space,0.587445,None,2912.92888,2913.643115,2913.954462,2913.93086,2913.931578,2913.954462,2913.954462,2913.954462,2915.559833,300,1,[1.6049731000093743],[1.604982800083235],1,1,2025-11-13_08h52.50.286,Intentional Binding Main File,2024.2.4,60.03936184,2025-11-13 08h53.04.053301 +0530
0.4,1000,exp,379,19,10,space,0.6280994,None,100,1,[1.656234800000675],[1.6562447999604046],10,19,379,16,2915.575127,,2915.560142,2915.575127,2916.574313,2916.574313,2916.574313,2917.207796,space,0.6280994,None,2917.210795,2917.6227,2917.932557,2917.91569,2917.916419,2917.932557,2917.932557,2917.932557,2919.589173,100,1,[1.656234800000675],[1.6562447999604046],1,1,2025-11-13_08h52.50.286,Intentional Binding Main File,2024.2.4,60.03936184,2025-11-13 08h53.04.053301 +0530
0.4,1000,exp,380,20,10,space,0.6141929,None,300,1,[1.1730101000284776],[1.1730199999874458],10,20,380,34,2919.604593,,2919.58949,2919.604593,2920.603886,2920.603886,2920.603886,2921.220949,space,0.6141929,None,2921.223444,2921.636551,2921.946537,2921.9311,2921.931857,2921.946537,2921.946537,2921.946537,2923.119915,300,1,[1.1730101000284776],[1.1730199999874458],1,1,2025-11-13_08h52.50.286,Intentional Binding Main File,2024.2.4,60.03936184,2025-11-13 08h53.04.053301 +0530
0.1,1000,exp,381,21,10,space,0.2725083,None,200,1,[1.8334728999761865],[1.8334823000477627],10,21,381,9,2923.135165,,2923.120229,2923.135165,2924.134367,2924.134367,2924.134367,2924.418108,space,0.2725083,None,2924.420642,2924.51722,2924.849212,2924.833788,2924.834668,2924.849212,2924.849212,2924.849212,2926.68309,200,1,[1.8334728999761865],[1.8334823000477627],1,1,2025-11-13_08h52.50.286,Intentional Binding Main File,2024.2.4,60.03936184,2025-11-13 08h53.04.053301 +0530
0.7,1000,exp,382,22,10,space,1.0283467,None,200,1,[2.336452199961059],[2.3364628000417724],10,22,382,20,2926.698729,,2926.683372,2926.698729,2927.697938,2927.697938,2927.714463,2928.730857,space,1.0283467,None,2928.733648,2929.446393,2929.774896,2929.751025,2929.752081,2929.774896,2929.774896,2929.774896,2932.111737,200,1,[2.336452199961059],[2.3364628000417724],1,1,2025-11-13_08h52.50.286,Intentional Binding Main File,2024.2.4,60.03936184,2025-11-13 08h53.04.053301 +0530
0.1,1000,exp,383,23,10,space,2.6674375,None,300,1,[2.473699999973178],[2.4737101999344304],10,23,383,27,2932.127197,,2932.112059,2932.127197,2933.126541,2933.126541,2933.126541,2935.808446,space,2.6674375,None,2935.811369,2935.923927,2936.265236,2936.249058,2936.249997,2936.265236,2936.265236,2936.265236,2938.739296,300,1,[2.473699999973178],[2.4737101999344304],1,1,2025-11-13_08h52.50.286,Intentional Binding Main File,2024.2.4,60.03936184,2025-11-13 08h53.04.053301 +0530
0.1,1000,exp,384,24,10,space,0.3108668,None,200,1,[1.972717999946326],[1.9727282000239938],10,24,384,24,2938.754886,,2938.739563,2938.754886,2939.753832,2939.753832,2939.753832,2940.0712,space,0.3108668,None,2940.073693,2940.170401,2940.446319,2940.42517,2940.425871,2940.446319,2940.446319,2940.446319,2942.419419,200,1,[1.972717999946326],[1.9727282000239938],1,1,2025-11-13_08h52.50.286,Intentional Binding Main File,2024.2.4,60.03936184,2025-11-13 08h53.04.053301 +0530
0.4,400,unexp,385,25,10,space,0.4485676,None,300,1,[2.050906900083646],[2.050916300038807],10,25,385,4,2942.435005,,2942.419742,2942.435005,2943.43389,2943.43389,2943.43389,2943.884264,space,0.4485676,None,2943.885701,2944.283486,2944.614861,2944.597608,2944.598823,2944.614861,2944.614861,2944.614861,2946.666114,300,1,[2.050906900083646],[2.050916300038807],1,1,2025-11-13_08h52.50.286,Intentional Binding Main File,2024.2.4,60.03936184,2025-11-13 08h53.04.053301 +0530
0.1,1000,exp,386,26,10,space,0.2658766,None,200,1,[1.893807900021784],[1.8938185999868438],10,26,386,21,2946.681325,,2946.666379,2946.681325,2947.680347,2947.680347,2947.69712,2947.947469,space,0.2658766,None,2947.949946,2948.063219,2948.368301,2948.346361,2948.347128,2948.368301,2948.368301,2948.368301,2950.262484,200,1,[1.893807900021784],[1.8938185999868438],1,1,2025-11-13_08h52.50.286,Intentional Binding Main File,2024.2.4,60.03936184,2025-11-13 08h53.04.053301 +0530
0.7,1000,exp,387,27,10,space,0.038108,None,400,1,[2.2469314999179915],[2.2469410999910906],10,27,387,29,2950.277935,,2950.262812,2950.277935,2951.277392,2951.277392,2951.277392,2951.327787,space,0.038108,None,2951.330271,2952.043108,2952.361424,2952.347028,2952.347722,2952.361424,2952.361424,2952.361424,2954.60875,400,1,[2.2469314999179915],[2.2469410999910906],1,1,2025-11-13_08h52.50.286,Intentional Binding Main File,2024.2.4,60.03936184,2025-11-13 08h53.04.053301 +0530
0.1,400,unexp,388,28,10,space,0.2821679,None,100,1,[1.332530599902384],[1.332541299983859],10,28,388,3,2954.624335,,2954.609059,2954.624335,2955.623396,2955.623396,2955.640271,2955.907208,space,0.2821679,None,2955.909705,2956.006536,2956.289922,2956.272927,2956.273365,2956.289922,2956.289922,2956.289922,2957.622819,100,1,[1.332530599902384],[1.332541299983859],1,1,2025-11-13_08h52.50.286,Intentional Binding Main File,2024.2.4,60.03936184,2025-11-13 08h53.04.053301 +0530
0.4,1000,exp,389,29,10,space,0.2871802,None,200,1,[1.5952327999984846],[1.5952436999650672],10,29,389,25,2957.63839,,2957.623118,2957.63839,2958.637634,2958.637634,2958.637634,2958.937768,space,0.2871802,None,2958.940072,2959.33703,2959.640781,2959.62022,2959.620976,2959.640781,2959.640781,2959.640781,2961.236386,200,1,[1.5952327999984846],[1.5952436999650672],1,1,2025-11-13_08h52.50.286,Intentional Binding Main File,2024.2.4,60.03936184,2025-11-13 08h53.04.053301 +0530
0.7,400,unexp,390,30,10,space,0.3581554,None,400,1,[1.4299251000629738],[1.429941700072959],10,30,390,2,2961.251955,,2961.236709,2961.251955,2962.25106,2962.25106,2962.25106,2962.618303,space,0.3581554,None,2962.620877,2963.33351,2963.636448,2963.616916,2963.617687,2963.636448,2963.636448,2963.636448,2965.066722,400,1,[1.4299251000629738],[1.429941700072959],1,1,2025-11-13_08h52.50.286,Intentional Binding Main File,2024.2.4,60.03936184,2025-11-13 08h53.04.053301 +0530
0.7,1000,exp,391,31,10,space,0.2871157,None,200,1,[2.0600946999620646],[2.060104100033641],10,31,391,23,2965.081942,,2965.066983,2965.081942,2966.081149,2966.081149,2966.081149,2966.381133,space,0.2871157,None,2966.38284,2967.096691,2967.385557,2967.363724,2967.364421,2967.385557,2967.385557,2967.385557,2969.446004,200,1,[2.0600946999620646],[2.060104100033641],1,1,2025-11-13_08h52.50.286,Intentional Binding Main File,2024.2.4,60.03936184,2025-11-13 08h53.04.053301 +0530
0.4,400,unexp,392,32,10,space,0.3135617,None,200,1,[2.3907525000395253],[2.3907633000053465],10,32,392,7,2969.461471,,2969.446273,2969.461471,2970.460788,2970.460788,2970.460788,2970.777352,space,0.3135617,None,2970.779845,2971.17672,2971.451025,2971.428342,2971.429076,2971.451025,2971.451025,2971.451025,2973.842159,200,1,[2.3907525000395253],[2.3907633000053465],1,1,2025-11-13_08h52.50.286,Intentional Binding Main File,2024.2.4,60.03936184,2025-11-13 08h53.04.053301 +0530
0.1,1000,exp,393,33,10,space,0.3214524,None,300,1,[4.217010600026697],[4.217020499985665],10,33,393,15,2973.857683,,2973.842468,2973.857683,2974.857026,2974.857026,2974.873546,2975.190457,space,0.3214524,None,2975.192924,2975.289831,2975.602724,2975.587731,2975.588751,2975.602724,2975.602724,2975.602724,2979.820112,300,1,[4.217010600026697],[4.217020499985665],1,1,2025-11-13_08h52.50.286,Intentional Binding Main File,2024.2.4,60.03936184,2025-11-13 08h53.04.053301 +0530
0.4,1000,exp,394,34,10,space,0.2622765,None,200,1,[3.0912179000442848],[3.0912272001150995],10,34,394,13,2979.835337,,2979.820456,2979.835337,2980.834622,2980.834622,2980.834622,2981.101841,space,0.2622765,None,2981.103359,2981.501034,2981.807941,2981.784408,2981.785177,2981.807941,2981.807941,2981.807941,2984.899526,200,1,[3.0912179000442848],[3.0912272001150995],1,1,2025-11-13_08h52.50.286,Intentional Binding Main File,2024.2.4,60.03936184,2025-11-13 08h53.04.053301 +0530
0.7,1000,exp,395,35,10,space,0.5485771,None,300,1,[1.5765768999699503],[1.5766174000455067],10,35,395,11,2984.91439,,2984.899788,2984.91439,2985.913473,2985.913473,2985.913473,2986.464156,space,0.5485771,None,2986.466637,2987.179413,2987.452151,2987.430979,2987.431859,2987.452151,2987.452151,2987.452151,2989.029131,300,1,[1.5765768999699503],[1.5766174000455067],1,1,2025-11-13_08h52.50.286,Intentional Binding Main File,2024.2.4,60.03936184,2025-11-13 08h53.04.053301 +0530
