17.2768 	INFO 	Loaded monitor calibration from ['2025_02_12 09:50']
17.3016 	WARNING 	User requested fullscreen with size [1024  768], but screen is actually [1920, 1080]. Using actual size
19.4588 	EXP 	Created window1 = Window(allowGUI=False, allowStencil=False, autoLog=True, backendConf=UNKNOWN, backgroundFit=<method-wrapper '__getattribute__' of attributeSetter object at 0x00000289C4337AF0>, backgroundImage=<method-wrapper '__getattribute__' of attributeSetter object at 0x00000289C4337B50>, bitsMode=UNKNOWN, blendMode='avg', bpc=(8, 8, 8), color=array([0, 0, 0]), colorSpace='rgb', depthBits=8, fullscr=True, gamma=None, gammaErrorPolicy='raise', infoMsg=UNKNOWN, lms=UNKNOWN, monitor=<psychopy.monitors.calibTools.Monitor object at 0x00000289C43CD1B0>, multiSample=False, name='window1', numSamples=2, pos=[0.0, 0.0], screen=0, size=array([1920, 1080]), stencilBits=0, stereo=False, title='PsychoPy', units='height', useFBO=True, useRetina=False, viewOri=0.0, viewPos=None, viewScale=None, waitBlanking=True, winType='pyglet')
19.4589 	EXP 	window1: backgroundImage = ''
19.4590 	EXP 	window1: backgroundFit = 'none'
19.6789 	EXP 	window1: Attempting to measure frame rate of screen (0) ...
19.6790 	EXP 	window1: recordFrameIntervals = False
19.8309 	EXP 	window1: recordFrameIntervals = True
20.0143 	EXP 	Screen (0) actual frame rate measured at 60.06Hz
20.0144 	EXP 	window1: recordFrameIntervals = False
26.2882 	INFO 	keyboard.Keyboard is using iohub backend.
26.2884 	INFO 	keyboard.Keyboard is using iohub backend.
26.2884 	EXP 	Motor Seq Learning main code: status = STARTED
26.2954 	EXP 	Created fixation = ShapeStim(__class__=<class 'psychopy.visual.shape.ShapeStim'>, anchor=('center', 'center'), autoDraw=False, autoLog=True, closeShape=True, color=method-wrapper(...), colorSpace='rgb', contrast=None, depth=0.0, draggable=True, fillColor=array([0.0039, 0.0039, 0.0039]), fillColorSpace='rgb', fillRGB=array([0.0039, 0.0039, 0.0039]), interpolate=True, lineColor=array([0.0039, 0.0039, 0.0039]), lineColorSpace='rgb', lineRGB=array([0.0039, 0.0039, 0.0039]), lineWidth=1.0, name='fixation', opacity=1, ori=0.0, pos=array([0., 0.]), size=array([10., 10.]), units='pix', vertices=ndarray(...), win=Window(...), windingRule=None)
26.2990 	EXP 	Created line1 = Rect(__class__=<class 'psychopy.visual.rect.Rect'>, anchor=('center', 'center'), autoDraw=False, autoLog=True, closeShape=True, color=method-wrapper(...), colorSpace='rgb', contrast=None, depth=-1.0, draggable=False, fillColor=array([1, 1, 1]), fillColorSpace='rgb', fillRGB=array([1, 1, 1]), interpolate=True, lineColor=array([1., 1., 1.]), lineColorSpace='rgb', lineRGB=array([1, 1, 1]), lineWidth=1.0, name='line1', opacity=1, ori=90.0, pos=array([-150.,    0.]), size=array([100.,  10.]), units='pix', vertices=ndarray(...), win=Window(...))
26.3024 	EXP 	Created line2 = Rect(__class__=<class 'psychopy.visual.rect.Rect'>, anchor=('center', 'center'), autoDraw=False, autoLog=True, closeShape=True, color=method-wrapper(...), colorSpace='rgb', contrast=None, depth=-2.0, draggable=False, fillColor=array([1, 1, 1]), fillColorSpace='rgb', fillRGB=array([1, 1, 1]), interpolate=True, lineColor=array([1., 1., 1.]), lineColorSpace='rgb', lineRGB=array([1, 1, 1]), lineWidth=1.0, name='line2', opacity=1, ori=90.0, pos=array([-50.,   0.]), size=array([100.,  10.]), units='pix', vertices=ndarray(...), win=Window(...))
26.3059 	EXP 	Created line3 = Rect(__class__=<class 'psychopy.visual.rect.Rect'>, anchor=('center', 'center'), autoDraw=False, autoLog=True, closeShape=True, color=method-wrapper(...), colorSpace='rgb', contrast=None, depth=-3.0, draggable=False, fillColor=array([1, 1, 1]), fillColorSpace='rgb', fillRGB=array([1, 1, 1]), interpolate=True, lineColor=array([1., 1., 1.]), lineColorSpace='rgb', lineRGB=array([1, 1, 1]), lineWidth=1.0, name='line3', opacity=1, ori=90.0, pos=array([50.,  0.]), size=array([100.,  10.]), units='pix', vertices=ndarray(...), win=Window(...))
26.3091 	EXP 	Created line4 = Rect(__class__=<class 'psychopy.visual.rect.Rect'>, anchor=('center', 'center'), autoDraw=False, autoLog=True, closeShape=True, color=method-wrapper(...), colorSpace='rgb', contrast=None, depth=-4.0, draggable=False, fillColor=array([1, 1, 1]), fillColorSpace='rgb', fillRGB=array([1, 1, 1]), interpolate=True, lineColor=array([1., 1., 1.]), lineColorSpace='rgb', lineRGB=array([1, 1, 1]), lineWidth=1.0, name='line4', opacity=1, ori=90.0, pos=array([150.,   0.]), size=array([100.,  10.]), units='pix', vertices=ndarray(...), win=Window(...))
26.3130 	EXP 	Created probe = ShapeStim(__class__=<class 'psychopy.visual.shape.ShapeStim'>, anchor=('center', 'center'), autoDraw=False, autoLog=True, closeShape=True, color=method-wrapper(...), colorSpace='rgb', contrast=None, depth=-5.0, draggable=False, fillColor=array([1, 1, 1]), fillColorSpace='rgb', fillRGB=array([1, 1, 1]), interpolate=True, lineColor=array([1., 1., 1.]), lineColorSpace='rgb', lineRGB=array([1, 1, 1]), lineWidth=1.0, name='probe', opacity=1, ori=0.0, pos=array([0., 0.]), size=array([10., 10.]), units='pix', vertices=ndarray(...), win=Window(...), windingRule=None)
26.3163 	EXP 	Created fixation = ShapeStim(__class__=<class 'psychopy.visual.shape.ShapeStim'>, anchor=('center', 'center'), autoDraw=False, autoLog=True, closeShape=True, color=method-wrapper(...), colorSpace='rgb', contrast=None, depth=0.0, draggable=True, fillColor=array([0.0039, 0.0039, 0.0039]), fillColorSpace='rgb', fillRGB=array([0.0039, 0.0039, 0.0039]), interpolate=True, lineColor=array([0.0039, 0.0039, 0.0039]), lineColorSpace='rgb', lineRGB=array([0.0039, 0.0039, 0.0039]), lineWidth=1.0, name='fixation', opacity=1, ori=0.0, pos=array([0., 0.]), size=array([10., 10.]), units='pix', vertices=ndarray(...), win=Window(...), windingRule=None)
26.3193 	EXP 	Created line1 = Rect(__class__=<class 'psychopy.visual.rect.Rect'>, anchor=('center', 'center'), autoDraw=False, autoLog=True, closeShape=True, color=method-wrapper(...), colorSpace='rgb', contrast=None, depth=-1.0, draggable=False, fillColor=array([1, 1, 1]), fillColorSpace='rgb', fillRGB=array([1, 1, 1]), interpolate=True, lineColor=array([1., 1., 1.]), lineColorSpace='rgb', lineRGB=array([1, 1, 1]), lineWidth=1.0, name='line1', opacity=1, ori=90.0, pos=array([-150.,    0.]), size=array([100.,  10.]), units='pix', vertices=ndarray(...), win=Window(...))
26.3222 	EXP 	Created line2 = Rect(__class__=<class 'psychopy.visual.rect.Rect'>, anchor=('center', 'center'), autoDraw=False, autoLog=True, closeShape=True, color=method-wrapper(...), colorSpace='rgb', contrast=None, depth=-2.0, draggable=False, fillColor=array([1, 1, 1]), fillColorSpace='rgb', fillRGB=array([1, 1, 1]), interpolate=True, lineColor=array([1., 1., 1.]), lineColorSpace='rgb', lineRGB=array([1, 1, 1]), lineWidth=1.0, name='line2', opacity=1, ori=90.0, pos=array([-50.,   0.]), size=array([100.,  10.]), units='pix', vertices=ndarray(...), win=Window(...))
26.3253 	EXP 	Created line3 = Rect(__class__=<class 'psychopy.visual.rect.Rect'>, anchor=('center', 'center'), autoDraw=False, autoLog=True, closeShape=True, color=method-wrapper(...), colorSpace='rgb', contrast=None, depth=-3.0, draggable=False, fillColor=array([1, 1, 1]), fillColorSpace='rgb', fillRGB=array([1, 1, 1]), interpolate=True, lineColor=array([1., 1., 1.]), lineColorSpace='rgb', lineRGB=array([1, 1, 1]), lineWidth=1.0, name='line3', opacity=1, ori=90.0, pos=array([50.,  0.]), size=array([100.,  10.]), units='pix', vertices=ndarray(...), win=Window(...))
26.3280 	EXP 	Created line4 = Rect(__class__=<class 'psychopy.visual.rect.Rect'>, anchor=('center', 'center'), autoDraw=False, autoLog=True, closeShape=True, color=method-wrapper(...), colorSpace='rgb', contrast=None, depth=-4.0, draggable=False, fillColor=array([1, 1, 1]), fillColorSpace='rgb', fillRGB=array([1, 1, 1]), interpolate=True, lineColor=array([1., 1., 1.]), lineColorSpace='rgb', lineRGB=array([1, 1, 1]), lineWidth=1.0, name='line4', opacity=1, ori=90.0, pos=array([150.,   0.]), size=array([100.,  10.]), units='pix', vertices=ndarray(...), win=Window(...))
26.3310 	EXP 	Created probe = ShapeStim(__class__=<class 'psychopy.visual.shape.ShapeStim'>, anchor=('center', 'center'), autoDraw=False, autoLog=True, closeShape=True, color=method-wrapper(...), colorSpace='rgb', contrast=None, depth=-5.0, draggable=False, fillColor=array([1, 1, 1]), fillColorSpace='rgb', fillRGB=array([1, 1, 1]), interpolate=True, lineColor=array([1., 1., 1.]), lineColorSpace='rgb', lineRGB=array([1, 1, 1]), lineWidth=1.0, name='probe', opacity=1, ori=0.0, pos=array([0., 0.]), size=array([10., 10.]), units='pix', vertices=ndarray(...), win=Window(...), windingRule=None)
0.0140 	EXP 	Imported Mot_SeqLearning.csv as conditions, 4 conditions, 2 params
0.0152 	EXP 	New trial (rep=0, index=0): <Trial 0 (0 in rep 0) data={'pos': -50, 'corr_resp': 'x', 'thisN': 0, 'thisTrialN': 0, 'thisRepN': 0}>
0.0207 	EXP 	fixation: autoDraw = True
0.0619 	DATA 	Mouse: Left button down, pos=(804,708)
0.4291 	DATA 	Mouse:  Left button up, pos=(804,711)
1.0095 	EXP 	line1: autoDraw = True
1.0095 	EXP 	line2: autoDraw = True
1.0095 	EXP 	line3: autoDraw = True
1.0095 	EXP 	line4: autoDraw = True
1.0261 	EXP 	fixation: autoDraw = False
2.0095 	INFO 	Keyboard events cleared
2.0086 	EXP 	probe: autoDraw = True
3.8944 	DATA 	Keypress: x
3.9180 	EXP 	New trial (rep=0, index=1): <Trial 1 (1 in rep 0) data={'pos': 150, 'corr_resp': 'v', 'thisN': 1, 'thisTrialN': 1, 'thisRepN': 0}>
3.9235 	EXP 	fixation: autoDraw = False
3.9235 	EXP 	line1: autoDraw = False
3.9235 	EXP 	line2: autoDraw = False
3.9235 	EXP 	line3: autoDraw = False
3.9235 	EXP 	line4: autoDraw = False
3.9235 	EXP 	probe: autoDraw = False
3.9235 	EXP 	fixation: autoDraw = True
4.9227 	EXP 	fixation: autoDraw = False
4.9227 	EXP 	line1: autoDraw = True
4.9227 	EXP 	line2: autoDraw = True
4.9227 	EXP 	line3: autoDraw = True
4.9227 	EXP 	line4: autoDraw = True
5.9228 	INFO 	Keyboard events cleared
5.9218 	EXP 	probe: autoDraw = True
10.4732 	DATA 	Keypress: v
10.4870 	EXP 	New trial (rep=0, index=2): <Trial 2 (2 in rep 0) data={'pos': 50, 'corr_resp': 'c', 'thisN': 2, 'thisTrialN': 2, 'thisRepN': 0}>
10.5012 	EXP 	fixation: autoDraw = False
10.5012 	EXP 	line1: autoDraw = False
10.5012 	EXP 	line2: autoDraw = False
10.5012 	EXP 	line3: autoDraw = False
10.5012 	EXP 	line4: autoDraw = False
10.5012 	EXP 	probe: autoDraw = False
10.5012 	EXP 	fixation: autoDraw = True
11.5003 	EXP 	fixation: autoDraw = False
11.5003 	EXP 	line1: autoDraw = True
11.5003 	EXP 	line2: autoDraw = True
11.5003 	EXP 	line3: autoDraw = True
11.5003 	EXP 	line4: autoDraw = True
12.5003 	INFO 	Keyboard events cleared
12.4994 	EXP 	probe: autoDraw = True
14.0841 	EXP 	New trial (rep=0, index=3): <Trial 3 (3 in rep 0) data={'pos': -150, 'corr_resp': 'z', 'thisN': 3, 'thisTrialN': 3, 'thisRepN': 0}>
14.0867 	DATA 	Keypress: c
14.0980 	EXP 	fixation: autoDraw = False
14.0980 	EXP 	line1: autoDraw = False
14.0980 	EXP 	line2: autoDraw = False
14.0980 	EXP 	line3: autoDraw = False
14.0980 	EXP 	line4: autoDraw = False
14.0980 	EXP 	probe: autoDraw = False
14.0980 	EXP 	fixation: autoDraw = True
15.0971 	EXP 	fixation: autoDraw = False
15.0971 	EXP 	line1: autoDraw = True
15.0971 	EXP 	line2: autoDraw = True
15.0971 	EXP 	line3: autoDraw = True
15.0971 	EXP 	line4: autoDraw = True
16.0973 	INFO 	Keyboard events cleared
16.0964 	EXP 	probe: autoDraw = True
17.1319 	EXP 	New trial (rep=1, index=0): <Trial 4 (0 in rep 1) data={'pos': -50, 'corr_resp': 'x', 'thisN': 4, 'thisTrialN': 0, 'thisRepN': 1}>
17.1344 	DATA 	Keypress: z
17.1456 	EXP 	fixation: autoDraw = False
17.1456 	EXP 	line1: autoDraw = False
17.1456 	EXP 	line2: autoDraw = False
17.1456 	EXP 	line3: autoDraw = False
17.1456 	EXP 	line4: autoDraw = False
17.1456 	EXP 	probe: autoDraw = False
17.1456 	EXP 	fixation: autoDraw = True
18.1445 	EXP 	line1: autoDraw = True
18.1445 	EXP 	line2: autoDraw = True
18.1445 	EXP 	line3: autoDraw = True
18.1445 	EXP 	line4: autoDraw = True
18.1611 	EXP 	fixation: autoDraw = False
19.1446 	INFO 	Keyboard events cleared
19.1438 	EXP 	probe: autoDraw = True
20.0457 	EXP 	New trial (rep=1, index=1): <Trial 5 (1 in rep 1) data={'pos': 150, 'corr_resp': 'v', 'thisN': 5, 'thisTrialN': 1, 'thisRepN': 1}>
20.0481 	DATA 	Keypress: x
20.0596 	EXP 	fixation: autoDraw = False
20.0596 	EXP 	line1: autoDraw = False
20.0596 	EXP 	line2: autoDraw = False
20.0596 	EXP 	line3: autoDraw = False
20.0596 	EXP 	line4: autoDraw = False
20.0596 	EXP 	probe: autoDraw = False
20.0596 	EXP 	fixation: autoDraw = True
21.0586 	EXP 	line1: autoDraw = True
21.0586 	EXP 	line2: autoDraw = True
21.0586 	EXP 	line3: autoDraw = True
21.0586 	EXP 	line4: autoDraw = True
21.0753 	EXP 	fixation: autoDraw = False
22.0587 	INFO 	Keyboard events cleared
22.0578 	EXP 	probe: autoDraw = True
23.0929 	EXP 	New trial (rep=1, index=2): <Trial 6 (2 in rep 1) data={'pos': 50, 'corr_resp': 'c', 'thisN': 6, 'thisTrialN': 2, 'thisRepN': 1}>
23.0957 	DATA 	Keypress: v
23.1070 	EXP 	fixation: autoDraw = False
23.1070 	EXP 	line1: autoDraw = False
23.1070 	EXP 	line2: autoDraw = False
23.1070 	EXP 	line3: autoDraw = False
23.1070 	EXP 	line4: autoDraw = False
23.1070 	EXP 	probe: autoDraw = False
23.1070 	EXP 	fixation: autoDraw = True
24.1058 	EXP 	line1: autoDraw = True
24.1058 	EXP 	line2: autoDraw = True
24.1058 	EXP 	line3: autoDraw = True
24.1058 	EXP 	line4: autoDraw = True
24.1225 	EXP 	fixation: autoDraw = False
25.1059 	INFO 	Keyboard events cleared
25.1051 	EXP 	probe: autoDraw = True
29.6893 	DATA 	Keypress: c
29.7035 	EXP 	New trial (rep=1, index=3): <Trial 7 (3 in rep 1) data={'pos': -150, 'corr_resp': 'z', 'thisN': 7, 'thisTrialN': 3, 'thisRepN': 1}>
29.7178 	EXP 	fixation: autoDraw = False
29.7178 	EXP 	line1: autoDraw = False
29.7178 	EXP 	line2: autoDraw = False
29.7178 	EXP 	line3: autoDraw = False
29.7178 	EXP 	line4: autoDraw = False
29.7178 	EXP 	probe: autoDraw = False
29.7178 	EXP 	fixation: autoDraw = True
30.7169 	EXP 	fixation: autoDraw = False
30.7169 	EXP 	line1: autoDraw = True
30.7169 	EXP 	line2: autoDraw = True
30.7169 	EXP 	line3: autoDraw = True
30.7169 	EXP 	line4: autoDraw = True
31.7169 	INFO 	Keyboard events cleared
31.7161 	EXP 	probe: autoDraw = True
32.6344 	EXP 	New trial (rep=2, index=0): <Trial 8 (0 in rep 2) data={'pos': -50, 'corr_resp': 'x', 'thisN': 8, 'thisTrialN': 0, 'thisRepN': 2}>
32.6371 	DATA 	Keypress: z
32.6486 	EXP 	fixation: autoDraw = False
32.6486 	EXP 	line1: autoDraw = False
32.6486 	EXP 	line2: autoDraw = False
32.6486 	EXP 	line3: autoDraw = False
32.6486 	EXP 	line4: autoDraw = False
32.6486 	EXP 	probe: autoDraw = False
32.6486 	EXP 	fixation: autoDraw = True
33.6475 	EXP 	fixation: autoDraw = False
33.6475 	EXP 	line1: autoDraw = True
33.6475 	EXP 	line2: autoDraw = True
33.6475 	EXP 	line3: autoDraw = True
33.6475 	EXP 	line4: autoDraw = True
34.6475 	INFO 	Keyboard events cleared
34.6467 	EXP 	probe: autoDraw = True
35.4841 	DATA 	Keypress: x
35.4989 	EXP 	New trial (rep=2, index=1): <Trial 9 (1 in rep 2) data={'pos': 150, 'corr_resp': 'v', 'thisN': 9, 'thisTrialN': 1, 'thisRepN': 2}>
35.5126 	EXP 	fixation: autoDraw = False
35.5126 	EXP 	line1: autoDraw = False
35.5126 	EXP 	line2: autoDraw = False
35.5126 	EXP 	line3: autoDraw = False
35.5126 	EXP 	line4: autoDraw = False
35.5126 	EXP 	probe: autoDraw = False
35.5126 	EXP 	fixation: autoDraw = True
36.5118 	EXP 	fixation: autoDraw = False
36.5118 	EXP 	line1: autoDraw = True
36.5118 	EXP 	line2: autoDraw = True
36.5118 	EXP 	line3: autoDraw = True
36.5118 	EXP 	line4: autoDraw = True
37.5118 	INFO 	Keyboard events cleared
37.5110 	EXP 	probe: autoDraw = True
38.6959 	EXP 	New trial (rep=2, index=2): <Trial 10 (2 in rep 2) data={'pos': 50, 'corr_resp': 'c', 'thisN': 10, 'thisTrialN': 2, 'thisRepN': 2}>
38.6983 	DATA 	Keypress: v
38.7098 	EXP 	fixation: autoDraw = False
38.7098 	EXP 	line1: autoDraw = False
38.7098 	EXP 	line2: autoDraw = False
38.7098 	EXP 	line3: autoDraw = False
38.7098 	EXP 	line4: autoDraw = False
38.7098 	EXP 	probe: autoDraw = False
38.7098 	EXP 	fixation: autoDraw = True
39.7091 	EXP 	fixation: autoDraw = False
39.7091 	EXP 	line1: autoDraw = True
39.7091 	EXP 	line2: autoDraw = True
39.7091 	EXP 	line3: autoDraw = True
39.7091 	EXP 	line4: autoDraw = True
40.7090 	INFO 	Keyboard events cleared
40.7082 	EXP 	probe: autoDraw = True
41.3932 	EXP 	New trial (rep=2, index=3): <Trial 11 (3 in rep 2) data={'pos': -150, 'corr_resp': 'z', 'thisN': 11, 'thisTrialN': 3, 'thisRepN': 2}>
41.3956 	DATA 	Keypress: c
41.4076 	EXP 	fixation: autoDraw = False
41.4076 	EXP 	line1: autoDraw = False
41.4076 	EXP 	line2: autoDraw = False
41.4076 	EXP 	line3: autoDraw = False
41.4076 	EXP 	line4: autoDraw = False
41.4076 	EXP 	probe: autoDraw = False
41.4076 	EXP 	fixation: autoDraw = True
42.4068 	EXP 	fixation: autoDraw = False
42.4068 	EXP 	line1: autoDraw = True
42.4068 	EXP 	line2: autoDraw = True
42.4068 	EXP 	line3: autoDraw = True
42.4068 	EXP 	line4: autoDraw = True
42.6609 	DATA 	Mouse: Left button down, pos=(804,711)
42.8611 	DATA 	Mouse:  Left button up, pos=(804,711)
43.4069 	INFO 	Keyboard events cleared
43.4060 	EXP 	probe: autoDraw = True
43.8268 	DATA 	Mouse: Left button down, pos=(804,711)
44.0600 	DATA 	Mouse:  Left button up, pos=(804,711)
44.0606 	DATA 	Mouse: Left button down, pos=(804,711)
44.0749 	EXP 	New trial (rep=3, index=0): <Trial 12 (0 in rep 3) data={'pos': -50, 'corr_resp': 'x', 'thisN': 12, 'thisTrialN': 0, 'thisRepN': 3}>
44.0774 	DATA 	Keypress: z
44.0885 	EXP 	fixation: autoDraw = False
44.0885 	EXP 	line1: autoDraw = False
44.0885 	EXP 	line2: autoDraw = False
44.0885 	EXP 	line3: autoDraw = False
44.0885 	EXP 	line4: autoDraw = False
44.0885 	EXP 	probe: autoDraw = False
44.0885 	EXP 	fixation: autoDraw = True
44.2743 	DATA 	Mouse:  Left button up, pos=(804,711)
45.0876 	EXP 	fixation: autoDraw = False
45.0876 	EXP 	line1: autoDraw = True
45.0876 	EXP 	line2: autoDraw = True
45.0876 	EXP 	line3: autoDraw = True
45.0876 	EXP 	line4: autoDraw = True
46.0877 	INFO 	Keyboard events cleared
46.0869 	EXP 	probe: autoDraw = True
46.6409 	DATA 	Keypress: x
46.6556 	EXP 	New trial (rep=3, index=1): <Trial 13 (1 in rep 3) data={'pos': 150, 'corr_resp': 'v', 'thisN': 13, 'thisTrialN': 1, 'thisRepN': 3}>
46.6695 	EXP 	fixation: autoDraw = False
46.6695 	EXP 	line1: autoDraw = False
46.6695 	EXP 	line2: autoDraw = False
46.6695 	EXP 	line3: autoDraw = False
46.6695 	EXP 	line4: autoDraw = False
46.6695 	EXP 	probe: autoDraw = False
46.6695 	EXP 	fixation: autoDraw = True
47.6687 	EXP 	fixation: autoDraw = False
47.6687 	EXP 	line1: autoDraw = True
47.6687 	EXP 	line2: autoDraw = True
47.6687 	EXP 	line3: autoDraw = True
47.6687 	EXP 	line4: autoDraw = True
48.6688 	INFO 	Keyboard events cleared
48.6680 	EXP 	probe: autoDraw = True
49.1214 	DATA 	Keypress: v
49.1365 	EXP 	New trial (rep=3, index=2): <Trial 14 (2 in rep 3) data={'pos': 50, 'corr_resp': 'c', 'thisN': 14, 'thisTrialN': 2, 'thisRepN': 3}>
49.1508 	EXP 	fixation: autoDraw = False
49.1508 	EXP 	line1: autoDraw = False
49.1508 	EXP 	line2: autoDraw = False
49.1508 	EXP 	line3: autoDraw = False
49.1508 	EXP 	line4: autoDraw = False
49.1508 	EXP 	probe: autoDraw = False
49.1508 	EXP 	fixation: autoDraw = True
50.1500 	EXP 	line1: autoDraw = True
50.1500 	EXP 	line2: autoDraw = True
50.1500 	EXP 	line3: autoDraw = True
50.1500 	EXP 	line4: autoDraw = True
50.1667 	EXP 	fixation: autoDraw = False
51.1499 	INFO 	Keyboard events cleared
51.1490 	EXP 	probe: autoDraw = True
52.5025 	DATA 	Keypress: c
52.5171 	EXP 	New trial (rep=3, index=3): <Trial 15 (3 in rep 3) data={'pos': -150, 'corr_resp': 'z', 'thisN': 15, 'thisTrialN': 3, 'thisRepN': 3}>
52.5311 	EXP 	fixation: autoDraw = False
52.5311 	EXP 	line1: autoDraw = False
52.5311 	EXP 	line2: autoDraw = False
52.5311 	EXP 	line3: autoDraw = False
52.5311 	EXP 	line4: autoDraw = False
52.5311 	EXP 	probe: autoDraw = False
52.5311 	EXP 	fixation: autoDraw = True
53.5304 	EXP 	fixation: autoDraw = False
53.5304 	EXP 	line1: autoDraw = True
53.5304 	EXP 	line2: autoDraw = True
53.5304 	EXP 	line3: autoDraw = True
53.5304 	EXP 	line4: autoDraw = True
54.5303 	INFO 	Keyboard events cleared
54.5294 	EXP 	probe: autoDraw = True
55.1647 	EXP 	New trial (rep=4, index=0): <Trial 16 (0 in rep 4) data={'pos': -50, 'corr_resp': 'x', 'thisN': 16, 'thisTrialN': 0, 'thisRepN': 4}>
55.1671 	DATA 	Keypress: z
55.1789 	EXP 	fixation: autoDraw = False
55.1789 	EXP 	line1: autoDraw = False
55.1789 	EXP 	line2: autoDraw = False
55.1789 	EXP 	line3: autoDraw = False
55.1789 	EXP 	line4: autoDraw = False
55.1789 	EXP 	probe: autoDraw = False
55.1789 	EXP 	fixation: autoDraw = True
56.1780 	EXP 	fixation: autoDraw = False
56.1780 	EXP 	line1: autoDraw = True
56.1780 	EXP 	line2: autoDraw = True
56.1780 	EXP 	line3: autoDraw = True
56.1780 	EXP 	line4: autoDraw = True
57.1777 	INFO 	Keyboard events cleared
57.1770 	EXP 	probe: autoDraw = True
57.8461 	EXP 	New trial (rep=4, index=1): <Trial 17 (1 in rep 4) data={'pos': 150, 'corr_resp': 'v', 'thisN': 17, 'thisTrialN': 1, 'thisRepN': 4}>
57.8487 	DATA 	Keypress: x
57.8598 	EXP 	fixation: autoDraw = False
57.8598 	EXP 	line1: autoDraw = False
57.8598 	EXP 	line2: autoDraw = False
57.8598 	EXP 	line3: autoDraw = False
57.8598 	EXP 	line4: autoDraw = False
57.8598 	EXP 	probe: autoDraw = False
57.8598 	EXP 	fixation: autoDraw = True
58.8590 	EXP 	fixation: autoDraw = False
58.8590 	EXP 	line1: autoDraw = True
58.8590 	EXP 	line2: autoDraw = True
58.8590 	EXP 	line3: autoDraw = True
58.8590 	EXP 	line4: autoDraw = True
59.8590 	INFO 	Keyboard events cleared
59.8581 	EXP 	probe: autoDraw = True
60.2934 	EXP 	New trial (rep=4, index=2): <Trial 18 (2 in rep 4) data={'pos': 50, 'corr_resp': 'c', 'thisN': 18, 'thisTrialN': 2, 'thisRepN': 4}>
60.2958 	DATA 	Keypress: v
60.3078 	EXP 	fixation: autoDraw = False
60.3078 	EXP 	line1: autoDraw = False
60.3078 	EXP 	line2: autoDraw = False
60.3078 	EXP 	line3: autoDraw = False
60.3078 	EXP 	line4: autoDraw = False
60.3078 	EXP 	probe: autoDraw = False
60.3078 	EXP 	fixation: autoDraw = True
61.3068 	EXP 	fixation: autoDraw = False
61.3068 	EXP 	line1: autoDraw = True
61.3068 	EXP 	line2: autoDraw = True
61.3068 	EXP 	line3: autoDraw = True
61.3068 	EXP 	line4: autoDraw = True
62.3070 	INFO 	Keyboard events cleared
62.3061 	EXP 	probe: autoDraw = True
62.7752 	EXP 	New trial (rep=4, index=3): <Trial 19 (3 in rep 4) data={'pos': -150, 'corr_resp': 'z', 'thisN': 19, 'thisTrialN': 3, 'thisRepN': 4}>
62.7780 	DATA 	Keypress: c
62.7889 	EXP 	fixation: autoDraw = False
62.7889 	EXP 	line1: autoDraw = False
62.7889 	EXP 	line2: autoDraw = False
62.7889 	EXP 	line3: autoDraw = False
62.7889 	EXP 	line4: autoDraw = False
62.7889 	EXP 	probe: autoDraw = False
62.7889 	EXP 	fixation: autoDraw = True
63.7880 	EXP 	fixation: autoDraw = False
63.7880 	EXP 	line1: autoDraw = True
63.7880 	EXP 	line2: autoDraw = True
63.7880 	EXP 	line3: autoDraw = True
63.7880 	EXP 	line4: autoDraw = True
64.7880 	INFO 	Keyboard events cleared
64.7872 	EXP 	probe: autoDraw = True
65.7224 	EXP 	New trial (rep=5, index=0): <Trial 20 (0 in rep 5) data={'pos': -50, 'corr_resp': 'x', 'thisN': 20, 'thisTrialN': 0, 'thisRepN': 5}>
65.7249 	DATA 	Keypress: z
65.7363 	EXP 	fixation: autoDraw = False
65.7363 	EXP 	line1: autoDraw = False
65.7363 	EXP 	line2: autoDraw = False
65.7363 	EXP 	line3: autoDraw = False
65.7363 	EXP 	line4: autoDraw = False
65.7363 	EXP 	probe: autoDraw = False
65.7363 	EXP 	fixation: autoDraw = True
66.7355 	EXP 	fixation: autoDraw = False
66.7355 	EXP 	line1: autoDraw = True
66.7355 	EXP 	line2: autoDraw = True
66.7355 	EXP 	line3: autoDraw = True
66.7355 	EXP 	line4: autoDraw = True
67.7355 	INFO 	Keyboard events cleared
67.7347 	EXP 	probe: autoDraw = True
68.5862 	EXP 	New trial (rep=5, index=1): <Trial 21 (1 in rep 5) data={'pos': 150, 'corr_resp': 'v', 'thisN': 21, 'thisTrialN': 1, 'thisRepN': 5}>
68.5888 	DATA 	Keypress: c
68.6005 	EXP 	fixation: autoDraw = False
68.6005 	EXP 	line1: autoDraw = False
68.6005 	EXP 	line2: autoDraw = False
68.6005 	EXP 	line3: autoDraw = False
68.6005 	EXP 	line4: autoDraw = False
68.6005 	EXP 	probe: autoDraw = False
68.6005 	EXP 	fixation: autoDraw = True
69.5996 	EXP 	fixation: autoDraw = False
69.5996 	EXP 	line1: autoDraw = True
69.5996 	EXP 	line2: autoDraw = True
69.5996 	EXP 	line3: autoDraw = True
69.5996 	EXP 	line4: autoDraw = True
70.5998 	INFO 	Keyboard events cleared
70.5990 	EXP 	probe: autoDraw = True
71.9169 	EXP 	New trial (rep=5, index=2): <Trial 22 (2 in rep 5) data={'pos': 50, 'corr_resp': 'c', 'thisN': 22, 'thisTrialN': 2, 'thisRepN': 5}>
71.9194 	DATA 	Keypress: v
71.9309 	EXP 	fixation: autoDraw = False
71.9309 	EXP 	line1: autoDraw = False
71.9309 	EXP 	line2: autoDraw = False
71.9309 	EXP 	line3: autoDraw = False
71.9309 	EXP 	line4: autoDraw = False
71.9309 	EXP 	probe: autoDraw = False
71.9309 	EXP 	fixation: autoDraw = True
72.9302 	EXP 	fixation: autoDraw = False
72.9302 	EXP 	line1: autoDraw = True
72.9302 	EXP 	line2: autoDraw = True
72.9302 	EXP 	line3: autoDraw = True
72.9302 	EXP 	line4: autoDraw = True
73.9299 	INFO 	Keyboard events cleared
73.9291 	EXP 	probe: autoDraw = True
75.1474 	EXP 	New trial (rep=5, index=3): <Trial 23 (3 in rep 5) data={'pos': -150, 'corr_resp': 'z', 'thisN': 23, 'thisTrialN': 3, 'thisRepN': 5}>
75.1497 	DATA 	Keypress: c
75.1615 	EXP 	fixation: autoDraw = False
75.1615 	EXP 	line1: autoDraw = False
75.1615 	EXP 	line2: autoDraw = False
75.1615 	EXP 	line3: autoDraw = False
75.1615 	EXP 	line4: autoDraw = False
75.1615 	EXP 	probe: autoDraw = False
75.1615 	EXP 	fixation: autoDraw = True
76.1606 	EXP 	fixation: autoDraw = False
76.1606 	EXP 	line1: autoDraw = True
76.1606 	EXP 	line2: autoDraw = True
76.1606 	EXP 	line3: autoDraw = True
76.1606 	EXP 	line4: autoDraw = True
77.1606 	INFO 	Keyboard events cleared
77.1597 	EXP 	probe: autoDraw = True
78.2278 	EXP 	New trial (rep=6, index=0): <Trial 24 (0 in rep 6) data={'pos': -50, 'corr_resp': 'x', 'thisN': 24, 'thisTrialN': 0, 'thisRepN': 6}>
78.2301 	DATA 	Keypress: z
78.2421 	EXP 	fixation: autoDraw = False
78.2421 	EXP 	line1: autoDraw = False
78.2421 	EXP 	line2: autoDraw = False
78.2421 	EXP 	line3: autoDraw = False
78.2421 	EXP 	line4: autoDraw = False
78.2421 	EXP 	probe: autoDraw = False
78.2421 	EXP 	fixation: autoDraw = True
79.2412 	EXP 	fixation: autoDraw = False
79.2412 	EXP 	line1: autoDraw = True
79.2412 	EXP 	line2: autoDraw = True
79.2412 	EXP 	line3: autoDraw = True
79.2412 	EXP 	line4: autoDraw = True
80.2411 	INFO 	Keyboard events cleared
80.2403 	EXP 	probe: autoDraw = True
81.0258 	EXP 	New trial (rep=6, index=1): <Trial 25 (1 in rep 6) data={'pos': 150, 'corr_resp': 'v', 'thisN': 25, 'thisTrialN': 1, 'thisRepN': 6}>
81.0282 	DATA 	Keypress: x
81.0397 	EXP 	fixation: autoDraw = False
81.0397 	EXP 	line1: autoDraw = False
81.0397 	EXP 	line2: autoDraw = False
81.0397 	EXP 	line3: autoDraw = False
81.0397 	EXP 	line4: autoDraw = False
81.0397 	EXP 	probe: autoDraw = False
81.0397 	EXP 	fixation: autoDraw = True
82.0389 	EXP 	fixation: autoDraw = False
82.0389 	EXP 	line1: autoDraw = True
82.0389 	EXP 	line2: autoDraw = True
82.0389 	EXP 	line3: autoDraw = True
82.0389 	EXP 	line4: autoDraw = True
83.0389 	INFO 	Keyboard events cleared
83.0380 	EXP 	probe: autoDraw = True
83.6896 	EXP 	New trial (rep=6, index=2): <Trial 26 (2 in rep 6) data={'pos': 50, 'corr_resp': 'c', 'thisN': 26, 'thisTrialN': 2, 'thisRepN': 6}>
83.6920 	DATA 	Keypress: v
83.7039 	EXP 	fixation: autoDraw = False
83.7039 	EXP 	line1: autoDraw = False
83.7039 	EXP 	line2: autoDraw = False
83.7039 	EXP 	line3: autoDraw = False
83.7039 	EXP 	line4: autoDraw = False
83.7039 	EXP 	probe: autoDraw = False
83.7039 	EXP 	fixation: autoDraw = True
84.7032 	EXP 	fixation: autoDraw = False
84.7032 	EXP 	line1: autoDraw = True
84.7032 	EXP 	line2: autoDraw = True
84.7032 	EXP 	line3: autoDraw = True
84.7032 	EXP 	line4: autoDraw = True
85.7030 	INFO 	Keyboard events cleared
85.7022 	EXP 	probe: autoDraw = True
86.6896 	DATA 	Keypress: c
86.7039 	EXP 	New trial (rep=6, index=3): <Trial 27 (3 in rep 6) data={'pos': -150, 'corr_resp': 'z', 'thisN': 27, 'thisTrialN': 3, 'thisRepN': 6}>
86.7182 	EXP 	fixation: autoDraw = False
86.7182 	EXP 	line1: autoDraw = False
86.7182 	EXP 	line2: autoDraw = False
86.7182 	EXP 	line3: autoDraw = False
86.7182 	EXP 	line4: autoDraw = False
86.7182 	EXP 	probe: autoDraw = False
86.7182 	EXP 	fixation: autoDraw = True
87.7172 	EXP 	fixation: autoDraw = False
87.7172 	EXP 	line1: autoDraw = True
87.7172 	EXP 	line2: autoDraw = True
87.7172 	EXP 	line3: autoDraw = True
87.7172 	EXP 	line4: autoDraw = True
87.9037 	DATA 	Mouse: Left button down, pos=(804,711)
88.1206 	DATA 	Mouse:  Left button up, pos=(804,711)
88.7172 	INFO 	Keyboard events cleared
88.7163 	EXP 	probe: autoDraw = True
89.6183 	EXP 	New trial (rep=7, index=0): <Trial 28 (0 in rep 7) data={'pos': -50, 'corr_resp': 'x', 'thisN': 28, 'thisTrialN': 0, 'thisRepN': 7}>
89.6208 	DATA 	Keypress: z
89.6322 	EXP 	fixation: autoDraw = False
89.6322 	EXP 	line1: autoDraw = False
89.6322 	EXP 	line2: autoDraw = False
89.6322 	EXP 	line3: autoDraw = False
89.6322 	EXP 	line4: autoDraw = False
89.6322 	EXP 	probe: autoDraw = False
89.6322 	EXP 	fixation: autoDraw = True
90.6314 	EXP 	fixation: autoDraw = False
90.6314 	EXP 	line1: autoDraw = True
90.6314 	EXP 	line2: autoDraw = True
90.6314 	EXP 	line3: autoDraw = True
90.6314 	EXP 	line4: autoDraw = True
91.0014 	DATA 	Mouse: Left button down, pos=(804,711)
91.2180 	DATA 	Mouse:  Left button up, pos=(804,711)
91.6314 	INFO 	Keyboard events cleared
91.6304 	EXP 	probe: autoDraw = True
92.6153 	EXP 	New trial (rep=7, index=1): <Trial 29 (1 in rep 7) data={'pos': 150, 'corr_resp': 'v', 'thisN': 29, 'thisTrialN': 1, 'thisRepN': 7}>
92.6178 	DATA 	Keypress: x
92.6296 	EXP 	fixation: autoDraw = False
92.6296 	EXP 	line1: autoDraw = False
92.6296 	EXP 	line2: autoDraw = False
92.6296 	EXP 	line3: autoDraw = False
92.6296 	EXP 	line4: autoDraw = False
92.6296 	EXP 	probe: autoDraw = False
92.6296 	EXP 	fixation: autoDraw = True
93.6287 	EXP 	fixation: autoDraw = False
93.6287 	EXP 	line1: autoDraw = True
93.6287 	EXP 	line2: autoDraw = True
93.6287 	EXP 	line3: autoDraw = True
93.6287 	EXP 	line4: autoDraw = True
94.6287 	INFO 	Keyboard events cleared
94.6279 	EXP 	probe: autoDraw = True
95.2632 	EXP 	New trial (rep=7, index=2): <Trial 30 (2 in rep 7) data={'pos': 50, 'corr_resp': 'c', 'thisN': 30, 'thisTrialN': 2, 'thisRepN': 7}>
95.2658 	DATA 	Keypress: v
95.2771 	EXP 	fixation: autoDraw = False
95.2771 	EXP 	line1: autoDraw = False
95.2771 	EXP 	line2: autoDraw = False
95.2771 	EXP 	line3: autoDraw = False
95.2771 	EXP 	line4: autoDraw = False
95.2771 	EXP 	probe: autoDraw = False
95.2771 	EXP 	fixation: autoDraw = True
96.2765 	EXP 	fixation: autoDraw = False
96.2765 	EXP 	line1: autoDraw = True
96.2765 	EXP 	line2: autoDraw = True
96.2765 	EXP 	line3: autoDraw = True
96.2765 	EXP 	line4: autoDraw = True
97.2763 	INFO 	Keyboard events cleared
97.2755 	EXP 	probe: autoDraw = True
97.9444 	EXP 	New trial (rep=7, index=3): <Trial 31 (3 in rep 7) data={'pos': -150, 'corr_resp': 'z', 'thisN': 31, 'thisTrialN': 3, 'thisRepN': 7}>
97.9469 	DATA 	Keypress: c
97.9583 	EXP 	fixation: autoDraw = False
97.9583 	EXP 	line1: autoDraw = False
97.9583 	EXP 	line2: autoDraw = False
97.9583 	EXP 	line3: autoDraw = False
97.9583 	EXP 	line4: autoDraw = False
97.9583 	EXP 	probe: autoDraw = False
97.9583 	EXP 	fixation: autoDraw = True
98.9574 	EXP 	line1: autoDraw = True
98.9574 	EXP 	line2: autoDraw = True
98.9574 	EXP 	line3: autoDraw = True
98.9574 	EXP 	line4: autoDraw = True
98.9739 	EXP 	fixation: autoDraw = False
99.9574 	INFO 	Keyboard events cleared
99.9565 	EXP 	probe: autoDraw = True
100.9082 	EXP 	New trial (rep=8, index=0): <Trial 32 (0 in rep 8) data={'pos': -50, 'corr_resp': 'x', 'thisN': 32, 'thisTrialN': 0, 'thisRepN': 8}>
100.9106 	DATA 	Keypress: z
100.9223 	EXP 	fixation: autoDraw = False
100.9223 	EXP 	line1: autoDraw = False
100.9223 	EXP 	line2: autoDraw = False
100.9223 	EXP 	line3: autoDraw = False
100.9223 	EXP 	line4: autoDraw = False
100.9223 	EXP 	probe: autoDraw = False
100.9223 	EXP 	fixation: autoDraw = True
101.9214 	EXP 	fixation: autoDraw = False
101.9214 	EXP 	line1: autoDraw = True
101.9214 	EXP 	line2: autoDraw = True
101.9214 	EXP 	line3: autoDraw = True
101.9214 	EXP 	line4: autoDraw = True
102.9215 	INFO 	Keyboard events cleared
102.9206 	EXP 	probe: autoDraw = True
104.1381 	EXP 	New trial (rep=8, index=1): <Trial 33 (1 in rep 8) data={'pos': 150, 'corr_resp': 'v', 'thisN': 33, 'thisTrialN': 1, 'thisRepN': 8}>
104.1410 	DATA 	Keypress: x
104.1525 	EXP 	fixation: autoDraw = False
104.1525 	EXP 	line1: autoDraw = False
104.1525 	EXP 	line2: autoDraw = False
104.1525 	EXP 	line3: autoDraw = False
104.1525 	EXP 	line4: autoDraw = False
104.1525 	EXP 	probe: autoDraw = False
104.1525 	EXP 	fixation: autoDraw = True
105.1521 	EXP 	fixation: autoDraw = False
105.1521 	EXP 	line1: autoDraw = True
105.1521 	EXP 	line2: autoDraw = True
105.1521 	EXP 	line3: autoDraw = True
105.1521 	EXP 	line4: autoDraw = True
106.1520 	INFO 	Keyboard events cleared
106.1510 	EXP 	probe: autoDraw = True
106.7032 	EXP 	New trial (rep=8, index=2): <Trial 34 (2 in rep 8) data={'pos': 50, 'corr_resp': 'c', 'thisN': 34, 'thisTrialN': 2, 'thisRepN': 8}>
106.7061 	DATA 	Keypress: v
106.7172 	EXP 	fixation: autoDraw = False
106.7172 	EXP 	line1: autoDraw = False
106.7172 	EXP 	line2: autoDraw = False
106.7172 	EXP 	line3: autoDraw = False
106.7172 	EXP 	line4: autoDraw = False
106.7172 	EXP 	probe: autoDraw = False
106.7172 	EXP 	fixation: autoDraw = True
107.7166 	EXP 	fixation: autoDraw = False
107.7166 	EXP 	line1: autoDraw = True
107.7166 	EXP 	line2: autoDraw = True
107.7166 	EXP 	line3: autoDraw = True
107.7166 	EXP 	line4: autoDraw = True
108.7163 	INFO 	Keyboard events cleared
108.7155 	EXP 	probe: autoDraw = True
109.2676 	EXP 	New trial (rep=8, index=3): <Trial 35 (3 in rep 8) data={'pos': -150, 'corr_resp': 'z', 'thisN': 35, 'thisTrialN': 3, 'thisRepN': 8}>
109.2699 	DATA 	Keypress: c
109.2817 	EXP 	fixation: autoDraw = False
109.2817 	EXP 	line1: autoDraw = False
109.2817 	EXP 	line2: autoDraw = False
109.2817 	EXP 	line3: autoDraw = False
109.2817 	EXP 	line4: autoDraw = False
109.2817 	EXP 	probe: autoDraw = False
109.2817 	EXP 	fixation: autoDraw = True
110.2809 	EXP 	fixation: autoDraw = False
110.2809 	EXP 	line1: autoDraw = True
110.2809 	EXP 	line2: autoDraw = True
110.2809 	EXP 	line3: autoDraw = True
110.2809 	EXP 	line4: autoDraw = True
111.2809 	INFO 	Keyboard events cleared
111.2801 	EXP 	probe: autoDraw = True
111.9490 	EXP 	New trial (rep=9, index=0): <Trial 36 (0 in rep 9) data={'pos': -50, 'corr_resp': 'x', 'thisN': 36, 'thisTrialN': 0, 'thisRepN': 9}>
111.9516 	DATA 	Keypress: z
111.9627 	EXP 	fixation: autoDraw = False
111.9627 	EXP 	line1: autoDraw = False
111.9627 	EXP 	line2: autoDraw = False
111.9627 	EXP 	line3: autoDraw = False
111.9627 	EXP 	line4: autoDraw = False
111.9627 	EXP 	probe: autoDraw = False
111.9627 	EXP 	fixation: autoDraw = True
112.9619 	EXP 	line1: autoDraw = True
112.9619 	EXP 	line2: autoDraw = True
112.9619 	EXP 	line3: autoDraw = True
112.9619 	EXP 	line4: autoDraw = True
112.9785 	EXP 	fixation: autoDraw = False
113.9620 	INFO 	Keyboard events cleared
113.9611 	EXP 	probe: autoDraw = True
114.4796 	EXP 	New trial (rep=9, index=1): <Trial 37 (1 in rep 9) data={'pos': 150, 'corr_resp': 'v', 'thisN': 37, 'thisTrialN': 1, 'thisRepN': 9}>
114.4821 	DATA 	Keypress: x
114.4937 	EXP 	fixation: autoDraw = False
114.4937 	EXP 	line1: autoDraw = False
114.4937 	EXP 	line2: autoDraw = False
114.4937 	EXP 	line3: autoDraw = False
114.4937 	EXP 	line4: autoDraw = False
114.4937 	EXP 	probe: autoDraw = False
114.4937 	EXP 	fixation: autoDraw = True
115.4930 	EXP 	fixation: autoDraw = False
115.4930 	EXP 	line1: autoDraw = True
115.4930 	EXP 	line2: autoDraw = True
115.4930 	EXP 	line3: autoDraw = True
115.4930 	EXP 	line4: autoDraw = True
116.4929 	INFO 	Keyboard events cleared
116.4921 	EXP 	probe: autoDraw = True
117.2271 	EXP 	New trial (rep=9, index=2): <Trial 38 (2 in rep 9) data={'pos': 50, 'corr_resp': 'c', 'thisN': 38, 'thisTrialN': 2, 'thisRepN': 9}>
117.2296 	DATA 	Keypress: v
117.2414 	EXP 	fixation: autoDraw = False
117.2414 	EXP 	line1: autoDraw = False
117.2414 	EXP 	line2: autoDraw = False
117.2414 	EXP 	line3: autoDraw = False
117.2414 	EXP 	line4: autoDraw = False
117.2414 	EXP 	probe: autoDraw = False
117.2414 	EXP 	fixation: autoDraw = True
118.2407 	EXP 	fixation: autoDraw = False
118.2407 	EXP 	line1: autoDraw = True
118.2407 	EXP 	line2: autoDraw = True
118.2407 	EXP 	line3: autoDraw = True
118.2407 	EXP 	line4: autoDraw = True
119.2406 	INFO 	Keyboard events cleared
119.2398 	EXP 	probe: autoDraw = True
119.7109 	DATA 	Keypress: c
119.7250 	EXP 	New trial (rep=9, index=3): <Trial 39 (3 in rep 9) data={'pos': -150, 'corr_resp': 'z', 'thisN': 39, 'thisTrialN': 3, 'thisRepN': 9}>
119.7392 	EXP 	fixation: autoDraw = False
119.7392 	EXP 	line1: autoDraw = False
119.7392 	EXP 	line2: autoDraw = False
119.7392 	EXP 	line3: autoDraw = False
119.7392 	EXP 	line4: autoDraw = False
119.7392 	EXP 	probe: autoDraw = False
119.7392 	EXP 	fixation: autoDraw = True
120.7384 	EXP 	fixation: autoDraw = False
120.7384 	EXP 	line1: autoDraw = True
120.7384 	EXP 	line2: autoDraw = True
120.7384 	EXP 	line3: autoDraw = True
120.7384 	EXP 	line4: autoDraw = True
121.7382 	INFO 	Keyboard events cleared
121.7374 	EXP 	probe: autoDraw = True
122.4226 	EXP 	New trial (rep=10, index=0): <Trial 40 (0 in rep 10) data={'pos': -50, 'corr_resp': 'x', 'thisN': 40, 'thisTrialN': 0, 'thisRepN': 10}>
122.4250 	DATA 	Keypress: z
122.4369 	EXP 	fixation: autoDraw = False
122.4369 	EXP 	line1: autoDraw = False
122.4369 	EXP 	line2: autoDraw = False
122.4369 	EXP 	line3: autoDraw = False
122.4369 	EXP 	line4: autoDraw = False
122.4369 	EXP 	probe: autoDraw = False
122.4369 	EXP 	fixation: autoDraw = True
123.4360 	EXP 	fixation: autoDraw = False
123.4360 	EXP 	line1: autoDraw = True
123.4360 	EXP 	line2: autoDraw = True
123.4360 	EXP 	line3: autoDraw = True
123.4360 	EXP 	line4: autoDraw = True
124.4359 	INFO 	Keyboard events cleared
124.4351 	EXP 	probe: autoDraw = True
125.2045 	EXP 	New trial (rep=10, index=1): <Trial 41 (1 in rep 10) data={'pos': 150, 'corr_resp': 'v', 'thisN': 41, 'thisTrialN': 1, 'thisRepN': 10}>
125.2069 	DATA 	Keypress: x
125.2177 	EXP 	fixation: autoDraw = False
125.2177 	EXP 	line1: autoDraw = False
125.2177 	EXP 	line2: autoDraw = False
125.2177 	EXP 	line3: autoDraw = False
125.2177 	EXP 	line4: autoDraw = False
125.2177 	EXP 	probe: autoDraw = False
125.2177 	EXP 	fixation: autoDraw = True
126.2169 	EXP 	fixation: autoDraw = False
126.2169 	EXP 	line1: autoDraw = True
126.2169 	EXP 	line2: autoDraw = True
126.2169 	EXP 	line3: autoDraw = True
126.2169 	EXP 	line4: autoDraw = True
127.2169 	INFO 	Keyboard events cleared
127.2161 	EXP 	probe: autoDraw = True
127.6852 	EXP 	New trial (rep=10, index=2): <Trial 42 (2 in rep 10) data={'pos': 50, 'corr_resp': 'c', 'thisN': 42, 'thisTrialN': 2, 'thisRepN': 10}>
127.6879 	DATA 	Keypress: v
127.6990 	EXP 	fixation: autoDraw = False
127.6990 	EXP 	line1: autoDraw = False
127.6990 	EXP 	line2: autoDraw = False
127.6990 	EXP 	line3: autoDraw = False
127.6990 	EXP 	line4: autoDraw = False
127.6990 	EXP 	probe: autoDraw = False
127.6990 	EXP 	fixation: autoDraw = True
128.6980 	EXP 	fixation: autoDraw = False
128.6980 	EXP 	line1: autoDraw = True
128.6980 	EXP 	line2: autoDraw = True
128.6980 	EXP 	line3: autoDraw = True
128.6980 	EXP 	line4: autoDraw = True
129.6980 	INFO 	Keyboard events cleared
129.6972 	EXP 	probe: autoDraw = True
130.4007 	EXP 	New trial (rep=10, index=3): <Trial 43 (3 in rep 10) data={'pos': -150, 'corr_resp': 'z', 'thisN': 43, 'thisTrialN': 3, 'thisRepN': 10}>
130.4030 	DATA 	Keypress: c
130.4132 	EXP 	fixation: autoDraw = False
130.4132 	EXP 	line1: autoDraw = False
130.4132 	EXP 	line2: autoDraw = False
130.4132 	EXP 	line3: autoDraw = False
130.4132 	EXP 	line4: autoDraw = False
130.4132 	EXP 	probe: autoDraw = False
130.4132 	EXP 	fixation: autoDraw = True
131.4124 	EXP 	fixation: autoDraw = False
131.4124 	EXP 	line1: autoDraw = True
131.4124 	EXP 	line2: autoDraw = True
131.4124 	EXP 	line3: autoDraw = True
131.4124 	EXP 	line4: autoDraw = True
132.4122 	INFO 	Keyboard events cleared
132.4115 	EXP 	probe: autoDraw = True
133.4631 	EXP 	New trial (rep=11, index=0): <Trial 44 (0 in rep 11) data={'pos': -50, 'corr_resp': 'x', 'thisN': 44, 'thisTrialN': 0, 'thisRepN': 11}>
133.4655 	DATA 	Keypress: z
133.4771 	EXP 	fixation: autoDraw = False
133.4771 	EXP 	line1: autoDraw = False
133.4771 	EXP 	line2: autoDraw = False
133.4771 	EXP 	line3: autoDraw = False
133.4771 	EXP 	line4: autoDraw = False
133.4771 	EXP 	probe: autoDraw = False
133.4771 	EXP 	fixation: autoDraw = True
134.4764 	EXP 	fixation: autoDraw = False
134.4764 	EXP 	line1: autoDraw = True
134.4764 	EXP 	line2: autoDraw = True
134.4764 	EXP 	line3: autoDraw = True
134.4764 	EXP 	line4: autoDraw = True
135.4763 	INFO 	Keyboard events cleared
135.4755 	EXP 	probe: autoDraw = True
136.1274 	EXP 	New trial (rep=11, index=1): <Trial 45 (1 in rep 11) data={'pos': 150, 'corr_resp': 'v', 'thisN': 45, 'thisTrialN': 1, 'thisRepN': 11}>
136.1297 	DATA 	Keypress: x
136.1416 	EXP 	fixation: autoDraw = False
136.1416 	EXP 	line1: autoDraw = False
136.1416 	EXP 	line2: autoDraw = False
136.1416 	EXP 	line3: autoDraw = False
136.1416 	EXP 	line4: autoDraw = False
136.1416 	EXP 	probe: autoDraw = False
136.1416 	EXP 	fixation: autoDraw = True
137.1407 	EXP 	fixation: autoDraw = False
137.1407 	EXP 	line1: autoDraw = True
137.1407 	EXP 	line2: autoDraw = True
137.1407 	EXP 	line3: autoDraw = True
137.1407 	EXP 	line4: autoDraw = True
138.1406 	INFO 	Keyboard events cleared
138.1398 	EXP 	probe: autoDraw = True
138.7093 	EXP 	New trial (rep=11, index=2): <Trial 46 (2 in rep 11) data={'pos': 50, 'corr_resp': 'c', 'thisN': 46, 'thisTrialN': 2, 'thisRepN': 11}>
138.7117 	DATA 	Keypress: v
138.7226 	EXP 	fixation: autoDraw = False
138.7226 	EXP 	line1: autoDraw = False
138.7226 	EXP 	line2: autoDraw = False
138.7226 	EXP 	line3: autoDraw = False
138.7226 	EXP 	line4: autoDraw = False
138.7226 	EXP 	probe: autoDraw = False
138.7226 	EXP 	fixation: autoDraw = True
139.7216 	EXP 	fixation: autoDraw = False
139.7216 	EXP 	line1: autoDraw = True
139.7216 	EXP 	line2: autoDraw = True
139.7216 	EXP 	line3: autoDraw = True
139.7216 	EXP 	line4: autoDraw = True
140.7216 	INFO 	Keyboard events cleared
140.7208 	EXP 	probe: autoDraw = True
141.4101 	DATA 	Keypress: c
141.4226 	EXP 	New trial (rep=11, index=3): <Trial 47 (3 in rep 11) data={'pos': -150, 'corr_resp': 'z', 'thisN': 47, 'thisTrialN': 3, 'thisRepN': 11}>
141.4369 	EXP 	fixation: autoDraw = False
141.4369 	EXP 	line1: autoDraw = False
141.4369 	EXP 	line2: autoDraw = False
141.4369 	EXP 	line3: autoDraw = False
141.4369 	EXP 	line4: autoDraw = False
141.4369 	EXP 	probe: autoDraw = False
141.4369 	EXP 	fixation: autoDraw = True
142.4360 	EXP 	fixation: autoDraw = False
142.4360 	EXP 	line1: autoDraw = True
142.4360 	EXP 	line2: autoDraw = True
142.4360 	EXP 	line3: autoDraw = True
142.4360 	EXP 	line4: autoDraw = True
143.4360 	INFO 	Keyboard events cleared
143.4352 	EXP 	probe: autoDraw = True
144.4867 	EXP 	New trial (rep=12, index=0): <Trial 48 (0 in rep 12) data={'pos': -50, 'corr_resp': 'x', 'thisN': 48, 'thisTrialN': 0, 'thisRepN': 12}>
144.4892 	DATA 	Keypress: z
144.5010 	EXP 	fixation: autoDraw = False
144.5010 	EXP 	line1: autoDraw = False
144.5010 	EXP 	line2: autoDraw = False
144.5010 	EXP 	line3: autoDraw = False
144.5010 	EXP 	line4: autoDraw = False
144.5010 	EXP 	probe: autoDraw = False
144.5010 	EXP 	fixation: autoDraw = True
145.5001 	EXP 	fixation: autoDraw = False
145.5001 	EXP 	line1: autoDraw = True
145.5001 	EXP 	line2: autoDraw = True
145.5001 	EXP 	line3: autoDraw = True
145.5001 	EXP 	line4: autoDraw = True
146.5002 	INFO 	Keyboard events cleared
146.4992 	EXP 	probe: autoDraw = True
147.4842 	EXP 	New trial (rep=12, index=1): <Trial 49 (1 in rep 12) data={'pos': 150, 'corr_resp': 'v', 'thisN': 49, 'thisTrialN': 1, 'thisRepN': 12}>
147.4871 	DATA 	Keypress: x
147.4982 	EXP 	fixation: autoDraw = False
147.4982 	EXP 	line1: autoDraw = False
147.4982 	EXP 	line2: autoDraw = False
147.4982 	EXP 	line3: autoDraw = False
147.4982 	EXP 	line4: autoDraw = False
147.4982 	EXP 	probe: autoDraw = False
147.4982 	EXP 	fixation: autoDraw = True
148.4974 	EXP 	fixation: autoDraw = False
148.4974 	EXP 	line1: autoDraw = True
148.4974 	EXP 	line2: autoDraw = True
148.4974 	EXP 	line3: autoDraw = True
148.4974 	EXP 	line4: autoDraw = True
149.4973 	INFO 	Keyboard events cleared
149.4965 	EXP 	probe: autoDraw = True
150.1984 	EXP 	New trial (rep=12, index=2): <Trial 50 (2 in rep 12) data={'pos': 50, 'corr_resp': 'c', 'thisN': 50, 'thisTrialN': 2, 'thisRepN': 12}>
150.2008 	DATA 	Keypress: v
150.2125 	EXP 	fixation: autoDraw = False
150.2125 	EXP 	line1: autoDraw = False
150.2125 	EXP 	line2: autoDraw = False
150.2125 	EXP 	line3: autoDraw = False
150.2125 	EXP 	line4: autoDraw = False
150.2125 	EXP 	probe: autoDraw = False
150.2125 	EXP 	fixation: autoDraw = True
151.2118 	EXP 	fixation: autoDraw = False
151.2118 	EXP 	line1: autoDraw = True
151.2118 	EXP 	line2: autoDraw = True
151.2118 	EXP 	line3: autoDraw = True
151.2118 	EXP 	line4: autoDraw = True
152.2119 	INFO 	Keyboard events cleared
152.2109 	EXP 	probe: autoDraw = True
152.9127 	EXP 	New trial (rep=12, index=3): <Trial 51 (3 in rep 12) data={'pos': -150, 'corr_resp': 'z', 'thisN': 51, 'thisTrialN': 3, 'thisRepN': 12}>
152.9151 	DATA 	Keypress: c
152.9268 	EXP 	fixation: autoDraw = False
152.9268 	EXP 	line1: autoDraw = False
152.9268 	EXP 	line2: autoDraw = False
152.9268 	EXP 	line3: autoDraw = False
152.9268 	EXP 	line4: autoDraw = False
152.9268 	EXP 	probe: autoDraw = False
152.9268 	EXP 	fixation: autoDraw = True
153.9261 	EXP 	fixation: autoDraw = False
153.9261 	EXP 	line1: autoDraw = True
153.9261 	EXP 	line2: autoDraw = True
153.9261 	EXP 	line3: autoDraw = True
153.9261 	EXP 	line4: autoDraw = True
154.9259 	INFO 	Keyboard events cleared
154.9251 	EXP 	probe: autoDraw = True
155.4772 	EXP 	New trial (rep=13, index=0): <Trial 52 (0 in rep 13) data={'pos': -50, 'corr_resp': 'x', 'thisN': 52, 'thisTrialN': 0, 'thisRepN': 13}>
155.4797 	DATA 	Keypress: z
155.4915 	EXP 	fixation: autoDraw = False
155.4915 	EXP 	line1: autoDraw = False
155.4915 	EXP 	line2: autoDraw = False
155.4915 	EXP 	line3: autoDraw = False
155.4915 	EXP 	line4: autoDraw = False
155.4915 	EXP 	probe: autoDraw = False
155.4915 	EXP 	fixation: autoDraw = True
156.4905 	EXP 	line1: autoDraw = True
156.4905 	EXP 	line2: autoDraw = True
156.4905 	EXP 	line3: autoDraw = True
156.4905 	EXP 	line4: autoDraw = True
156.5072 	EXP 	fixation: autoDraw = False
157.4903 	INFO 	Keyboard events cleared
157.4895 	EXP 	probe: autoDraw = True
158.1251 	EXP 	New trial (rep=13, index=1): <Trial 53 (1 in rep 13) data={'pos': 150, 'corr_resp': 'v', 'thisN': 53, 'thisTrialN': 1, 'thisRepN': 13}>
158.1276 	DATA 	Keypress: x
158.1390 	EXP 	fixation: autoDraw = False
158.1390 	EXP 	line1: autoDraw = False
158.1390 	EXP 	line2: autoDraw = False
158.1390 	EXP 	line3: autoDraw = False
158.1390 	EXP 	line4: autoDraw = False
158.1390 	EXP 	probe: autoDraw = False
158.1390 	EXP 	fixation: autoDraw = True
159.1382 	EXP 	fixation: autoDraw = False
159.1382 	EXP 	line1: autoDraw = True
159.1382 	EXP 	line2: autoDraw = True
159.1382 	EXP 	line3: autoDraw = True
159.1382 	EXP 	line4: autoDraw = True
160.1383 	INFO 	Keyboard events cleared
160.1373 	EXP 	probe: autoDraw = True
160.5229 	EXP 	New trial (rep=13, index=2): <Trial 54 (2 in rep 13) data={'pos': 50, 'corr_resp': 'c', 'thisN': 54, 'thisTrialN': 2, 'thisRepN': 13}>
160.5258 	DATA 	Keypress: v
160.5369 	EXP 	fixation: autoDraw = False
160.5369 	EXP 	line1: autoDraw = False
160.5369 	EXP 	line2: autoDraw = False
160.5369 	EXP 	line3: autoDraw = False
160.5369 	EXP 	line4: autoDraw = False
160.5369 	EXP 	probe: autoDraw = False
160.5369 	EXP 	fixation: autoDraw = True
161.5361 	EXP 	fixation: autoDraw = False
161.5361 	EXP 	line1: autoDraw = True
161.5361 	EXP 	line2: autoDraw = True
161.5361 	EXP 	line3: autoDraw = True
161.5361 	EXP 	line4: autoDraw = True
162.5361 	INFO 	Keyboard events cleared
162.5352 	EXP 	probe: autoDraw = True
163.0741 	DATA 	Keypress: c
163.0873 	EXP 	New trial (rep=13, index=3): <Trial 55 (3 in rep 13) data={'pos': -150, 'corr_resp': 'z', 'thisN': 55, 'thisTrialN': 3, 'thisRepN': 13}>
163.1016 	EXP 	fixation: autoDraw = False
163.1016 	EXP 	line1: autoDraw = False
163.1016 	EXP 	line2: autoDraw = False
163.1016 	EXP 	line3: autoDraw = False
163.1016 	EXP 	line4: autoDraw = False
163.1016 	EXP 	probe: autoDraw = False
163.1016 	EXP 	fixation: autoDraw = True
164.1007 	EXP 	line1: autoDraw = True
164.1007 	EXP 	line2: autoDraw = True
164.1007 	EXP 	line3: autoDraw = True
164.1007 	EXP 	line4: autoDraw = True
164.1172 	EXP 	fixation: autoDraw = False
165.1007 	INFO 	Keyboard events cleared
165.0999 	EXP 	probe: autoDraw = True
165.4023 	EXP 	New trial (rep=14, index=0): <Trial 56 (0 in rep 14) data={'pos': -50, 'corr_resp': 'x', 'thisN': 56, 'thisTrialN': 0, 'thisRepN': 14}>
165.4047 	DATA 	Keypress: z
165.4159 	EXP 	fixation: autoDraw = False
165.4159 	EXP 	line1: autoDraw = False
165.4159 	EXP 	line2: autoDraw = False
165.4159 	EXP 	line3: autoDraw = False
165.4159 	EXP 	line4: autoDraw = False
165.4159 	EXP 	probe: autoDraw = False
165.4159 	EXP 	fixation: autoDraw = True
166.4153 	EXP 	fixation: autoDraw = False
166.4153 	EXP 	line1: autoDraw = True
166.4153 	EXP 	line2: autoDraw = True
166.4153 	EXP 	line3: autoDraw = True
166.4153 	EXP 	line4: autoDraw = True
167.4152 	INFO 	Keyboard events cleared
167.4143 	EXP 	probe: autoDraw = True
168.1164 	EXP 	New trial (rep=14, index=1): <Trial 57 (1 in rep 14) data={'pos': 150, 'corr_resp': 'v', 'thisN': 57, 'thisTrialN': 1, 'thisRepN': 14}>
168.1189 	DATA 	Keypress: x
168.1305 	EXP 	fixation: autoDraw = False
168.1305 	EXP 	line1: autoDraw = False
168.1305 	EXP 	line2: autoDraw = False
168.1305 	EXP 	line3: autoDraw = False
168.1305 	EXP 	line4: autoDraw = False
168.1305 	EXP 	probe: autoDraw = False
168.1305 	EXP 	fixation: autoDraw = True
169.1295 	EXP 	line1: autoDraw = True
169.1295 	EXP 	line2: autoDraw = True
169.1295 	EXP 	line3: autoDraw = True
169.1295 	EXP 	line4: autoDraw = True
169.1461 	EXP 	fixation: autoDraw = False
170.1294 	INFO 	Keyboard events cleared
170.1286 	EXP 	probe: autoDraw = True
170.4495 	DATA 	Keypress: v
170.4642 	EXP 	New trial (rep=14, index=2): <Trial 58 (2 in rep 14) data={'pos': 50, 'corr_resp': 'c', 'thisN': 58, 'thisTrialN': 2, 'thisRepN': 14}>
170.4783 	EXP 	fixation: autoDraw = False
170.4783 	EXP 	line1: autoDraw = False
170.4783 	EXP 	line2: autoDraw = False
170.4783 	EXP 	line3: autoDraw = False
170.4783 	EXP 	line4: autoDraw = False
170.4783 	EXP 	probe: autoDraw = False
170.4783 	EXP 	fixation: autoDraw = True
171.4776 	EXP 	fixation: autoDraw = False
171.4776 	EXP 	line1: autoDraw = True
171.4776 	EXP 	line2: autoDraw = True
171.4776 	EXP 	line3: autoDraw = True
171.4776 	EXP 	line4: autoDraw = True
172.4772 	INFO 	Keyboard events cleared
172.4764 	EXP 	probe: autoDraw = True
172.7787 	EXP 	New trial (rep=14, index=3): <Trial 59 (3 in rep 14) data={'pos': -150, 'corr_resp': 'z', 'thisN': 59, 'thisTrialN': 3, 'thisRepN': 14}>
172.7819 	DATA 	Keypress: c
172.7928 	EXP 	fixation: autoDraw = False
172.7928 	EXP 	line1: autoDraw = False
172.7928 	EXP 	line2: autoDraw = False
172.7928 	EXP 	line3: autoDraw = False
172.7928 	EXP 	line4: autoDraw = False
172.7928 	EXP 	probe: autoDraw = False
172.7928 	EXP 	fixation: autoDraw = True
173.7920 	EXP 	fixation: autoDraw = False
173.7920 	EXP 	line1: autoDraw = True
173.7920 	EXP 	line2: autoDraw = True
173.7920 	EXP 	line3: autoDraw = True
173.7920 	EXP 	line4: autoDraw = True
174.7925 	INFO 	Keyboard events cleared
174.7914 	EXP 	probe: autoDraw = True
175.2293 	DATA 	Keypress: z
175.2434 	EXP 	New trial (rep=15, index=0): <Trial 60 (0 in rep 15) data={'pos': -50, 'corr_resp': 'x', 'thisN': 60, 'thisTrialN': 0, 'thisRepN': 15}>
175.2575 	EXP 	fixation: autoDraw = False
175.2575 	EXP 	line1: autoDraw = False
175.2575 	EXP 	line2: autoDraw = False
175.2575 	EXP 	line3: autoDraw = False
175.2575 	EXP 	line4: autoDraw = False
175.2575 	EXP 	probe: autoDraw = False
175.2575 	EXP 	fixation: autoDraw = True
176.2566 	EXP 	fixation: autoDraw = False
176.2566 	EXP 	line1: autoDraw = True
176.2566 	EXP 	line2: autoDraw = True
176.2566 	EXP 	line3: autoDraw = True
176.2566 	EXP 	line4: autoDraw = True
177.2565 	INFO 	Keyboard events cleared
177.2557 	EXP 	probe: autoDraw = True
178.2241 	EXP 	New trial (rep=15, index=1): <Trial 61 (1 in rep 15) data={'pos': 150, 'corr_resp': 'v', 'thisN': 61, 'thisTrialN': 1, 'thisRepN': 15}>
178.2266 	DATA 	Keypress: c
178.2383 	EXP 	fixation: autoDraw = False
178.2383 	EXP 	line1: autoDraw = False
178.2383 	EXP 	line2: autoDraw = False
178.2383 	EXP 	line3: autoDraw = False
178.2383 	EXP 	line4: autoDraw = False
178.2383 	EXP 	probe: autoDraw = False
178.2383 	EXP 	fixation: autoDraw = True
179.2374 	EXP 	fixation: autoDraw = False
179.2374 	EXP 	line1: autoDraw = True
179.2374 	EXP 	line2: autoDraw = True
179.2374 	EXP 	line3: autoDraw = True
179.2374 	EXP 	line4: autoDraw = True
180.2373 	INFO 	Keyboard events cleared
180.2364 	EXP 	probe: autoDraw = True
181.9069 	DATA 	Keypress: v
181.9206 	EXP 	New trial (rep=15, index=2): <Trial 62 (2 in rep 15) data={'pos': 50, 'corr_resp': 'c', 'thisN': 62, 'thisTrialN': 2, 'thisRepN': 15}>
181.9350 	EXP 	fixation: autoDraw = False
181.9350 	EXP 	line1: autoDraw = False
181.9350 	EXP 	line2: autoDraw = False
181.9350 	EXP 	line3: autoDraw = False
181.9350 	EXP 	line4: autoDraw = False
181.9350 	EXP 	probe: autoDraw = False
181.9350 	EXP 	fixation: autoDraw = True
182.9342 	EXP 	fixation: autoDraw = False
182.9342 	EXP 	line1: autoDraw = True
182.9342 	EXP 	line2: autoDraw = True
182.9342 	EXP 	line3: autoDraw = True
182.9342 	EXP 	line4: autoDraw = True
183.9341 	INFO 	Keyboard events cleared
183.9333 	EXP 	probe: autoDraw = True
184.6356 	EXP 	New trial (rep=15, index=3): <Trial 63 (3 in rep 15) data={'pos': -150, 'corr_resp': 'z', 'thisN': 63, 'thisTrialN': 3, 'thisRepN': 15}>
184.6381 	DATA 	Keypress: c
184.6496 	EXP 	fixation: autoDraw = False
184.6496 	EXP 	line1: autoDraw = False
184.6496 	EXP 	line2: autoDraw = False
184.6496 	EXP 	line3: autoDraw = False
184.6496 	EXP 	line4: autoDraw = False
184.6496 	EXP 	probe: autoDraw = False
184.6496 	EXP 	fixation: autoDraw = True
185.6484 	EXP 	line1: autoDraw = True
185.6484 	EXP 	line2: autoDraw = True
185.6484 	EXP 	line3: autoDraw = True
185.6484 	EXP 	line4: autoDraw = True
185.6650 	EXP 	fixation: autoDraw = False
186.6484 	INFO 	Keyboard events cleared
186.6476 	EXP 	probe: autoDraw = True
187.5162 	EXP 	New trial (rep=16, index=0): <Trial 64 (0 in rep 16) data={'pos': -50, 'corr_resp': 'x', 'thisN': 64, 'thisTrialN': 0, 'thisRepN': 16}>
187.5189 	DATA 	Keypress: z
187.5302 	EXP 	fixation: autoDraw = False
187.5302 	EXP 	line1: autoDraw = False
187.5302 	EXP 	line2: autoDraw = False
187.5302 	EXP 	line3: autoDraw = False
187.5302 	EXP 	line4: autoDraw = False
187.5302 	EXP 	probe: autoDraw = False
187.5302 	EXP 	fixation: autoDraw = True
188.5292 	EXP 	line1: autoDraw = True
188.5292 	EXP 	line2: autoDraw = True
188.5292 	EXP 	line3: autoDraw = True
188.5292 	EXP 	line4: autoDraw = True
188.5460 	EXP 	fixation: autoDraw = False
189.5292 	INFO 	Keyboard events cleared
189.5285 	EXP 	probe: autoDraw = True
190.0143 	EXP 	New trial (rep=16, index=1): <Trial 65 (1 in rep 16) data={'pos': 150, 'corr_resp': 'v', 'thisN': 65, 'thisTrialN': 1, 'thisRepN': 16}>
190.0167 	DATA 	Keypress: x
190.0279 	EXP 	fixation: autoDraw = False
190.0279 	EXP 	line1: autoDraw = False
190.0279 	EXP 	line2: autoDraw = False
190.0279 	EXP 	line3: autoDraw = False
190.0279 	EXP 	line4: autoDraw = False
190.0279 	EXP 	probe: autoDraw = False
190.0279 	EXP 	fixation: autoDraw = True
191.0271 	EXP 	fixation: autoDraw = False
191.0271 	EXP 	line1: autoDraw = True
191.0271 	EXP 	line2: autoDraw = True
191.0271 	EXP 	line3: autoDraw = True
191.0271 	EXP 	line4: autoDraw = True
192.0270 	INFO 	Keyboard events cleared
192.0262 	EXP 	probe: autoDraw = True
192.3451 	EXP 	New trial (rep=16, index=2): <Trial 66 (2 in rep 16) data={'pos': 50, 'corr_resp': 'c', 'thisN': 66, 'thisTrialN': 2, 'thisRepN': 16}>
192.3475 	DATA 	Keypress: v
192.3591 	EXP 	fixation: autoDraw = False
192.3591 	EXP 	line1: autoDraw = False
192.3591 	EXP 	line2: autoDraw = False
192.3591 	EXP 	line3: autoDraw = False
192.3591 	EXP 	line4: autoDraw = False
192.3591 	EXP 	probe: autoDraw = False
192.3591 	EXP 	fixation: autoDraw = True
193.3584 	EXP 	fixation: autoDraw = False
193.3584 	EXP 	line1: autoDraw = True
193.3584 	EXP 	line2: autoDraw = True
193.3584 	EXP 	line3: autoDraw = True
193.3584 	EXP 	line4: autoDraw = True
194.3583 	INFO 	Keyboard events cleared
194.3574 	EXP 	probe: autoDraw = True
195.0261 	EXP 	New trial (rep=16, index=3): <Trial 67 (3 in rep 16) data={'pos': -150, 'corr_resp': 'z', 'thisN': 67, 'thisTrialN': 3, 'thisRepN': 16}>
195.0287 	DATA 	Keypress: c
195.0402 	EXP 	fixation: autoDraw = False
195.0402 	EXP 	line1: autoDraw = False
195.0402 	EXP 	line2: autoDraw = False
195.0402 	EXP 	line3: autoDraw = False
195.0402 	EXP 	line4: autoDraw = False
195.0402 	EXP 	probe: autoDraw = False
195.0402 	EXP 	fixation: autoDraw = True
196.0395 	EXP 	fixation: autoDraw = False
196.0395 	EXP 	line1: autoDraw = True
196.0395 	EXP 	line2: autoDraw = True
196.0395 	EXP 	line3: autoDraw = True
196.0395 	EXP 	line4: autoDraw = True
197.0393 	INFO 	Keyboard events cleared
197.0385 	EXP 	probe: autoDraw = True
197.4243 	EXP 	New trial (rep=17, index=0): <Trial 68 (0 in rep 17) data={'pos': -50, 'corr_resp': 'x', 'thisN': 68, 'thisTrialN': 0, 'thisRepN': 17}>
197.4268 	DATA 	Keypress: z
197.4381 	EXP 	fixation: autoDraw = False
197.4381 	EXP 	line1: autoDraw = False
197.4381 	EXP 	line2: autoDraw = False
197.4381 	EXP 	line3: autoDraw = False
197.4381 	EXP 	line4: autoDraw = False
197.4381 	EXP 	probe: autoDraw = False
197.4381 	EXP 	fixation: autoDraw = True
198.4373 	EXP 	fixation: autoDraw = False
198.4373 	EXP 	line1: autoDraw = True
198.4373 	EXP 	line2: autoDraw = True
198.4373 	EXP 	line3: autoDraw = True
198.4373 	EXP 	line4: autoDraw = True
199.4375 	INFO 	Keyboard events cleared
199.4365 	EXP 	probe: autoDraw = True
199.7556 	EXP 	New trial (rep=17, index=1): <Trial 69 (1 in rep 17) data={'pos': 150, 'corr_resp': 'v', 'thisN': 69, 'thisTrialN': 1, 'thisRepN': 17}>
199.7583 	DATA 	Keypress: x
199.7693 	EXP 	fixation: autoDraw = False
199.7693 	EXP 	line1: autoDraw = False
199.7693 	EXP 	line2: autoDraw = False
199.7693 	EXP 	line3: autoDraw = False
199.7693 	EXP 	line4: autoDraw = False
199.7693 	EXP 	probe: autoDraw = False
199.7693 	EXP 	fixation: autoDraw = True
200.7685 	EXP 	fixation: autoDraw = False
200.7685 	EXP 	line1: autoDraw = True
200.7685 	EXP 	line2: autoDraw = True
200.7685 	EXP 	line3: autoDraw = True
200.7685 	EXP 	line4: autoDraw = True
201.7684 	INFO 	Keyboard events cleared
201.7676 	EXP 	probe: autoDraw = True
202.6696 	EXP 	New trial (rep=17, index=2): <Trial 70 (2 in rep 17) data={'pos': 50, 'corr_resp': 'c', 'thisN': 70, 'thisTrialN': 2, 'thisRepN': 17}>
202.6719 	DATA 	Keypress: v
202.6834 	EXP 	fixation: autoDraw = False
202.6834 	EXP 	line1: autoDraw = False
202.6834 	EXP 	line2: autoDraw = False
202.6834 	EXP 	line3: autoDraw = False
202.6834 	EXP 	line4: autoDraw = False
202.6834 	EXP 	probe: autoDraw = False
202.6834 	EXP 	fixation: autoDraw = True
203.6828 	EXP 	fixation: autoDraw = False
203.6828 	EXP 	line1: autoDraw = True
203.6828 	EXP 	line2: autoDraw = True
203.6828 	EXP 	line3: autoDraw = True
203.6828 	EXP 	line4: autoDraw = True
204.6826 	INFO 	Keyboard events cleared
204.6818 	EXP 	probe: autoDraw = True
205.3008 	EXP 	New trial (rep=17, index=3): <Trial 71 (3 in rep 17) data={'pos': -150, 'corr_resp': 'z', 'thisN': 71, 'thisTrialN': 3, 'thisRepN': 17}>
205.3032 	DATA 	Keypress: c
205.3144 	EXP 	fixation: autoDraw = False
205.3144 	EXP 	line1: autoDraw = False
205.3144 	EXP 	line2: autoDraw = False
205.3144 	EXP 	line3: autoDraw = False
205.3144 	EXP 	line4: autoDraw = False
205.3144 	EXP 	probe: autoDraw = False
205.3144 	EXP 	fixation: autoDraw = True
206.3137 	EXP 	fixation: autoDraw = False
206.3137 	EXP 	line1: autoDraw = True
206.3137 	EXP 	line2: autoDraw = True
206.3137 	EXP 	line3: autoDraw = True
206.3137 	EXP 	line4: autoDraw = True
207.3138 	INFO 	Keyboard events cleared
207.3129 	EXP 	probe: autoDraw = True
208.1480 	EXP 	New trial (rep=18, index=0): <Trial 72 (0 in rep 18) data={'pos': -50, 'corr_resp': 'x', 'thisN': 72, 'thisTrialN': 0, 'thisRepN': 18}>
208.1506 	DATA 	Keypress: z
208.1621 	EXP 	fixation: autoDraw = False
208.1621 	EXP 	line1: autoDraw = False
208.1621 	EXP 	line2: autoDraw = False
208.1621 	EXP 	line3: autoDraw = False
208.1621 	EXP 	line4: autoDraw = False
208.1621 	EXP 	probe: autoDraw = False
208.1621 	EXP 	fixation: autoDraw = True
209.1612 	EXP 	fixation: autoDraw = False
209.1612 	EXP 	line1: autoDraw = True
209.1612 	EXP 	line2: autoDraw = True
209.1612 	EXP 	line3: autoDraw = True
209.1612 	EXP 	line4: autoDraw = True
210.1611 	INFO 	Keyboard events cleared
210.1603 	EXP 	probe: autoDraw = True
210.6293 	EXP 	New trial (rep=18, index=1): <Trial 73 (1 in rep 18) data={'pos': 150, 'corr_resp': 'v', 'thisN': 73, 'thisTrialN': 1, 'thisRepN': 18}>
210.6317 	DATA 	Keypress: x
210.6432 	EXP 	fixation: autoDraw = False
210.6432 	EXP 	line1: autoDraw = False
210.6432 	EXP 	line2: autoDraw = False
210.6432 	EXP 	line3: autoDraw = False
210.6432 	EXP 	line4: autoDraw = False
210.6432 	EXP 	probe: autoDraw = False
210.6432 	EXP 	fixation: autoDraw = True
211.6421 	EXP 	line1: autoDraw = True
211.6421 	EXP 	line2: autoDraw = True
211.6421 	EXP 	line3: autoDraw = True
211.6421 	EXP 	line4: autoDraw = True
211.6588 	EXP 	fixation: autoDraw = False
212.6419 	INFO 	Keyboard events cleared
212.6412 	EXP 	probe: autoDraw = True
213.2930 	EXP 	New trial (rep=18, index=2): <Trial 74 (2 in rep 18) data={'pos': 50, 'corr_resp': 'c', 'thisN': 74, 'thisTrialN': 2, 'thisRepN': 18}>
213.2950 	DATA 	Keypress: v
213.3073 	EXP 	fixation: autoDraw = False
213.3073 	EXP 	line1: autoDraw = False
213.3073 	EXP 	line2: autoDraw = False
213.3073 	EXP 	line3: autoDraw = False
213.3073 	EXP 	line4: autoDraw = False
213.3073 	EXP 	probe: autoDraw = False
213.3073 	EXP 	fixation: autoDraw = True
214.3064 	EXP 	fixation: autoDraw = False
214.3064 	EXP 	line1: autoDraw = True
214.3064 	EXP 	line2: autoDraw = True
214.3064 	EXP 	line3: autoDraw = True
214.3064 	EXP 	line4: autoDraw = True
215.3064 	INFO 	Keyboard events cleared
215.3058 	EXP 	probe: autoDraw = True
216.3901 	EXP 	New trial (rep=18, index=3): <Trial 75 (3 in rep 18) data={'pos': -150, 'corr_resp': 'z', 'thisN': 75, 'thisTrialN': 3, 'thisRepN': 18}>
216.3924 	DATA 	Keypress: c
216.4047 	EXP 	fixation: autoDraw = False
216.4047 	EXP 	line1: autoDraw = False
216.4047 	EXP 	line2: autoDraw = False
216.4047 	EXP 	line3: autoDraw = False
216.4047 	EXP 	line4: autoDraw = False
216.4047 	EXP 	probe: autoDraw = False
216.4047 	EXP 	fixation: autoDraw = True
217.4041 	EXP 	fixation: autoDraw = False
217.4041 	EXP 	line1: autoDraw = True
217.4041 	EXP 	line2: autoDraw = True
217.4041 	EXP 	line3: autoDraw = True
217.4041 	EXP 	line4: autoDraw = True
218.4041 	INFO 	Keyboard events cleared
218.4032 	EXP 	probe: autoDraw = True
220.0388 	EXP 	New trial (rep=19, index=0): <Trial 76 (0 in rep 19) data={'pos': -50, 'corr_resp': 'x', 'thisN': 76, 'thisTrialN': 0, 'thisRepN': 19}>
220.0413 	DATA 	Keypress: z
220.0517 	EXP 	fixation: autoDraw = False
220.0517 	EXP 	line1: autoDraw = False
220.0517 	EXP 	line2: autoDraw = False
220.0517 	EXP 	line3: autoDraw = False
220.0517 	EXP 	line4: autoDraw = False
220.0517 	EXP 	probe: autoDraw = False
220.0517 	EXP 	fixation: autoDraw = True
221.0506 	EXP 	line1: autoDraw = True
221.0506 	EXP 	line2: autoDraw = True
221.0506 	EXP 	line3: autoDraw = True
221.0506 	EXP 	line4: autoDraw = True
221.0673 	EXP 	fixation: autoDraw = False
222.0508 	INFO 	Keyboard events cleared
222.0500 	EXP 	probe: autoDraw = True
223.3014 	EXP 	New trial (rep=19, index=1): <Trial 77 (1 in rep 19) data={'pos': 150, 'corr_resp': 'v', 'thisN': 77, 'thisTrialN': 1, 'thisRepN': 19}>
223.3042 	DATA 	Keypress: x
223.3154 	EXP 	fixation: autoDraw = False
223.3154 	EXP 	line1: autoDraw = False
223.3154 	EXP 	line2: autoDraw = False
223.3154 	EXP 	line3: autoDraw = False
223.3154 	EXP 	line4: autoDraw = False
223.3154 	EXP 	probe: autoDraw = False
223.3154 	EXP 	fixation: autoDraw = True
224.3146 	EXP 	fixation: autoDraw = False
224.3146 	EXP 	line1: autoDraw = True
224.3146 	EXP 	line2: autoDraw = True
224.3146 	EXP 	line3: autoDraw = True
224.3146 	EXP 	line4: autoDraw = True
225.3146 	INFO 	Keyboard events cleared
225.3137 	EXP 	probe: autoDraw = True
225.7163 	EXP 	New trial (rep=19, index=2): <Trial 78 (2 in rep 19) data={'pos': 50, 'corr_resp': 'c', 'thisN': 78, 'thisTrialN': 2, 'thisRepN': 19}>
225.7186 	DATA 	Keypress: v
225.7300 	EXP 	fixation: autoDraw = False
225.7300 	EXP 	line1: autoDraw = False
225.7300 	EXP 	line2: autoDraw = False
225.7300 	EXP 	line3: autoDraw = False
225.7300 	EXP 	line4: autoDraw = False
225.7300 	EXP 	probe: autoDraw = False
225.7300 	EXP 	fixation: autoDraw = True
226.7291 	EXP 	fixation: autoDraw = False
226.7291 	EXP 	line1: autoDraw = True
226.7291 	EXP 	line2: autoDraw = True
226.7291 	EXP 	line3: autoDraw = True
226.7291 	EXP 	line4: autoDraw = True
227.7293 	INFO 	Keyboard events cleared
227.7284 	EXP 	probe: autoDraw = True
228.6997 	DATA 	Keypress: c
228.7131 	EXP 	New trial (rep=19, index=3): <Trial 79 (3 in rep 19) data={'pos': -150, 'corr_resp': 'z', 'thisN': 79, 'thisTrialN': 3, 'thisRepN': 19}>
228.7274 	EXP 	fixation: autoDraw = False
228.7274 	EXP 	line1: autoDraw = False
228.7274 	EXP 	line2: autoDraw = False
228.7274 	EXP 	line3: autoDraw = False
228.7274 	EXP 	line4: autoDraw = False
228.7274 	EXP 	probe: autoDraw = False
228.7274 	EXP 	fixation: autoDraw = True
229.7265 	EXP 	fixation: autoDraw = False
229.7265 	EXP 	line1: autoDraw = True
229.7265 	EXP 	line2: autoDraw = True
229.7265 	EXP 	line3: autoDraw = True
229.7265 	EXP 	line4: autoDraw = True
230.7265 	INFO 	Keyboard events cleared
230.7256 	EXP 	probe: autoDraw = True
231.3877 	EXP 	Imported Mot_SeqLearning.csv as conditions, 4 conditions, 2 params
231.3904 	EXP 	New trial (rep=0, index=0): <Trial 0 (0 in rep 0) data={'pos': 50, 'corr_resp': 'c', 'thisN': 0, 'thisTrialN': 0, 'thisRepN': 0}>
231.3933 	DATA 	Keypress: z
231.3969 	EXP 	fixation: autoDraw = False
231.3969 	EXP 	line1: autoDraw = False
231.3969 	EXP 	line2: autoDraw = False
231.3969 	EXP 	line3: autoDraw = False
231.3969 	EXP 	line4: autoDraw = False
231.3969 	EXP 	probe: autoDraw = False
231.3969 	EXP 	fixation: autoDraw = True
232.3908 	EXP 	line1: autoDraw = True
232.3908 	EXP 	line2: autoDraw = True
232.3908 	EXP 	line3: autoDraw = True
232.3908 	EXP 	line4: autoDraw = True
232.4075 	EXP 	fixation: autoDraw = False
233.3908 	INFO 	Keyboard events cleared
233.3900 	EXP 	probe: autoDraw = True
234.1093 	EXP 	New trial (rep=0, index=1): <Trial 1 (1 in rep 0) data={'pos': -50, 'corr_resp': 'x', 'thisN': 1, 'thisTrialN': 1, 'thisRepN': 0}>
234.1120 	DATA 	Keypress: c
234.1230 	EXP 	fixation: autoDraw = False
234.1230 	EXP 	line1: autoDraw = False
234.1230 	EXP 	line2: autoDraw = False
234.1230 	EXP 	line3: autoDraw = False
234.1230 	EXP 	line4: autoDraw = False
234.1230 	EXP 	probe: autoDraw = False
234.1230 	EXP 	fixation: autoDraw = True
235.1219 	EXP 	line1: autoDraw = True
235.1219 	EXP 	line2: autoDraw = True
235.1219 	EXP 	line3: autoDraw = True
235.1219 	EXP 	line4: autoDraw = True
235.1385 	EXP 	fixation: autoDraw = False
236.1218 	INFO 	Keyboard events cleared
236.1210 	EXP 	probe: autoDraw = True
237.1731 	EXP 	New trial (rep=1, index=2): <Trial 2 (2 in rep 1) data={'pos': 50, 'corr_resp': 'c', 'thisN': 2, 'thisTrialN': 2, 'thisRepN': 1}>
237.1756 	DATA 	Keypress: x
237.1867 	EXP 	fixation: autoDraw = False
237.1867 	EXP 	line1: autoDraw = False
237.1867 	EXP 	line2: autoDraw = False
237.1867 	EXP 	line3: autoDraw = False
237.1867 	EXP 	line4: autoDraw = False
237.1867 	EXP 	probe: autoDraw = False
237.1867 	EXP 	fixation: autoDraw = True
238.1859 	EXP 	fixation: autoDraw = False
238.1859 	EXP 	line1: autoDraw = True
238.1859 	EXP 	line2: autoDraw = True
238.1859 	EXP 	line3: autoDraw = True
238.1859 	EXP 	line4: autoDraw = True
239.1858 	INFO 	Keyboard events cleared
239.1850 	EXP 	probe: autoDraw = True
239.8052 	EXP 	New trial (rep=1, index=3): <Trial 3 (3 in rep 1) data={'pos': -50, 'corr_resp': 'x', 'thisN': 3, 'thisTrialN': 3, 'thisRepN': 1}>
239.8077 	DATA 	Keypress: c
239.8178 	EXP 	fixation: autoDraw = False
239.8178 	EXP 	line1: autoDraw = False
239.8178 	EXP 	line2: autoDraw = False
239.8178 	EXP 	line3: autoDraw = False
239.8178 	EXP 	line4: autoDraw = False
239.8178 	EXP 	probe: autoDraw = False
239.8178 	EXP 	fixation: autoDraw = True
240.8170 	EXP 	fixation: autoDraw = False
240.8170 	EXP 	line1: autoDraw = True
240.8170 	EXP 	line2: autoDraw = True
240.8170 	EXP 	line3: autoDraw = True
240.8170 	EXP 	line4: autoDraw = True
241.8169 	INFO 	Keyboard events cleared
241.8160 	EXP 	probe: autoDraw = True
242.3186 	EXP 	New trial (rep=0, index=4): <Trial 4 (4 in rep 0) data={'pos': 150, 'corr_resp': 'v', 'thisN': 4, 'thisTrialN': 4, 'thisRepN': 0}>
242.3211 	DATA 	Keypress: x
242.3323 	EXP 	fixation: autoDraw = False
242.3323 	EXP 	line1: autoDraw = False
242.3323 	EXP 	line2: autoDraw = False
242.3323 	EXP 	line3: autoDraw = False
242.3323 	EXP 	line4: autoDraw = False
242.3323 	EXP 	probe: autoDraw = False
242.3323 	EXP 	fixation: autoDraw = True
243.3314 	EXP 	fixation: autoDraw = False
243.3314 	EXP 	line1: autoDraw = True
243.3314 	EXP 	line2: autoDraw = True
243.3314 	EXP 	line3: autoDraw = True
243.3314 	EXP 	line4: autoDraw = True
244.3313 	INFO 	Keyboard events cleared
244.3305 	EXP 	probe: autoDraw = True
244.9825 	EXP 	New trial (rep=2, index=5): <Trial 5 (5 in rep 2) data={'pos': -50, 'corr_resp': 'x', 'thisN': 5, 'thisTrialN': 5, 'thisRepN': 2}>
244.9854 	DATA 	Keypress: v
244.9966 	EXP 	fixation: autoDraw = False
244.9966 	EXP 	line1: autoDraw = False
244.9966 	EXP 	line2: autoDraw = False
244.9966 	EXP 	line3: autoDraw = False
244.9966 	EXP 	line4: autoDraw = False
244.9966 	EXP 	probe: autoDraw = False
244.9966 	EXP 	fixation: autoDraw = True
245.9956 	EXP 	line1: autoDraw = True
245.9956 	EXP 	line2: autoDraw = True
245.9956 	EXP 	line3: autoDraw = True
245.9956 	EXP 	line4: autoDraw = True
246.0123 	EXP 	fixation: autoDraw = False
246.9961 	INFO 	Keyboard events cleared
246.9951 	EXP 	probe: autoDraw = True
247.5638 	EXP 	New trial (rep=0, index=6): <Trial 6 (6 in rep 0) data={'pos': -150, 'corr_resp': 'z', 'thisN': 6, 'thisTrialN': 6, 'thisRepN': 0}>
247.5665 	DATA 	Keypress: x
247.5776 	EXP 	fixation: autoDraw = False
247.5776 	EXP 	line1: autoDraw = False
247.5776 	EXP 	line2: autoDraw = False
247.5776 	EXP 	line3: autoDraw = False
247.5776 	EXP 	line4: autoDraw = False
247.5776 	EXP 	probe: autoDraw = False
247.5776 	EXP 	fixation: autoDraw = True
248.5769 	EXP 	fixation: autoDraw = False
248.5769 	EXP 	line1: autoDraw = True
248.5769 	EXP 	line2: autoDraw = True
248.5769 	EXP 	line3: autoDraw = True
248.5769 	EXP 	line4: autoDraw = True
249.5768 	INFO 	Keyboard events cleared
249.5760 	EXP 	probe: autoDraw = True
250.5966 	DATA 	Keypress: z
250.6112 	EXP 	New trial (rep=1, index=7): <Trial 7 (7 in rep 1) data={'pos': 150, 'corr_resp': 'v', 'thisN': 7, 'thisTrialN': 7, 'thisRepN': 1}>
250.6249 	EXP 	fixation: autoDraw = False
250.6249 	EXP 	line1: autoDraw = False
250.6249 	EXP 	line2: autoDraw = False
250.6249 	EXP 	line3: autoDraw = False
250.6249 	EXP 	line4: autoDraw = False
250.6249 	EXP 	probe: autoDraw = False
250.6249 	EXP 	fixation: autoDraw = True
251.6243 	EXP 	fixation: autoDraw = False
251.6243 	EXP 	line1: autoDraw = True
251.6243 	EXP 	line2: autoDraw = True
251.6243 	EXP 	line3: autoDraw = True
251.6243 	EXP 	line4: autoDraw = True
252.6241 	INFO 	Keyboard events cleared
252.6232 	EXP 	probe: autoDraw = True
253.2254 	EXP 	New trial (rep=3, index=8): <Trial 8 (8 in rep 3) data={'pos': -50, 'corr_resp': 'x', 'thisN': 8, 'thisTrialN': 8, 'thisRepN': 3}>
253.2278 	DATA 	Keypress: v
253.2394 	EXP 	fixation: autoDraw = False
253.2394 	EXP 	line1: autoDraw = False
253.2394 	EXP 	line2: autoDraw = False
253.2394 	EXP 	line3: autoDraw = False
253.2394 	EXP 	line4: autoDraw = False
253.2394 	EXP 	probe: autoDraw = False
253.2394 	EXP 	fixation: autoDraw = True
254.2386 	EXP 	fixation: autoDraw = False
254.2386 	EXP 	line1: autoDraw = True
254.2386 	EXP 	line2: autoDraw = True
254.2386 	EXP 	line3: autoDraw = True
254.2386 	EXP 	line4: autoDraw = True
255.2385 	INFO 	Keyboard events cleared
255.2377 	EXP 	probe: autoDraw = True
256.1063 	EXP 	New trial (rep=2, index=9): <Trial 9 (9 in rep 2) data={'pos': 150, 'corr_resp': 'v', 'thisN': 9, 'thisTrialN': 9, 'thisRepN': 2}>
256.1088 	DATA 	Keypress: x
256.1201 	EXP 	fixation: autoDraw = False
256.1201 	EXP 	line1: autoDraw = False
256.1201 	EXP 	line2: autoDraw = False
256.1201 	EXP 	line3: autoDraw = False
256.1201 	EXP 	line4: autoDraw = False
256.1201 	EXP 	probe: autoDraw = False
256.1201 	EXP 	fixation: autoDraw = True
257.1195 	EXP 	fixation: autoDraw = False
257.1195 	EXP 	line1: autoDraw = True
257.1195 	EXP 	line2: autoDraw = True
257.1195 	EXP 	line3: autoDraw = True
257.1195 	EXP 	line4: autoDraw = True
258.1194 	INFO 	Keyboard events cleared
258.1185 	EXP 	probe: autoDraw = True
258.6550 	EXP 	New trial (rep=1, index=10): <Trial 10 (10 in rep 1) data={'pos': -150, 'corr_resp': 'z', 'thisN': 10, 'thisTrialN': 10, 'thisRepN': 1}>
258.6574 	DATA 	Keypress: v
258.6681 	EXP 	fixation: autoDraw = False
258.6681 	EXP 	line1: autoDraw = False
258.6681 	EXP 	line2: autoDraw = False
258.6681 	EXP 	line3: autoDraw = False
258.6681 	EXP 	line4: autoDraw = False
258.6681 	EXP 	probe: autoDraw = False
258.6681 	EXP 	fixation: autoDraw = True
259.6673 	EXP 	fixation: autoDraw = False
259.6673 	EXP 	line1: autoDraw = True
259.6673 	EXP 	line2: autoDraw = True
259.6673 	EXP 	line3: autoDraw = True
259.6673 	EXP 	line4: autoDraw = True
260.6683 	INFO 	Keyboard events cleared
260.6670 	EXP 	probe: autoDraw = True
261.7874 	DATA 	Keypress: z
261.8015 	EXP 	New trial (rep=2, index=11): <Trial 11 (11 in rep 2) data={'pos': 50, 'corr_resp': 'c', 'thisN': 11, 'thisTrialN': 11, 'thisRepN': 2}>
261.8153 	EXP 	fixation: autoDraw = False
261.8153 	EXP 	line1: autoDraw = False
261.8153 	EXP 	line2: autoDraw = False
261.8153 	EXP 	line3: autoDraw = False
261.8153 	EXP 	line4: autoDraw = False
261.8153 	EXP 	probe: autoDraw = False
261.8153 	EXP 	fixation: autoDraw = True
262.8144 	EXP 	fixation: autoDraw = False
262.8144 	EXP 	line1: autoDraw = True
262.8144 	EXP 	line2: autoDraw = True
262.8144 	EXP 	line3: autoDraw = True
262.8144 	EXP 	line4: autoDraw = True
263.8143 	INFO 	Keyboard events cleared
263.8135 	EXP 	probe: autoDraw = True
264.5156 	EXP 	New trial (rep=3, index=12): <Trial 12 (12 in rep 3) data={'pos': 50, 'corr_resp': 'c', 'thisN': 12, 'thisTrialN': 12, 'thisRepN': 3}>
264.5183 	DATA 	Keypress: c
264.5295 	EXP 	fixation: autoDraw = False
264.5295 	EXP 	line1: autoDraw = False
264.5295 	EXP 	line2: autoDraw = False
264.5295 	EXP 	line3: autoDraw = False
264.5295 	EXP 	line4: autoDraw = False
264.5295 	EXP 	probe: autoDraw = False
264.5295 	EXP 	fixation: autoDraw = True
265.5287 	EXP 	fixation: autoDraw = False
265.5287 	EXP 	line1: autoDraw = True
265.5287 	EXP 	line2: autoDraw = True
265.5287 	EXP 	line3: autoDraw = True
265.5287 	EXP 	line4: autoDraw = True
266.5285 	INFO 	Keyboard events cleared
266.5277 	EXP 	probe: autoDraw = True
266.9469 	EXP 	New trial (rep=4, index=13): <Trial 13 (13 in rep 4) data={'pos': -50, 'corr_resp': 'x', 'thisN': 13, 'thisTrialN': 13, 'thisRepN': 4}>
266.9493 	DATA 	Keypress: c
266.9607 	EXP 	fixation: autoDraw = False
266.9607 	EXP 	line1: autoDraw = False
266.9607 	EXP 	line2: autoDraw = False
266.9607 	EXP 	line3: autoDraw = False
266.9607 	EXP 	line4: autoDraw = False
266.9607 	EXP 	probe: autoDraw = False
266.9607 	EXP 	fixation: autoDraw = True
267.9599 	EXP 	fixation: autoDraw = False
267.9599 	EXP 	line1: autoDraw = True
267.9599 	EXP 	line2: autoDraw = True
267.9599 	EXP 	line3: autoDraw = True
267.9599 	EXP 	line4: autoDraw = True
268.9600 	INFO 	Keyboard events cleared
268.9592 	EXP 	probe: autoDraw = True
269.7274 	EXP 	New trial (rep=2, index=14): <Trial 14 (14 in rep 2) data={'pos': -150, 'corr_resp': 'z', 'thisN': 14, 'thisTrialN': 14, 'thisRepN': 2}>
269.7298 	DATA 	Keypress: x
269.7417 	EXP 	fixation: autoDraw = False
269.7417 	EXP 	line1: autoDraw = False
269.7417 	EXP 	line2: autoDraw = False
269.7417 	EXP 	line3: autoDraw = False
269.7417 	EXP 	line4: autoDraw = False
269.7417 	EXP 	probe: autoDraw = False
269.7417 	EXP 	fixation: autoDraw = True
270.7408 	EXP 	fixation: autoDraw = False
270.7408 	EXP 	line1: autoDraw = True
270.7408 	EXP 	line2: autoDraw = True
270.7408 	EXP 	line3: autoDraw = True
270.7408 	EXP 	line4: autoDraw = True
271.7409 	INFO 	Keyboard events cleared
271.7400 	EXP 	probe: autoDraw = True
273.5600 	DATA 	Keypress: z
273.5744 	EXP 	New trial (rep=4, index=15): <Trial 15 (15 in rep 4) data={'pos': 50, 'corr_resp': 'c', 'thisN': 15, 'thisTrialN': 15, 'thisRepN': 4}>
273.5882 	EXP 	fixation: autoDraw = False
273.5882 	EXP 	line1: autoDraw = False
273.5882 	EXP 	line2: autoDraw = False
273.5882 	EXP 	line3: autoDraw = False
273.5882 	EXP 	line4: autoDraw = False
273.5882 	EXP 	probe: autoDraw = False
273.5882 	EXP 	fixation: autoDraw = True
274.5875 	EXP 	fixation: autoDraw = False
274.5875 	EXP 	line1: autoDraw = True
274.5875 	EXP 	line2: autoDraw = True
274.5875 	EXP 	line3: autoDraw = True
274.5875 	EXP 	line4: autoDraw = True
275.5874 	INFO 	Keyboard events cleared
275.5866 	EXP 	probe: autoDraw = True
276.8884 	EXP 	New trial (rep=5, index=16): <Trial 16 (16 in rep 5) data={'pos': -50, 'corr_resp': 'x', 'thisN': 16, 'thisTrialN': 16, 'thisRepN': 5}>
276.8908 	DATA 	Keypress: c
276.9020 	EXP 	fixation: autoDraw = False
276.9020 	EXP 	line1: autoDraw = False
276.9020 	EXP 	line2: autoDraw = False
276.9020 	EXP 	line3: autoDraw = False
276.9020 	EXP 	line4: autoDraw = False
276.9020 	EXP 	probe: autoDraw = False
276.9020 	EXP 	fixation: autoDraw = True
277.9013 	EXP 	fixation: autoDraw = False
277.9013 	EXP 	line1: autoDraw = True
277.9013 	EXP 	line2: autoDraw = True
277.9013 	EXP 	line3: autoDraw = True
277.9013 	EXP 	line4: autoDraw = True
278.9012 	INFO 	Keyboard events cleared
278.9004 	EXP 	probe: autoDraw = True
280.4683 	EXP 	New trial (rep=6, index=17): <Trial 17 (17 in rep 6) data={'pos': -50, 'corr_resp': 'x', 'thisN': 17, 'thisTrialN': 17, 'thisRepN': 6}>
280.4711 	DATA 	Keypress: x
280.4824 	EXP 	fixation: autoDraw = False
280.4824 	EXP 	line1: autoDraw = False
280.4824 	EXP 	line2: autoDraw = False
280.4824 	EXP 	line3: autoDraw = False
280.4824 	EXP 	line4: autoDraw = False
280.4824 	EXP 	probe: autoDraw = False
280.4824 	EXP 	fixation: autoDraw = True
281.4815 	EXP 	fixation: autoDraw = False
281.4815 	EXP 	line1: autoDraw = True
281.4815 	EXP 	line2: autoDraw = True
281.4815 	EXP 	line3: autoDraw = True
281.4815 	EXP 	line4: autoDraw = True
282.4814 	INFO 	Keyboard events cleared
282.4806 	EXP 	probe: autoDraw = True
283.3334 	EXP 	New trial (rep=3, index=18): <Trial 18 (18 in rep 3) data={'pos': -150, 'corr_resp': 'z', 'thisN': 18, 'thisTrialN': 18, 'thisRepN': 3}>
283.3369 	DATA 	Keypress: x
283.3464 	EXP 	fixation: autoDraw = False
283.3464 	EXP 	line1: autoDraw = False
283.3464 	EXP 	line2: autoDraw = False
283.3464 	EXP 	line3: autoDraw = False
283.3464 	EXP 	line4: autoDraw = False
283.3464 	EXP 	probe: autoDraw = False
283.3464 	EXP 	fixation: autoDraw = True
284.3459 	EXP 	fixation: autoDraw = False
284.3459 	EXP 	line1: autoDraw = True
284.3459 	EXP 	line2: autoDraw = True
284.3459 	EXP 	line3: autoDraw = True
284.3459 	EXP 	line4: autoDraw = True
285.3457 	INFO 	Keyboard events cleared
285.3449 	EXP 	probe: autoDraw = True
286.1820 	DATA 	Keypress: z
286.1965 	EXP 	New trial (rep=3, index=19): <Trial 19 (19 in rep 3) data={'pos': 150, 'corr_resp': 'v', 'thisN': 19, 'thisTrialN': 19, 'thisRepN': 3}>
286.2105 	EXP 	fixation: autoDraw = False
286.2105 	EXP 	line1: autoDraw = False
286.2105 	EXP 	line2: autoDraw = False
286.2105 	EXP 	line3: autoDraw = False
286.2105 	EXP 	line4: autoDraw = False
286.2105 	EXP 	probe: autoDraw = False
286.2105 	EXP 	fixation: autoDraw = True
287.2098 	EXP 	fixation: autoDraw = False
287.2098 	EXP 	line1: autoDraw = True
287.2098 	EXP 	line2: autoDraw = True
287.2098 	EXP 	line3: autoDraw = True
287.2098 	EXP 	line4: autoDraw = True
288.2098 	INFO 	Keyboard events cleared
288.2090 	EXP 	probe: autoDraw = True
288.9640 	DATA 	Keypress: v
288.9776 	EXP 	New trial (rep=4, index=20): <Trial 20 (20 in rep 4) data={'pos': -150, 'corr_resp': 'z', 'thisN': 20, 'thisTrialN': 20, 'thisRepN': 4}>
288.9916 	EXP 	fixation: autoDraw = False
288.9916 	EXP 	line1: autoDraw = False
288.9916 	EXP 	line2: autoDraw = False
288.9916 	EXP 	line3: autoDraw = False
288.9916 	EXP 	line4: autoDraw = False
288.9916 	EXP 	probe: autoDraw = False
288.9916 	EXP 	fixation: autoDraw = True
289.9907 	EXP 	fixation: autoDraw = False
289.9907 	EXP 	line1: autoDraw = True
289.9907 	EXP 	line2: autoDraw = True
289.9907 	EXP 	line3: autoDraw = True
289.9907 	EXP 	line4: autoDraw = True
290.9906 	INFO 	Keyboard events cleared
290.9897 	EXP 	probe: autoDraw = True
291.6086 	EXP 	New trial (rep=5, index=21): <Trial 21 (21 in rep 5) data={'pos': -150, 'corr_resp': 'z', 'thisN': 21, 'thisTrialN': 21, 'thisRepN': 5}>
291.6110 	DATA 	Keypress: z
291.6226 	EXP 	fixation: autoDraw = False
291.6226 	EXP 	line1: autoDraw = False
291.6226 	EXP 	line2: autoDraw = False
291.6226 	EXP 	line3: autoDraw = False
291.6226 	EXP 	line4: autoDraw = False
291.6226 	EXP 	probe: autoDraw = False
291.6226 	EXP 	fixation: autoDraw = True
292.6218 	EXP 	fixation: autoDraw = False
292.6218 	EXP 	line1: autoDraw = True
292.6218 	EXP 	line2: autoDraw = True
292.6218 	EXP 	line3: autoDraw = True
292.6218 	EXP 	line4: autoDraw = True
293.6217 	INFO 	Keyboard events cleared
293.6209 	EXP 	probe: autoDraw = True
294.2063 	EXP 	New trial (rep=4, index=22): <Trial 22 (22 in rep 4) data={'pos': 150, 'corr_resp': 'v', 'thisN': 22, 'thisTrialN': 22, 'thisRepN': 4}>
294.2088 	DATA 	Keypress: z
294.2205 	EXP 	fixation: autoDraw = False
294.2205 	EXP 	line1: autoDraw = False
294.2205 	EXP 	line2: autoDraw = False
294.2205 	EXP 	line3: autoDraw = False
294.2205 	EXP 	line4: autoDraw = False
294.2205 	EXP 	probe: autoDraw = False
294.2205 	EXP 	fixation: autoDraw = True
295.2196 	EXP 	line1: autoDraw = True
295.2196 	EXP 	line2: autoDraw = True
295.2196 	EXP 	line3: autoDraw = True
295.2196 	EXP 	line4: autoDraw = True
295.2361 	EXP 	fixation: autoDraw = False
296.2195 	INFO 	Keyboard events cleared
296.2186 	EXP 	probe: autoDraw = True
296.8202 	EXP 	New trial (rep=5, index=23): <Trial 23 (23 in rep 5) data={'pos': 150, 'corr_resp': 'v', 'thisN': 23, 'thisTrialN': 23, 'thisRepN': 5}>
296.8225 	DATA 	Keypress: v
296.8344 	EXP 	fixation: autoDraw = False
296.8344 	EXP 	line1: autoDraw = False
296.8344 	EXP 	line2: autoDraw = False
296.8344 	EXP 	line3: autoDraw = False
296.8344 	EXP 	line4: autoDraw = False
296.8344 	EXP 	probe: autoDraw = False
296.8344 	EXP 	fixation: autoDraw = True
297.8338 	EXP 	fixation: autoDraw = False
297.8338 	EXP 	line1: autoDraw = True
297.8338 	EXP 	line2: autoDraw = True
297.8338 	EXP 	line3: autoDraw = True
297.8338 	EXP 	line4: autoDraw = True
298.8337 	INFO 	Keyboard events cleared
298.8329 	EXP 	probe: autoDraw = True
299.4187 	EXP 	New trial (rep=7, index=24): <Trial 24 (24 in rep 7) data={'pos': -50, 'corr_resp': 'x', 'thisN': 24, 'thisTrialN': 24, 'thisRepN': 7}>
299.4214 	DATA 	Keypress: v
299.4326 	EXP 	fixation: autoDraw = False
299.4326 	EXP 	line1: autoDraw = False
299.4326 	EXP 	line2: autoDraw = False
299.4326 	EXP 	line3: autoDraw = False
299.4326 	EXP 	line4: autoDraw = False
299.4326 	EXP 	probe: autoDraw = False
299.4326 	EXP 	fixation: autoDraw = True
300.4318 	EXP 	fixation: autoDraw = False
300.4318 	EXP 	line1: autoDraw = True
300.4318 	EXP 	line2: autoDraw = True
300.4318 	EXP 	line3: autoDraw = True
300.4318 	EXP 	line4: autoDraw = True
301.4316 	INFO 	Keyboard events cleared
301.4307 	EXP 	probe: autoDraw = True
302.5341 	DATA 	Keypress: x
302.5489 	EXP 	New trial (rep=6, index=25): <Trial 25 (25 in rep 6) data={'pos': -150, 'corr_resp': 'z', 'thisN': 25, 'thisTrialN': 25, 'thisRepN': 6}>
302.5631 	EXP 	fixation: autoDraw = False
302.5631 	EXP 	line1: autoDraw = False
302.5631 	EXP 	line2: autoDraw = False
302.5631 	EXP 	line3: autoDraw = False
302.5631 	EXP 	line4: autoDraw = False
302.5631 	EXP 	probe: autoDraw = False
302.5631 	EXP 	fixation: autoDraw = True
303.5624 	EXP 	fixation: autoDraw = False
303.5624 	EXP 	line1: autoDraw = True
303.5624 	EXP 	line2: autoDraw = True
303.5624 	EXP 	line3: autoDraw = True
303.5624 	EXP 	line4: autoDraw = True
304.5622 	INFO 	Keyboard events cleared
304.5614 	EXP 	probe: autoDraw = True
305.1491 	DATA 	Keypress: z
305.1633 	EXP 	New trial (rep=8, index=26): <Trial 26 (26 in rep 8) data={'pos': -50, 'corr_resp': 'x', 'thisN': 26, 'thisTrialN': 26, 'thisRepN': 8}>
305.1773 	EXP 	fixation: autoDraw = False
305.1773 	EXP 	line1: autoDraw = False
305.1773 	EXP 	line2: autoDraw = False
305.1773 	EXP 	line3: autoDraw = False
305.1773 	EXP 	line4: autoDraw = False
305.1773 	EXP 	probe: autoDraw = False
305.1773 	EXP 	fixation: autoDraw = True
306.1765 	EXP 	fixation: autoDraw = False
306.1765 	EXP 	line1: autoDraw = True
306.1765 	EXP 	line2: autoDraw = True
306.1765 	EXP 	line3: autoDraw = True
306.1765 	EXP 	line4: autoDraw = True
307.1766 	INFO 	Keyboard events cleared
307.1757 	EXP 	probe: autoDraw = True
307.7470 	DATA 	Keypress: x
307.7611 	EXP 	New trial (rep=6, index=27): <Trial 27 (27 in rep 6) data={'pos': 150, 'corr_resp': 'v', 'thisN': 27, 'thisTrialN': 27, 'thisRepN': 6}>
307.7751 	EXP 	fixation: autoDraw = False
307.7751 	EXP 	line1: autoDraw = False
307.7751 	EXP 	line2: autoDraw = False
307.7751 	EXP 	line3: autoDraw = False
307.7751 	EXP 	line4: autoDraw = False
307.7751 	EXP 	probe: autoDraw = False
307.7751 	EXP 	fixation: autoDraw = True
308.7743 	EXP 	fixation: autoDraw = False
308.7743 	EXP 	line1: autoDraw = True
308.7743 	EXP 	line2: autoDraw = True
308.7743 	EXP 	line3: autoDraw = True
308.7743 	EXP 	line4: autoDraw = True
309.7745 	INFO 	Keyboard events cleared
309.7736 	EXP 	probe: autoDraw = True
310.3756 	EXP 	New trial (rep=5, index=28): <Trial 28 (28 in rep 5) data={'pos': 50, 'corr_resp': 'c', 'thisN': 28, 'thisTrialN': 28, 'thisRepN': 5}>
310.3783 	DATA 	Keypress: v
310.3895 	EXP 	fixation: autoDraw = False
310.3895 	EXP 	line1: autoDraw = False
310.3895 	EXP 	line2: autoDraw = False
310.3895 	EXP 	line3: autoDraw = False
310.3895 	EXP 	line4: autoDraw = False
310.3895 	EXP 	probe: autoDraw = False
310.3895 	EXP 	fixation: autoDraw = True
311.3886 	EXP 	fixation: autoDraw = False
311.3886 	EXP 	line1: autoDraw = True
311.3886 	EXP 	line2: autoDraw = True
311.3886 	EXP 	line3: autoDraw = True
311.3886 	EXP 	line4: autoDraw = True
312.3887 	INFO 	Keyboard events cleared
312.3877 	EXP 	probe: autoDraw = True
313.0403 	EXP 	New trial (rep=9, index=29): <Trial 29 (29 in rep 9) data={'pos': -50, 'corr_resp': 'x', 'thisN': 29, 'thisTrialN': 29, 'thisRepN': 9}>
313.0427 	DATA 	Keypress: c
313.0538 	EXP 	fixation: autoDraw = False
313.0538 	EXP 	line1: autoDraw = False
313.0538 	EXP 	line2: autoDraw = False
313.0538 	EXP 	line3: autoDraw = False
313.0538 	EXP 	line4: autoDraw = False
313.0538 	EXP 	probe: autoDraw = False
313.0538 	EXP 	fixation: autoDraw = True
314.0530 	EXP 	fixation: autoDraw = False
314.0530 	EXP 	line1: autoDraw = True
314.0530 	EXP 	line2: autoDraw = True
314.0530 	EXP 	line3: autoDraw = True
314.0530 	EXP 	line4: autoDraw = True
315.0529 	INFO 	Keyboard events cleared
315.0521 	EXP 	probe: autoDraw = True
315.9709 	EXP 	New trial (rep=6, index=30): <Trial 30 (30 in rep 6) data={'pos': 50, 'corr_resp': 'c', 'thisN': 30, 'thisTrialN': 30, 'thisRepN': 6}>
315.9736 	DATA 	Keypress: x
315.9848 	EXP 	fixation: autoDraw = False
315.9848 	EXP 	line1: autoDraw = False
315.9848 	EXP 	line2: autoDraw = False
315.9848 	EXP 	line3: autoDraw = False
315.9848 	EXP 	line4: autoDraw = False
315.9848 	EXP 	probe: autoDraw = False
315.9848 	EXP 	fixation: autoDraw = True
316.9839 	EXP 	fixation: autoDraw = False
316.9839 	EXP 	line1: autoDraw = True
316.9839 	EXP 	line2: autoDraw = True
316.9839 	EXP 	line3: autoDraw = True
316.9839 	EXP 	line4: autoDraw = True
317.9839 	INFO 	Keyboard events cleared
317.9830 	EXP 	probe: autoDraw = True
318.8513 	EXP 	New trial (rep=10, index=31): <Trial 31 (31 in rep 10) data={'pos': -50, 'corr_resp': 'x', 'thisN': 31, 'thisTrialN': 31, 'thisRepN': 10}>
318.8541 	DATA 	Keypress: c
318.8657 	EXP 	fixation: autoDraw = False
318.8657 	EXP 	line1: autoDraw = False
318.8657 	EXP 	line2: autoDraw = False
318.8657 	EXP 	line3: autoDraw = False
318.8657 	EXP 	line4: autoDraw = False
318.8657 	EXP 	probe: autoDraw = False
318.8657 	EXP 	fixation: autoDraw = True
319.8648 	EXP 	line1: autoDraw = True
319.8648 	EXP 	line2: autoDraw = True
319.8648 	EXP 	line3: autoDraw = True
319.8648 	EXP 	line4: autoDraw = True
319.8812 	EXP 	fixation: autoDraw = False
320.8646 	INFO 	Keyboard events cleared
320.8638 	EXP 	probe: autoDraw = True
322.0992 	EXP 	New trial (rep=7, index=32): <Trial 32 (32 in rep 7) data={'pos': -150, 'corr_resp': 'z', 'thisN': 32, 'thisTrialN': 32, 'thisRepN': 7}>
322.1017 	DATA 	Keypress: x
322.1126 	EXP 	fixation: autoDraw = False
322.1126 	EXP 	line1: autoDraw = False
322.1126 	EXP 	line2: autoDraw = False
322.1126 	EXP 	line3: autoDraw = False
322.1126 	EXP 	line4: autoDraw = False
322.1126 	EXP 	probe: autoDraw = False
322.1126 	EXP 	fixation: autoDraw = True
323.1119 	EXP 	fixation: autoDraw = False
323.1119 	EXP 	line1: autoDraw = True
323.1119 	EXP 	line2: autoDraw = True
323.1119 	EXP 	line3: autoDraw = True
323.1119 	EXP 	line4: autoDraw = True
324.1112 	INFO 	Keyboard events cleared
324.1107 	EXP 	probe: autoDraw = True
325.2962 	EXP 	New trial (rep=7, index=33): <Trial 33 (33 in rep 7) data={'pos': 150, 'corr_resp': 'v', 'thisN': 33, 'thisTrialN': 33, 'thisRepN': 7}>
325.2987 	DATA 	Keypress: z
325.3101 	EXP 	fixation: autoDraw = False
325.3101 	EXP 	line1: autoDraw = False
325.3101 	EXP 	line2: autoDraw = False
325.3101 	EXP 	line3: autoDraw = False
325.3101 	EXP 	line4: autoDraw = False
325.3101 	EXP 	probe: autoDraw = False
325.3101 	EXP 	fixation: autoDraw = True
326.3090 	EXP 	line1: autoDraw = True
326.3090 	EXP 	line2: autoDraw = True
326.3090 	EXP 	line3: autoDraw = True
326.3090 	EXP 	line4: autoDraw = True
326.3257 	EXP 	fixation: autoDraw = False
327.3090 	INFO 	Keyboard events cleared
327.3082 	EXP 	probe: autoDraw = True
328.1270 	EXP 	New trial (rep=7, index=34): <Trial 34 (34 in rep 7) data={'pos': 50, 'corr_resp': 'c', 'thisN': 34, 'thisTrialN': 34, 'thisRepN': 7}>
328.1295 	DATA 	Keypress: v
328.1407 	EXP 	fixation: autoDraw = False
328.1407 	EXP 	line1: autoDraw = False
328.1407 	EXP 	line2: autoDraw = False
328.1407 	EXP 	line3: autoDraw = False
328.1407 	EXP 	line4: autoDraw = False
328.1407 	EXP 	probe: autoDraw = False
328.1407 	EXP 	fixation: autoDraw = True
329.1398 	EXP 	fixation: autoDraw = False
329.1398 	EXP 	line1: autoDraw = True
329.1398 	EXP 	line2: autoDraw = True
329.1398 	EXP 	line3: autoDraw = True
329.1398 	EXP 	line4: autoDraw = True
330.1397 	INFO 	Keyboard events cleared
330.1390 	EXP 	probe: autoDraw = True
330.8910 	EXP 	New trial (rep=8, index=35): <Trial 35 (35 in rep 8) data={'pos': -150, 'corr_resp': 'z', 'thisN': 35, 'thisTrialN': 35, 'thisRepN': 8}>
330.8935 	DATA 	Keypress: c
330.9049 	EXP 	fixation: autoDraw = False
330.9049 	EXP 	line1: autoDraw = False
330.9049 	EXP 	line2: autoDraw = False
330.9049 	EXP 	line3: autoDraw = False
330.9049 	EXP 	line4: autoDraw = False
330.9049 	EXP 	probe: autoDraw = False
330.9049 	EXP 	fixation: autoDraw = True
331.9043 	EXP 	fixation: autoDraw = False
331.9043 	EXP 	line1: autoDraw = True
331.9043 	EXP 	line2: autoDraw = True
331.9043 	EXP 	line3: autoDraw = True
331.9043 	EXP 	line4: autoDraw = True
332.9040 	INFO 	Keyboard events cleared
332.9032 	EXP 	probe: autoDraw = True
333.6550 	EXP 	New trial (rep=11, index=36): <Trial 36 (36 in rep 11) data={'pos': -50, 'corr_resp': 'x', 'thisN': 36, 'thisTrialN': 36, 'thisRepN': 11}>
333.6577 	DATA 	Keypress: z
333.6691 	EXP 	fixation: autoDraw = False
333.6691 	EXP 	line1: autoDraw = False
333.6691 	EXP 	line2: autoDraw = False
333.6691 	EXP 	line3: autoDraw = False
333.6691 	EXP 	line4: autoDraw = False
333.6691 	EXP 	probe: autoDraw = False
333.6691 	EXP 	fixation: autoDraw = True
334.6683 	EXP 	fixation: autoDraw = False
334.6683 	EXP 	line1: autoDraw = True
334.6683 	EXP 	line2: autoDraw = True
334.6683 	EXP 	line3: autoDraw = True
334.6683 	EXP 	line4: autoDraw = True
335.6685 	INFO 	Keyboard events cleared
335.6677 	EXP 	probe: autoDraw = True
336.2527 	EXP 	New trial (rep=8, index=37): <Trial 37 (37 in rep 8) data={'pos': 50, 'corr_resp': 'c', 'thisN': 37, 'thisTrialN': 37, 'thisRepN': 8}>
336.2555 	DATA 	Keypress: x
336.2670 	EXP 	fixation: autoDraw = False
336.2670 	EXP 	line1: autoDraw = False
336.2670 	EXP 	line2: autoDraw = False
336.2670 	EXP 	line3: autoDraw = False
336.2670 	EXP 	line4: autoDraw = False
336.2670 	EXP 	probe: autoDraw = False
336.2670 	EXP 	fixation: autoDraw = True
337.2661 	EXP 	fixation: autoDraw = False
337.2661 	EXP 	line1: autoDraw = True
337.2661 	EXP 	line2: autoDraw = True
337.2661 	EXP 	line3: autoDraw = True
337.2661 	EXP 	line4: autoDraw = True
338.2663 	INFO 	Keyboard events cleared
338.2653 	EXP 	probe: autoDraw = True
339.0004 	EXP 	New trial (rep=12, index=38): <Trial 38 (38 in rep 12) data={'pos': -50, 'corr_resp': 'x', 'thisN': 38, 'thisTrialN': 38, 'thisRepN': 12}>
339.0030 	DATA 	Keypress: c
339.0146 	EXP 	fixation: autoDraw = False
339.0146 	EXP 	line1: autoDraw = False
339.0146 	EXP 	line2: autoDraw = False
339.0146 	EXP 	line3: autoDraw = False
339.0146 	EXP 	line4: autoDraw = False
339.0146 	EXP 	probe: autoDraw = False
339.0146 	EXP 	fixation: autoDraw = True
340.0138 	EXP 	fixation: autoDraw = False
340.0138 	EXP 	line1: autoDraw = True
340.0138 	EXP 	line2: autoDraw = True
340.0138 	EXP 	line3: autoDraw = True
340.0138 	EXP 	line4: autoDraw = True
341.0138 	INFO 	Keyboard events cleared
341.0131 	EXP 	probe: autoDraw = True
342.2666 	DATA 	Keypress: x
342.2808 	EXP 	New trial (rep=13, index=39): <Trial 39 (39 in rep 13) data={'pos': -50, 'corr_resp': 'x', 'thisN': 39, 'thisTrialN': 39, 'thisRepN': 13}>
342.2950 	EXP 	fixation: autoDraw = False
342.2950 	EXP 	line1: autoDraw = False
342.2950 	EXP 	line2: autoDraw = False
342.2950 	EXP 	line3: autoDraw = False
342.2950 	EXP 	line4: autoDraw = False
342.2950 	EXP 	probe: autoDraw = False
342.2950 	EXP 	fixation: autoDraw = True
343.2942 	EXP 	fixation: autoDraw = False
343.2942 	EXP 	line1: autoDraw = True
343.2942 	EXP 	line2: autoDraw = True
343.2942 	EXP 	line3: autoDraw = True
343.2942 	EXP 	line4: autoDraw = True
344.2941 	INFO 	Keyboard events cleared
344.2933 	EXP 	probe: autoDraw = True
346.1109 	EXP 	New trial (rep=9, index=40): <Trial 40 (40 in rep 9) data={'pos': -150, 'corr_resp': 'z', 'thisN': 40, 'thisTrialN': 40, 'thisRepN': 9}>
346.1133 	DATA 	Keypress: x
346.1250 	EXP 	fixation: autoDraw = False
346.1250 	EXP 	line1: autoDraw = False
346.1250 	EXP 	line2: autoDraw = False
346.1250 	EXP 	line3: autoDraw = False
346.1250 	EXP 	line4: autoDraw = False
346.1250 	EXP 	probe: autoDraw = False
346.1250 	EXP 	fixation: autoDraw = True
347.1244 	EXP 	fixation: autoDraw = False
347.1244 	EXP 	line1: autoDraw = True
347.1244 	EXP 	line2: autoDraw = True
347.1244 	EXP 	line3: autoDraw = True
347.1244 	EXP 	line4: autoDraw = True
348.1243 	INFO 	Keyboard events cleared
348.1233 	EXP 	probe: autoDraw = True
349.0749 	EXP 	New trial (rep=9, index=41): <Trial 41 (41 in rep 9) data={'pos': 50, 'corr_resp': 'c', 'thisN': 41, 'thisTrialN': 41, 'thisRepN': 9}>
349.0775 	DATA 	Keypress: z
349.0891 	EXP 	fixation: autoDraw = False
349.0891 	EXP 	line1: autoDraw = False
349.0891 	EXP 	line2: autoDraw = False
349.0891 	EXP 	line3: autoDraw = False
349.0891 	EXP 	line4: autoDraw = False
349.0891 	EXP 	probe: autoDraw = False
349.0891 	EXP 	fixation: autoDraw = True
350.0885 	EXP 	fixation: autoDraw = False
350.0885 	EXP 	line1: autoDraw = True
350.0885 	EXP 	line2: autoDraw = True
350.0885 	EXP 	line3: autoDraw = True
350.0885 	EXP 	line4: autoDraw = True
351.0882 	INFO 	Keyboard events cleared
351.0874 	EXP 	probe: autoDraw = True
352.7247 	DATA 	Keypress: c
352.7383 	EXP 	New trial (rep=10, index=42): <Trial 42 (42 in rep 10) data={'pos': 50, 'corr_resp': 'c', 'thisN': 42, 'thisTrialN': 42, 'thisRepN': 10}>
352.7525 	EXP 	fixation: autoDraw = False
352.7525 	EXP 	line1: autoDraw = False
352.7525 	EXP 	line2: autoDraw = False
352.7525 	EXP 	line3: autoDraw = False
352.7525 	EXP 	line4: autoDraw = False
352.7525 	EXP 	probe: autoDraw = False
352.7525 	EXP 	fixation: autoDraw = True
353.7517 	EXP 	fixation: autoDraw = False
353.7517 	EXP 	line1: autoDraw = True
353.7517 	EXP 	line2: autoDraw = True
353.7517 	EXP 	line3: autoDraw = True
353.7517 	EXP 	line4: autoDraw = True
354.7517 	INFO 	Keyboard events cleared
354.7510 	EXP 	probe: autoDraw = True
355.8713 	DATA 	Keypress: c
355.8856 	EXP 	New trial (rep=10, index=43): <Trial 43 (43 in rep 10) data={'pos': -150, 'corr_resp': 'z', 'thisN': 43, 'thisTrialN': 43, 'thisRepN': 10}>
355.8998 	EXP 	fixation: autoDraw = False
355.8998 	EXP 	line1: autoDraw = False
355.8998 	EXP 	line2: autoDraw = False
355.8998 	EXP 	line3: autoDraw = False
355.8998 	EXP 	line4: autoDraw = False
355.8998 	EXP 	probe: autoDraw = False
355.8998 	EXP 	fixation: autoDraw = True
356.8992 	EXP 	fixation: autoDraw = False
356.8992 	EXP 	line1: autoDraw = True
356.8992 	EXP 	line2: autoDraw = True
356.8992 	EXP 	line3: autoDraw = True
356.8992 	EXP 	line4: autoDraw = True
357.8989 	INFO 	Keyboard events cleared
357.8980 	EXP 	probe: autoDraw = True
360.2319 	EXP 	New trial (rep=11, index=44): <Trial 44 (44 in rep 11) data={'pos': -150, 'corr_resp': 'z', 'thisN': 44, 'thisTrialN': 44, 'thisRepN': 11}>
360.2344 	DATA 	Keypress: z
360.2460 	EXP 	fixation: autoDraw = False
360.2460 	EXP 	line1: autoDraw = False
360.2460 	EXP 	line2: autoDraw = False
360.2460 	EXP 	line3: autoDraw = False
360.2460 	EXP 	line4: autoDraw = False
360.2460 	EXP 	probe: autoDraw = False
360.2460 	EXP 	fixation: autoDraw = True
361.2451 	EXP 	fixation: autoDraw = False
361.2451 	EXP 	line1: autoDraw = True
361.2451 	EXP 	line2: autoDraw = True
361.2451 	EXP 	line3: autoDraw = True
361.2451 	EXP 	line4: autoDraw = True
362.2450 	INFO 	Keyboard events cleared
362.2442 	EXP 	probe: autoDraw = True
366.4264 	EXP 	New trial (rep=8, index=45): <Trial 45 (45 in rep 8) data={'pos': 150, 'corr_resp': 'v', 'thisN': 45, 'thisTrialN': 45, 'thisRepN': 8}>
366.4288 	DATA 	Keypress: z
366.4406 	EXP 	fixation: autoDraw = False
366.4406 	EXP 	line1: autoDraw = False
366.4406 	EXP 	line2: autoDraw = False
366.4406 	EXP 	line3: autoDraw = False
366.4406 	EXP 	line4: autoDraw = False
366.4406 	EXP 	probe: autoDraw = False
366.4406 	EXP 	fixation: autoDraw = True
367.4405 	EXP 	fixation: autoDraw = False
367.4405 	EXP 	line1: autoDraw = True
367.4405 	EXP 	line2: autoDraw = True
367.4405 	EXP 	line3: autoDraw = True
367.4405 	EXP 	line4: autoDraw = True
368.4399 	INFO 	Keyboard events cleared
368.4391 	EXP 	probe: autoDraw = True
369.4409 	EXP 	New trial (rep=9, index=46): <Trial 46 (46 in rep 9) data={'pos': 150, 'corr_resp': 'v', 'thisN': 46, 'thisTrialN': 46, 'thisRepN': 9}>
369.4435 	DATA 	Keypress: v
369.4547 	EXP 	fixation: autoDraw = False
369.4547 	EXP 	line1: autoDraw = False
369.4547 	EXP 	line2: autoDraw = False
369.4547 	EXP 	line3: autoDraw = False
369.4547 	EXP 	line4: autoDraw = False
369.4547 	EXP 	probe: autoDraw = False
369.4547 	EXP 	fixation: autoDraw = True
370.4539 	EXP 	fixation: autoDraw = False
370.4539 	EXP 	line1: autoDraw = True
370.4539 	EXP 	line2: autoDraw = True
370.4539 	EXP 	line3: autoDraw = True
370.4539 	EXP 	line4: autoDraw = True
371.4538 	INFO 	Keyboard events cleared
371.4530 	EXP 	probe: autoDraw = True
372.0547 	EXP 	New trial (rep=11, index=47): <Trial 47 (47 in rep 11) data={'pos': 50, 'corr_resp': 'c', 'thisN': 47, 'thisTrialN': 47, 'thisRepN': 11}>
372.0571 	DATA 	Keypress: v
372.0690 	EXP 	fixation: autoDraw = False
372.0690 	EXP 	line1: autoDraw = False
372.0690 	EXP 	line2: autoDraw = False
372.0690 	EXP 	line3: autoDraw = False
372.0690 	EXP 	line4: autoDraw = False
372.0690 	EXP 	probe: autoDraw = False
372.0690 	EXP 	fixation: autoDraw = True
373.0682 	EXP 	fixation: autoDraw = False
373.0682 	EXP 	line1: autoDraw = True
373.0682 	EXP 	line2: autoDraw = True
373.0682 	EXP 	line3: autoDraw = True
373.0682 	EXP 	line4: autoDraw = True
374.0684 	INFO 	Keyboard events cleared
374.0676 	EXP 	probe: autoDraw = True
374.7215 	DATA 	Keypress: c
374.7363 	EXP 	New trial (rep=10, index=48): <Trial 48 (48 in rep 10) data={'pos': 150, 'corr_resp': 'v', 'thisN': 48, 'thisTrialN': 48, 'thisRepN': 10}>
374.7503 	EXP 	fixation: autoDraw = False
374.7503 	EXP 	line1: autoDraw = False
374.7503 	EXP 	line2: autoDraw = False
374.7503 	EXP 	line3: autoDraw = False
374.7503 	EXP 	line4: autoDraw = False
374.7503 	EXP 	probe: autoDraw = False
374.7503 	EXP 	fixation: autoDraw = True
375.7492 	EXP 	line1: autoDraw = True
375.7492 	EXP 	line2: autoDraw = True
375.7492 	EXP 	line3: autoDraw = True
375.7492 	EXP 	line4: autoDraw = True
375.7659 	EXP 	fixation: autoDraw = False
376.7492 	INFO 	Keyboard events cleared
376.7484 	EXP 	probe: autoDraw = True
377.4504 	EXP 	New trial (rep=12, index=49): <Trial 49 (49 in rep 12) data={'pos': 50, 'corr_resp': 'c', 'thisN': 49, 'thisTrialN': 49, 'thisRepN': 12}>
377.4533 	DATA 	Keypress: v
377.4645 	EXP 	fixation: autoDraw = False
377.4645 	EXP 	line1: autoDraw = False
377.4645 	EXP 	line2: autoDraw = False
377.4645 	EXP 	line3: autoDraw = False
377.4645 	EXP 	line4: autoDraw = False
377.4645 	EXP 	probe: autoDraw = False
377.4645 	EXP 	fixation: autoDraw = True
378.4637 	EXP 	fixation: autoDraw = False
378.4637 	EXP 	line1: autoDraw = True
378.4637 	EXP 	line2: autoDraw = True
378.4637 	EXP 	line3: autoDraw = True
378.4637 	EXP 	line4: autoDraw = True
379.4637 	INFO 	Keyboard events cleared
379.4629 	EXP 	probe: autoDraw = True
380.0649 	EXP 	New trial (rep=12, index=50): <Trial 50 (50 in rep 12) data={'pos': -150, 'corr_resp': 'z', 'thisN': 50, 'thisTrialN': 50, 'thisRepN': 12}>
380.0673 	DATA 	Keypress: c
380.0787 	EXP 	fixation: autoDraw = False
380.0787 	EXP 	line1: autoDraw = False
380.0787 	EXP 	line2: autoDraw = False
380.0787 	EXP 	line3: autoDraw = False
380.0787 	EXP 	line4: autoDraw = False
380.0787 	EXP 	probe: autoDraw = False
380.0787 	EXP 	fixation: autoDraw = True
381.0781 	EXP 	fixation: autoDraw = False
381.0781 	EXP 	line1: autoDraw = True
381.0781 	EXP 	line2: autoDraw = True
381.0781 	EXP 	line3: autoDraw = True
381.0781 	EXP 	line4: autoDraw = True
382.0777 	INFO 	Keyboard events cleared
382.0770 	EXP 	probe: autoDraw = True
382.9125 	EXP 	New trial (rep=11, index=51): <Trial 51 (51 in rep 11) data={'pos': 150, 'corr_resp': 'v', 'thisN': 51, 'thisTrialN': 51, 'thisRepN': 11}>
382.9150 	DATA 	Keypress: z
382.9263 	EXP 	fixation: autoDraw = False
382.9263 	EXP 	line1: autoDraw = False
382.9263 	EXP 	line2: autoDraw = False
382.9263 	EXP 	line3: autoDraw = False
382.9263 	EXP 	line4: autoDraw = False
382.9263 	EXP 	probe: autoDraw = False
382.9263 	EXP 	fixation: autoDraw = True
383.9255 	EXP 	fixation: autoDraw = False
383.9255 	EXP 	line1: autoDraw = True
383.9255 	EXP 	line2: autoDraw = True
383.9255 	EXP 	line3: autoDraw = True
383.9255 	EXP 	line4: autoDraw = True
384.9255 	INFO 	Keyboard events cleared
384.9245 	EXP 	probe: autoDraw = True
385.5434 	EXP 	New trial (rep=13, index=52): <Trial 52 (52 in rep 13) data={'pos': 50, 'corr_resp': 'c', 'thisN': 52, 'thisTrialN': 52, 'thisRepN': 13}>
385.5459 	DATA 	Keypress: v
385.5574 	EXP 	fixation: autoDraw = False
385.5574 	EXP 	line1: autoDraw = False
385.5574 	EXP 	line2: autoDraw = False
385.5574 	EXP 	line3: autoDraw = False
385.5574 	EXP 	line4: autoDraw = False
385.5574 	EXP 	probe: autoDraw = False
385.5574 	EXP 	fixation: autoDraw = True
386.5565 	EXP 	fixation: autoDraw = False
386.5565 	EXP 	line1: autoDraw = True
386.5565 	EXP 	line2: autoDraw = True
386.5565 	EXP 	line3: autoDraw = True
386.5565 	EXP 	line4: autoDraw = True
387.5566 	INFO 	Keyboard events cleared
387.5557 	EXP 	probe: autoDraw = True
390.3229 	EXP 	New trial (rep=14, index=53): <Trial 53 (53 in rep 14) data={'pos': -50, 'corr_resp': 'x', 'thisN': 53, 'thisTrialN': 53, 'thisRepN': 14}>
390.3263 	DATA 	Keypress: c
390.3363 	EXP 	fixation: autoDraw = False
390.3363 	EXP 	line1: autoDraw = False
390.3363 	EXP 	line2: autoDraw = False
390.3363 	EXP 	line3: autoDraw = False
390.3363 	EXP 	line4: autoDraw = False
390.3363 	EXP 	probe: autoDraw = False
390.3363 	EXP 	fixation: autoDraw = True
391.3357 	EXP 	fixation: autoDraw = False
391.3357 	EXP 	line1: autoDraw = True
391.3357 	EXP 	line2: autoDraw = True
391.3357 	EXP 	line3: autoDraw = True
391.3357 	EXP 	line4: autoDraw = True
392.3348 	INFO 	Keyboard events cleared
392.3344 	EXP 	probe: autoDraw = True
393.8025 	EXP 	New trial (rep=15, index=54): <Trial 54 (54 in rep 15) data={'pos': -50, 'corr_resp': 'x', 'thisN': 54, 'thisTrialN': 54, 'thisRepN': 15}>
393.8054 	DATA 	Keypress: x
393.8165 	EXP 	fixation: autoDraw = False
393.8165 	EXP 	line1: autoDraw = False
393.8165 	EXP 	line2: autoDraw = False
393.8165 	EXP 	line3: autoDraw = False
393.8165 	EXP 	line4: autoDraw = False
393.8165 	EXP 	probe: autoDraw = False
393.8165 	EXP 	fixation: autoDraw = True
394.8157 	EXP 	fixation: autoDraw = False
394.8157 	EXP 	line1: autoDraw = True
394.8157 	EXP 	line2: autoDraw = True
394.8157 	EXP 	line3: autoDraw = True
394.8157 	EXP 	line4: autoDraw = True
395.8159 	INFO 	Keyboard events cleared
395.8151 	EXP 	probe: autoDraw = True
398.5495 	EXP 	New trial (rep=16, index=55): <Trial 55 (55 in rep 16) data={'pos': -50, 'corr_resp': 'x', 'thisN': 55, 'thisTrialN': 55, 'thisRepN': 16}>
398.5522 	DATA 	Keypress: x
398.5626 	EXP 	fixation: autoDraw = False
398.5626 	EXP 	line1: autoDraw = False
398.5626 	EXP 	line2: autoDraw = False
398.5626 	EXP 	line3: autoDraw = False
398.5626 	EXP 	line4: autoDraw = False
398.5626 	EXP 	probe: autoDraw = False
398.5626 	EXP 	fixation: autoDraw = True
399.5617 	EXP 	fixation: autoDraw = False
399.5617 	EXP 	line1: autoDraw = True
399.5617 	EXP 	line2: autoDraw = True
399.5617 	EXP 	line3: autoDraw = True
399.5617 	EXP 	line4: autoDraw = True
400.5619 	INFO 	Keyboard events cleared
400.5610 	EXP 	probe: autoDraw = True
401.9477 	DATA 	Keypress: x
401.9625 	EXP 	New trial (rep=13, index=56): <Trial 56 (56 in rep 13) data={'pos': -150, 'corr_resp': 'z', 'thisN': 56, 'thisTrialN': 56, 'thisRepN': 13}>
401.9763 	EXP 	fixation: autoDraw = False
401.9763 	EXP 	line1: autoDraw = False
401.9763 	EXP 	line2: autoDraw = False
401.9763 	EXP 	line3: autoDraw = False
401.9763 	EXP 	line4: autoDraw = False
401.9763 	EXP 	probe: autoDraw = False
401.9763 	EXP 	fixation: autoDraw = True
402.9756 	EXP 	fixation: autoDraw = False
402.9756 	EXP 	line1: autoDraw = True
402.9756 	EXP 	line2: autoDraw = True
402.9756 	EXP 	line3: autoDraw = True
402.9756 	EXP 	line4: autoDraw = True
403.9753 	INFO 	Keyboard events cleared
403.9745 	EXP 	probe: autoDraw = True
406.8105 	DATA 	Keypress: z
406.8246 	EXP 	New trial (rep=12, index=57): <Trial 57 (57 in rep 12) data={'pos': 150, 'corr_resp': 'v', 'thisN': 57, 'thisTrialN': 57, 'thisRepN': 12}>
406.8388 	EXP 	fixation: autoDraw = False
406.8388 	EXP 	line1: autoDraw = False
406.8388 	EXP 	line2: autoDraw = False
406.8388 	EXP 	line3: autoDraw = False
406.8388 	EXP 	line4: autoDraw = False
406.8388 	EXP 	probe: autoDraw = False
406.8388 	EXP 	fixation: autoDraw = True
407.8377 	EXP 	line1: autoDraw = True
407.8377 	EXP 	line2: autoDraw = True
407.8377 	EXP 	line3: autoDraw = True
407.8377 	EXP 	line4: autoDraw = True
407.8545 	EXP 	fixation: autoDraw = False
408.8378 	INFO 	Keyboard events cleared
408.8370 	EXP 	probe: autoDraw = True
410.5881 	EXP 	New trial (rep=14, index=58): <Trial 58 (58 in rep 14) data={'pos': 50, 'corr_resp': 'c', 'thisN': 58, 'thisTrialN': 58, 'thisRepN': 14}>
410.5907 	DATA 	Keypress: v
410.6022 	EXP 	fixation: autoDraw = False
410.6022 	EXP 	line1: autoDraw = False
410.6022 	EXP 	line2: autoDraw = False
410.6022 	EXP 	line3: autoDraw = False
410.6022 	EXP 	line4: autoDraw = False
410.6022 	EXP 	probe: autoDraw = False
410.6022 	EXP 	fixation: autoDraw = True
411.6012 	EXP 	line1: autoDraw = True
411.6012 	EXP 	line2: autoDraw = True
411.6012 	EXP 	line3: autoDraw = True
411.6012 	EXP 	line4: autoDraw = True
411.6180 	EXP 	fixation: autoDraw = False
412.6012 	INFO 	Keyboard events cleared
412.6003 	EXP 	probe: autoDraw = True
413.2356 	EXP 	New trial (rep=13, index=59): <Trial 59 (59 in rep 13) data={'pos': 150, 'corr_resp': 'v', 'thisN': 59, 'thisTrialN': 59, 'thisRepN': 13}>
413.2379 	DATA 	Keypress: c
413.2499 	EXP 	fixation: autoDraw = False
413.2499 	EXP 	line1: autoDraw = False
413.2499 	EXP 	line2: autoDraw = False
413.2499 	EXP 	line3: autoDraw = False
413.2499 	EXP 	line4: autoDraw = False
413.2499 	EXP 	probe: autoDraw = False
413.2499 	EXP 	fixation: autoDraw = True
414.2491 	EXP 	fixation: autoDraw = False
414.2491 	EXP 	line1: autoDraw = True
414.2491 	EXP 	line2: autoDraw = True
414.2491 	EXP 	line3: autoDraw = True
414.2491 	EXP 	line4: autoDraw = True
415.2490 	INFO 	Keyboard events cleared
415.2480 	EXP 	probe: autoDraw = True
415.8503 	EXP 	New trial (rep=14, index=60): <Trial 60 (60 in rep 14) data={'pos': -150, 'corr_resp': 'z', 'thisN': 60, 'thisTrialN': 60, 'thisRepN': 14}>
415.8529 	DATA 	Keypress: v
415.8641 	EXP 	fixation: autoDraw = False
415.8641 	EXP 	line1: autoDraw = False
415.8641 	EXP 	line2: autoDraw = False
415.8641 	EXP 	line3: autoDraw = False
415.8641 	EXP 	line4: autoDraw = False
415.8641 	EXP 	probe: autoDraw = False
415.8641 	EXP 	fixation: autoDraw = True
416.8633 	EXP 	fixation: autoDraw = False
416.8633 	EXP 	line1: autoDraw = True
416.8633 	EXP 	line2: autoDraw = True
416.8633 	EXP 	line3: autoDraw = True
416.8633 	EXP 	line4: autoDraw = True
417.8634 	INFO 	Keyboard events cleared
417.8626 	EXP 	probe: autoDraw = True
418.7512 	DATA 	Keypress: z
418.7644 	EXP 	New trial (rep=14, index=61): <Trial 61 (61 in rep 14) data={'pos': 150, 'corr_resp': 'v', 'thisN': 61, 'thisTrialN': 61, 'thisRepN': 14}>
418.7783 	EXP 	fixation: autoDraw = False
418.7783 	EXP 	line1: autoDraw = False
418.7783 	EXP 	line2: autoDraw = False
418.7783 	EXP 	line3: autoDraw = False
418.7783 	EXP 	line4: autoDraw = False
418.7783 	EXP 	probe: autoDraw = False
418.7783 	EXP 	fixation: autoDraw = True
419.7775 	EXP 	fixation: autoDraw = False
419.7775 	EXP 	line1: autoDraw = True
419.7775 	EXP 	line2: autoDraw = True
419.7775 	EXP 	line3: autoDraw = True
419.7775 	EXP 	line4: autoDraw = True
420.7777 	INFO 	Keyboard events cleared
420.7767 	EXP 	probe: autoDraw = True
421.2788 	EXP 	New trial (rep=15, index=62): <Trial 62 (62 in rep 15) data={'pos': 50, 'corr_resp': 'c', 'thisN': 62, 'thisTrialN': 62, 'thisRepN': 15}>
421.2814 	DATA 	Keypress: v
421.2928 	EXP 	fixation: autoDraw = False
421.2928 	EXP 	line1: autoDraw = False
421.2928 	EXP 	line2: autoDraw = False
421.2928 	EXP 	line3: autoDraw = False
421.2928 	EXP 	line4: autoDraw = False
421.2928 	EXP 	probe: autoDraw = False
421.2928 	EXP 	fixation: autoDraw = True
422.2921 	EXP 	fixation: autoDraw = False
422.2921 	EXP 	line1: autoDraw = True
422.2921 	EXP 	line2: autoDraw = True
422.2921 	EXP 	line3: autoDraw = True
422.2921 	EXP 	line4: autoDraw = True
423.2918 	INFO 	Keyboard events cleared
423.2910 	EXP 	probe: autoDraw = True
423.9258 	EXP 	New trial (rep=16, index=63): <Trial 63 (63 in rep 16) data={'pos': 50, 'corr_resp': 'c', 'thisN': 63, 'thisTrialN': 63, 'thisRepN': 16}>
423.9281 	DATA 	Keypress: c
423.9403 	EXP 	fixation: autoDraw = False
423.9403 	EXP 	line1: autoDraw = False
423.9403 	EXP 	line2: autoDraw = False
423.9403 	EXP 	line3: autoDraw = False
423.9403 	EXP 	line4: autoDraw = False
423.9403 	EXP 	probe: autoDraw = False
423.9403 	EXP 	fixation: autoDraw = True
424.9398 	EXP 	fixation: autoDraw = False
424.9398 	EXP 	line1: autoDraw = True
424.9398 	EXP 	line2: autoDraw = True
424.9398 	EXP 	line3: autoDraw = True
424.9398 	EXP 	line4: autoDraw = True
425.9398 	INFO 	Keyboard events cleared
425.9388 	EXP 	probe: autoDraw = True
426.6746 	EXP 	New trial (rep=17, index=64): <Trial 64 (64 in rep 17) data={'pos': 50, 'corr_resp': 'c', 'thisN': 64, 'thisTrialN': 64, 'thisRepN': 17}>
426.6773 	DATA 	Keypress: c
426.6880 	EXP 	fixation: autoDraw = False
426.6880 	EXP 	line1: autoDraw = False
426.6880 	EXP 	line2: autoDraw = False
426.6880 	EXP 	line3: autoDraw = False
426.6880 	EXP 	line4: autoDraw = False
426.6880 	EXP 	probe: autoDraw = False
426.6880 	EXP 	fixation: autoDraw = True
427.6872 	EXP 	fixation: autoDraw = False
427.6872 	EXP 	line1: autoDraw = True
427.6872 	EXP 	line2: autoDraw = True
427.6872 	EXP 	line3: autoDraw = True
427.6872 	EXP 	line4: autoDraw = True
428.6875 	INFO 	Keyboard events cleared
428.6866 	EXP 	probe: autoDraw = True
429.0384 	EXP 	New trial (rep=15, index=65): <Trial 65 (65 in rep 15) data={'pos': -150, 'corr_resp': 'z', 'thisN': 65, 'thisTrialN': 65, 'thisRepN': 15}>
429.0405 	DATA 	Keypress: c
429.0528 	EXP 	fixation: autoDraw = False
429.0528 	EXP 	line1: autoDraw = False
429.0528 	EXP 	line2: autoDraw = False
429.0528 	EXP 	line3: autoDraw = False
429.0528 	EXP 	line4: autoDraw = False
429.0528 	EXP 	probe: autoDraw = False
429.0528 	EXP 	fixation: autoDraw = True
430.0518 	EXP 	fixation: autoDraw = False
430.0518 	EXP 	line1: autoDraw = True
430.0518 	EXP 	line2: autoDraw = True
430.0518 	EXP 	line3: autoDraw = True
430.0518 	EXP 	line4: autoDraw = True
431.0520 	INFO 	Keyboard events cleared
431.0511 	EXP 	probe: autoDraw = True
431.6700 	EXP 	New trial (rep=15, index=66): <Trial 66 (66 in rep 15) data={'pos': 150, 'corr_resp': 'v', 'thisN': 66, 'thisTrialN': 66, 'thisRepN': 15}>
431.6726 	DATA 	Keypress: z
431.6837 	EXP 	fixation: autoDraw = False
431.6837 	EXP 	line1: autoDraw = False
431.6837 	EXP 	line2: autoDraw = False
431.6837 	EXP 	line3: autoDraw = False
431.6837 	EXP 	line4: autoDraw = False
431.6837 	EXP 	probe: autoDraw = False
431.6837 	EXP 	fixation: autoDraw = True
432.6828 	EXP 	fixation: autoDraw = False
432.6828 	EXP 	line1: autoDraw = True
432.6828 	EXP 	line2: autoDraw = True
432.6828 	EXP 	line3: autoDraw = True
432.6828 	EXP 	line4: autoDraw = True
433.6826 	INFO 	Keyboard events cleared
433.6819 	EXP 	probe: autoDraw = True
434.2178 	EXP 	New trial (rep=16, index=67): <Trial 67 (67 in rep 16) data={'pos': -150, 'corr_resp': 'z', 'thisN': 67, 'thisTrialN': 67, 'thisRepN': 16}>
434.2203 	DATA 	Keypress: v
434.2314 	EXP 	fixation: autoDraw = False
434.2314 	EXP 	line1: autoDraw = False
434.2314 	EXP 	line2: autoDraw = False
434.2314 	EXP 	line3: autoDraw = False
434.2314 	EXP 	line4: autoDraw = False
434.2314 	EXP 	probe: autoDraw = False
434.2314 	EXP 	fixation: autoDraw = True
435.2307 	EXP 	fixation: autoDraw = False
435.2307 	EXP 	line1: autoDraw = True
435.2307 	EXP 	line2: autoDraw = True
435.2307 	EXP 	line3: autoDraw = True
435.2307 	EXP 	line4: autoDraw = True
436.2306 	INFO 	Keyboard events cleared
436.2298 	EXP 	probe: autoDraw = True
436.7989 	EXP 	New trial (rep=18, index=68): <Trial 68 (68 in rep 18) data={'pos': 50, 'corr_resp': 'c', 'thisN': 68, 'thisTrialN': 68, 'thisRepN': 18}>
436.8015 	DATA 	Keypress: z
436.8125 	EXP 	fixation: autoDraw = False
436.8125 	EXP 	line1: autoDraw = False
436.8125 	EXP 	line2: autoDraw = False
436.8125 	EXP 	line3: autoDraw = False
436.8125 	EXP 	line4: autoDraw = False
436.8125 	EXP 	probe: autoDraw = False
436.8125 	EXP 	fixation: autoDraw = True
437.8117 	EXP 	fixation: autoDraw = False
437.8117 	EXP 	line1: autoDraw = True
437.8117 	EXP 	line2: autoDraw = True
437.8117 	EXP 	line3: autoDraw = True
437.8117 	EXP 	line4: autoDraw = True
438.8118 	INFO 	Keyboard events cleared
438.8110 	EXP 	probe: autoDraw = True
439.4794 	EXP 	New trial (rep=17, index=69): <Trial 69 (69 in rep 17) data={'pos': -150, 'corr_resp': 'z', 'thisN': 69, 'thisTrialN': 69, 'thisRepN': 17}>
439.4819 	DATA 	Keypress: c
439.4936 	EXP 	fixation: autoDraw = False
439.4936 	EXP 	line1: autoDraw = False
439.4936 	EXP 	line2: autoDraw = False
439.4936 	EXP 	line3: autoDraw = False
439.4936 	EXP 	line4: autoDraw = False
439.4936 	EXP 	probe: autoDraw = False
439.4936 	EXP 	fixation: autoDraw = True
440.4927 	EXP 	fixation: autoDraw = False
440.4927 	EXP 	line1: autoDraw = True
440.4927 	EXP 	line2: autoDraw = True
440.4927 	EXP 	line3: autoDraw = True
440.4927 	EXP 	line4: autoDraw = True
441.4927 	INFO 	Keyboard events cleared
441.4919 	EXP 	probe: autoDraw = True
442.0775 	EXP 	New trial (rep=16, index=70): <Trial 70 (70 in rep 16) data={'pos': 150, 'corr_resp': 'v', 'thisN': 70, 'thisTrialN': 70, 'thisRepN': 16}>
442.0803 	DATA 	Keypress: z
442.0912 	EXP 	fixation: autoDraw = False
442.0912 	EXP 	line1: autoDraw = False
442.0912 	EXP 	line2: autoDraw = False
442.0912 	EXP 	line3: autoDraw = False
442.0912 	EXP 	line4: autoDraw = False
442.0912 	EXP 	probe: autoDraw = False
442.0912 	EXP 	fixation: autoDraw = True
443.0904 	EXP 	fixation: autoDraw = False
443.0904 	EXP 	line1: autoDraw = True
443.0904 	EXP 	line2: autoDraw = True
443.0904 	EXP 	line3: autoDraw = True
443.0904 	EXP 	line4: autoDraw = True
444.0901 	INFO 	Keyboard events cleared
444.0894 	EXP 	probe: autoDraw = True
445.0084 	EXP 	New trial (rep=17, index=71): <Trial 71 (71 in rep 17) data={'pos': -50, 'corr_resp': 'x', 'thisN': 71, 'thisTrialN': 71, 'thisRepN': 17}>
445.0118 	DATA 	Keypress: v
445.0221 	EXP 	fixation: autoDraw = False
445.0221 	EXP 	line1: autoDraw = False
445.0221 	EXP 	line2: autoDraw = False
445.0221 	EXP 	line3: autoDraw = False
445.0221 	EXP 	line4: autoDraw = False
445.0221 	EXP 	probe: autoDraw = False
445.0221 	EXP 	fixation: autoDraw = True
446.0212 	EXP 	fixation: autoDraw = False
446.0212 	EXP 	line1: autoDraw = True
446.0212 	EXP 	line2: autoDraw = True
446.0212 	EXP 	line3: autoDraw = True
446.0212 	EXP 	line4: autoDraw = True
447.0214 	INFO 	Keyboard events cleared
447.0205 	EXP 	probe: autoDraw = True
448.0886 	EXP 	New trial (rep=19, index=72): <Trial 72 (72 in rep 19) data={'pos': 50, 'corr_resp': 'c', 'thisN': 72, 'thisTrialN': 72, 'thisRepN': 19}>
448.0909 	DATA 	Keypress: x
448.1028 	EXP 	fixation: autoDraw = False
448.1028 	EXP 	line1: autoDraw = False
448.1028 	EXP 	line2: autoDraw = False
448.1028 	EXP 	line3: autoDraw = False
448.1028 	EXP 	line4: autoDraw = False
448.1028 	EXP 	probe: autoDraw = False
448.1028 	EXP 	fixation: autoDraw = True
449.1019 	EXP 	fixation: autoDraw = False
449.1019 	EXP 	line1: autoDraw = True
449.1019 	EXP 	line2: autoDraw = True
449.1019 	EXP 	line3: autoDraw = True
449.1019 	EXP 	line4: autoDraw = True
450.1019 	INFO 	Keyboard events cleared
450.1010 	EXP 	probe: autoDraw = True
451.0191 	EXP 	New trial (rep=17, index=73): <Trial 73 (73 in rep 17) data={'pos': 150, 'corr_resp': 'v', 'thisN': 73, 'thisTrialN': 73, 'thisRepN': 17}>
451.0217 	DATA 	Keypress: c
451.0335 	EXP 	fixation: autoDraw = False
451.0335 	EXP 	line1: autoDraw = False
451.0335 	EXP 	line2: autoDraw = False
451.0335 	EXP 	line3: autoDraw = False
451.0335 	EXP 	line4: autoDraw = False
451.0335 	EXP 	probe: autoDraw = False
451.0335 	EXP 	fixation: autoDraw = True
452.0326 	EXP 	fixation: autoDraw = False
452.0326 	EXP 	line1: autoDraw = True
452.0326 	EXP 	line2: autoDraw = True
452.0326 	EXP 	line3: autoDraw = True
452.0326 	EXP 	line4: autoDraw = True
453.0327 	INFO 	Keyboard events cleared
453.0317 	EXP 	probe: autoDraw = True
453.3845 	EXP 	New trial (rep=18, index=74): <Trial 74 (74 in rep 18) data={'pos': 150, 'corr_resp': 'v', 'thisN': 74, 'thisTrialN': 74, 'thisRepN': 18}>
453.3869 	DATA 	Keypress: v
453.3983 	EXP 	fixation: autoDraw = False
453.3983 	EXP 	line1: autoDraw = False
453.3983 	EXP 	line2: autoDraw = False
453.3983 	EXP 	line3: autoDraw = False
453.3983 	EXP 	line4: autoDraw = False
453.3983 	EXP 	probe: autoDraw = False
453.3983 	EXP 	fixation: autoDraw = True
454.3974 	EXP 	line1: autoDraw = True
454.3974 	EXP 	line2: autoDraw = True
454.3974 	EXP 	line3: autoDraw = True
454.3974 	EXP 	line4: autoDraw = True
454.4141 	EXP 	fixation: autoDraw = False
455.3972 	INFO 	Keyboard events cleared
455.3963 	EXP 	probe: autoDraw = True
455.7818 	EXP 	New trial (rep=18, index=75): <Trial 75 (75 in rep 18) data={'pos': -150, 'corr_resp': 'z', 'thisN': 75, 'thisTrialN': 75, 'thisRepN': 18}>
455.7847 	DATA 	Keypress: v
455.7961 	EXP 	fixation: autoDraw = False
455.7961 	EXP 	line1: autoDraw = False
455.7961 	EXP 	line2: autoDraw = False
455.7961 	EXP 	line3: autoDraw = False
455.7961 	EXP 	line4: autoDraw = False
455.7961 	EXP 	probe: autoDraw = False
455.7961 	EXP 	fixation: autoDraw = True
456.7951 	EXP 	line1: autoDraw = True
456.7951 	EXP 	line2: autoDraw = True
456.7951 	EXP 	line3: autoDraw = True
456.7951 	EXP 	line4: autoDraw = True
456.8120 	EXP 	fixation: autoDraw = False
457.7951 	INFO 	Keyboard events cleared
457.7943 	EXP 	probe: autoDraw = True
458.3297 	EXP 	New trial (rep=19, index=76): <Trial 76 (76 in rep 19) data={'pos': -150, 'corr_resp': 'z', 'thisN': 76, 'thisTrialN': 76, 'thisRepN': 19}>
458.3321 	DATA 	Keypress: x
458.3439 	EXP 	fixation: autoDraw = False
458.3439 	EXP 	line1: autoDraw = False
458.3439 	EXP 	line2: autoDraw = False
458.3439 	EXP 	line3: autoDraw = False
458.3439 	EXP 	line4: autoDraw = False
458.3439 	EXP 	probe: autoDraw = False
458.3439 	EXP 	fixation: autoDraw = True
459.3434 	EXP 	fixation: autoDraw = False
459.3434 	EXP 	line1: autoDraw = True
459.3434 	EXP 	line2: autoDraw = True
459.3434 	EXP 	line3: autoDraw = True
459.3434 	EXP 	line4: autoDraw = True
460.3429 	INFO 	Keyboard events cleared
460.3421 	EXP 	probe: autoDraw = True
460.7443 	EXP 	New trial (rep=18, index=77): <Trial 77 (77 in rep 18) data={'pos': -50, 'corr_resp': 'x', 'thisN': 77, 'thisTrialN': 77, 'thisRepN': 18}>
460.7469 	DATA 	Keypress: z
460.7584 	EXP 	fixation: autoDraw = False
460.7584 	EXP 	line1: autoDraw = False
460.7584 	EXP 	line2: autoDraw = False
460.7584 	EXP 	line3: autoDraw = False
460.7584 	EXP 	line4: autoDraw = False
460.7584 	EXP 	probe: autoDraw = False
460.7584 	EXP 	fixation: autoDraw = True
461.7575 	EXP 	fixation: autoDraw = False
461.7575 	EXP 	line1: autoDraw = True
461.7575 	EXP 	line2: autoDraw = True
461.7575 	EXP 	line3: autoDraw = True
461.7575 	EXP 	line4: autoDraw = True
462.7574 	INFO 	Keyboard events cleared
462.7566 	EXP 	probe: autoDraw = True
463.6106 	DATA 	Keypress: x
463.6248 	EXP 	New trial (rep=19, index=78): <Trial 78 (78 in rep 19) data={'pos': 150, 'corr_resp': 'v', 'thisN': 78, 'thisTrialN': 78, 'thisRepN': 19}>
463.6391 	EXP 	fixation: autoDraw = False
463.6391 	EXP 	line1: autoDraw = False
463.6391 	EXP 	line2: autoDraw = False
463.6391 	EXP 	line3: autoDraw = False
463.6391 	EXP 	line4: autoDraw = False
463.6391 	EXP 	probe: autoDraw = False
463.6391 	EXP 	fixation: autoDraw = True
464.6383 	EXP 	fixation: autoDraw = False
464.6383 	EXP 	line1: autoDraw = True
464.6383 	EXP 	line2: autoDraw = True
464.6383 	EXP 	line3: autoDraw = True
464.6383 	EXP 	line4: autoDraw = True
465.6383 	INFO 	Keyboard events cleared
465.6374 	EXP 	probe: autoDraw = True
466.2731 	EXP 	New trial (rep=19, index=79): <Trial 79 (79 in rep 19) data={'pos': -50, 'corr_resp': 'x', 'thisN': 79, 'thisTrialN': 79, 'thisRepN': 19}>
466.2755 	DATA 	Keypress: v
466.2869 	EXP 	fixation: autoDraw = False
466.2869 	EXP 	line1: autoDraw = False
466.2869 	EXP 	line2: autoDraw = False
466.2869 	EXP 	line3: autoDraw = False
466.2869 	EXP 	line4: autoDraw = False
466.2869 	EXP 	probe: autoDraw = False
466.2869 	EXP 	fixation: autoDraw = True
467.2860 	EXP 	line1: autoDraw = True
467.2860 	EXP 	line2: autoDraw = True
467.2860 	EXP 	line3: autoDraw = True
467.2860 	EXP 	line4: autoDraw = True
467.3027 	EXP 	fixation: autoDraw = False
468.2858 	INFO 	Keyboard events cleared
468.2851 	EXP 	probe: autoDraw = True
469.2043 	DATA 	Keypress: x
469.2177 	EXP 	fixation: autoDraw = False
469.2177 	EXP 	line1: autoDraw = False
469.2177 	EXP 	line2: autoDraw = False
469.2177 	EXP 	line3: autoDraw = False
469.2177 	EXP 	line4: autoDraw = False
469.2177 	EXP 	probe: autoDraw = False
469.2179 	EXP 	Motor Seq Learning main code: status = STOPPED
469.3531 	INFO 	saved data to 'C:\\Users\\DELL\\OneDrive\\Desktop\\PsychoPy\\4 Motor Sequence Learning\\data/0004_Motor Seq Learning main code_2025-10-02_17h20.19.174.csv'
469.3615 	INFO 	saved data to C:\Users\DELL\OneDrive\Desktop\PsychoPy\4 Motor Sequence Learning\data/0004_Motor Seq Learning main code_2025-10-02_17h20.19.174.psydat
