28.5085 	INFO 	Loaded monitor calibration from ['2025_02_12 09:50']
28.5215 	WARNING 	User requested fullscreen with size [1024  768], but screen is actually [1920, 1080]. Using actual size
31.1961 	EXP 	Created window1 = Window(allowGUI=False, allowStencil=False, autoLog=True, backendConf=UNKNOWN, backgroundFit=<method-wrapper '__getattribute__' of attributeSetter object at 0x0000020ACFA57AC0>, backgroundImage=<method-wrapper '__getattribute__' of attributeSetter object at 0x0000020ACFA57B20>, bitsMode=UNKNOWN, blendMode='avg', bpc=(8, 8, 8), color=array([0, 0, 0]), colorSpace='rgb', depthBits=8, fullscr=True, gamma=None, gammaErrorPolicy='raise', infoMsg=UNKNOWN, lms=UNKNOWN, monitor=<psychopy.monitors.calibTools.Monitor object at 0x0000020ACFAED180>, multiSample=False, name='window1', numSamples=2, pos=[0.0, 0.0], screen=0, size=array([1920, 1080]), stencilBits=0, stereo=False, title='PsychoPy', units='height', useFBO=True, useRetina=False, viewOri=0.0, viewPos=None, viewScale=None, waitBlanking=True, winType='pyglet')
31.1962 	EXP 	window1: backgroundImage = ''
31.1962 	EXP 	window1: backgroundFit = 'none'
31.4126 	EXP 	window1: Attempting to measure frame rate of screen (0) ...
31.4126 	EXP 	window1: recordFrameIntervals = False
31.5676 	EXP 	window1: recordFrameIntervals = True
31.7513 	EXP 	Screen (0) actual frame rate measured at 59.93Hz
31.7514 	EXP 	window1: recordFrameIntervals = False
37.1911 	INFO 	keyboard.Keyboard is using iohub backend.
37.1913 	INFO 	keyboard.Keyboard is using iohub backend.
37.1913 	EXP 	Motor Seq Learning main code: status = STARTED
37.1991 	EXP 	Created fixation = ShapeStim(__class__=<class 'psychopy.visual.shape.ShapeStim'>, anchor=('center', 'center'), autoDraw=False, autoLog=True, closeShape=True, color=method-wrapper(...), colorSpace='rgb', contrast=None, depth=0.0, draggable=True, fillColor=array([0.0039, 0.0039, 0.0039]), fillColorSpace='rgb', fillRGB=array([0.0039, 0.0039, 0.0039]), interpolate=True, lineColor=array([0.0039, 0.0039, 0.0039]), lineColorSpace='rgb', lineRGB=array([0.0039, 0.0039, 0.0039]), lineWidth=1.0, name='fixation', opacity=1, ori=0.0, pos=array([0., 0.]), size=array([10., 10.]), units='pix', vertices=ndarray(...), win=Window(...), windingRule=None)
37.2013 	EXP 	Created line1 = Rect(__class__=<class 'psychopy.visual.rect.Rect'>, anchor=('center', 'center'), autoDraw=False, autoLog=True, closeShape=True, color=method-wrapper(...), colorSpace='rgb', contrast=None, depth=-1.0, draggable=False, fillColor=array([1, 1, 1]), fillColorSpace='rgb', fillRGB=array([1, 1, 1]), interpolate=True, lineColor=array([1., 1., 1.]), lineColorSpace='rgb', lineRGB=array([1, 1, 1]), lineWidth=1.0, name='line1', opacity=1, ori=90.0, pos=array([-150.,    0.]), size=array([100.,  10.]), units='pix', vertices=ndarray(...), win=Window(...))
37.2034 	EXP 	Created line2 = Rect(__class__=<class 'psychopy.visual.rect.Rect'>, anchor=('center', 'center'), autoDraw=False, autoLog=True, closeShape=True, color=method-wrapper(...), colorSpace='rgb', contrast=None, depth=-2.0, draggable=False, fillColor=array([1, 1, 1]), fillColorSpace='rgb', fillRGB=array([1, 1, 1]), interpolate=True, lineColor=array([1., 1., 1.]), lineColorSpace='rgb', lineRGB=array([1, 1, 1]), lineWidth=1.0, name='line2', opacity=1, ori=90.0, pos=array([-50.,   0.]), size=array([100.,  10.]), units='pix', vertices=ndarray(...), win=Window(...))
37.2054 	EXP 	Created line3 = Rect(__class__=<class 'psychopy.visual.rect.Rect'>, anchor=('center', 'center'), autoDraw=False, autoLog=True, closeShape=True, color=method-wrapper(...), colorSpace='rgb', contrast=None, depth=-3.0, draggable=False, fillColor=array([1, 1, 1]), fillColorSpace='rgb', fillRGB=array([1, 1, 1]), interpolate=True, lineColor=array([1., 1., 1.]), lineColorSpace='rgb', lineRGB=array([1, 1, 1]), lineWidth=1.0, name='line3', opacity=1, ori=90.0, pos=array([50.,  0.]), size=array([100.,  10.]), units='pix', vertices=ndarray(...), win=Window(...))
37.2076 	EXP 	Created line4 = Rect(__class__=<class 'psychopy.visual.rect.Rect'>, anchor=('center', 'center'), autoDraw=False, autoLog=True, closeShape=True, color=method-wrapper(...), colorSpace='rgb', contrast=None, depth=-4.0, draggable=False, fillColor=array([1, 1, 1]), fillColorSpace='rgb', fillRGB=array([1, 1, 1]), interpolate=True, lineColor=array([1., 1., 1.]), lineColorSpace='rgb', lineRGB=array([1, 1, 1]), lineWidth=1.0, name='line4', opacity=1, ori=90.0, pos=array([150.,   0.]), size=array([100.,  10.]), units='pix', vertices=ndarray(...), win=Window(...))
37.2103 	EXP 	Created probe = ShapeStim(__class__=<class 'psychopy.visual.shape.ShapeStim'>, anchor=('center', 'center'), autoDraw=False, autoLog=True, closeShape=True, color=method-wrapper(...), colorSpace='rgb', contrast=None, depth=-5.0, draggable=False, fillColor=array([1, 1, 1]), fillColorSpace='rgb', fillRGB=array([1, 1, 1]), interpolate=True, lineColor=array([1., 1., 1.]), lineColorSpace='rgb', lineRGB=array([1, 1, 1]), lineWidth=1.0, name='probe', opacity=1, ori=0.0, pos=array([0., 0.]), size=array([10., 10.]), units='pix', vertices=ndarray(...), win=Window(...), windingRule=None)
37.2131 	EXP 	Created fixation = ShapeStim(__class__=<class 'psychopy.visual.shape.ShapeStim'>, anchor=('center', 'center'), autoDraw=False, autoLog=True, closeShape=True, color=method-wrapper(...), colorSpace='rgb', contrast=None, depth=0.0, draggable=True, fillColor=array([0.0039, 0.0039, 0.0039]), fillColorSpace='rgb', fillRGB=array([0.0039, 0.0039, 0.0039]), interpolate=True, lineColor=array([0.0039, 0.0039, 0.0039]), lineColorSpace='rgb', lineRGB=array([0.0039, 0.0039, 0.0039]), lineWidth=1.0, name='fixation', opacity=1, ori=0.0, pos=array([0., 0.]), size=array([10., 10.]), units='pix', vertices=ndarray(...), win=Window(...), windingRule=None)
37.2155 	EXP 	Created line1 = Rect(__class__=<class 'psychopy.visual.rect.Rect'>, anchor=('center', 'center'), autoDraw=False, autoLog=True, closeShape=True, color=method-wrapper(...), colorSpace='rgb', contrast=None, depth=-1.0, draggable=False, fillColor=array([1, 1, 1]), fillColorSpace='rgb', fillRGB=array([1, 1, 1]), interpolate=True, lineColor=array([1., 1., 1.]), lineColorSpace='rgb', lineRGB=array([1, 1, 1]), lineWidth=1.0, name='line1', opacity=1, ori=90.0, pos=array([-150.,    0.]), size=array([100.,  10.]), units='pix', vertices=ndarray(...), win=Window(...))
37.2179 	EXP 	Created line2 = Rect(__class__=<class 'psychopy.visual.rect.Rect'>, anchor=('center', 'center'), autoDraw=False, autoLog=True, closeShape=True, color=method-wrapper(...), colorSpace='rgb', contrast=None, depth=-2.0, draggable=False, fillColor=array([1, 1, 1]), fillColorSpace='rgb', fillRGB=array([1, 1, 1]), interpolate=True, lineColor=array([1., 1., 1.]), lineColorSpace='rgb', lineRGB=array([1, 1, 1]), lineWidth=1.0, name='line2', opacity=1, ori=90.0, pos=array([-50.,   0.]), size=array([100.,  10.]), units='pix', vertices=ndarray(...), win=Window(...))
37.2203 	EXP 	Created line3 = Rect(__class__=<class 'psychopy.visual.rect.Rect'>, anchor=('center', 'center'), autoDraw=False, autoLog=True, closeShape=True, color=method-wrapper(...), colorSpace='rgb', contrast=None, depth=-3.0, draggable=False, fillColor=array([1, 1, 1]), fillColorSpace='rgb', fillRGB=array([1, 1, 1]), interpolate=True, lineColor=array([1., 1., 1.]), lineColorSpace='rgb', lineRGB=array([1, 1, 1]), lineWidth=1.0, name='line3', opacity=1, ori=90.0, pos=array([50.,  0.]), size=array([100.,  10.]), units='pix', vertices=ndarray(...), win=Window(...))
37.2228 	EXP 	Created line4 = Rect(__class__=<class 'psychopy.visual.rect.Rect'>, anchor=('center', 'center'), autoDraw=False, autoLog=True, closeShape=True, color=method-wrapper(...), colorSpace='rgb', contrast=None, depth=-4.0, draggable=False, fillColor=array([1, 1, 1]), fillColorSpace='rgb', fillRGB=array([1, 1, 1]), interpolate=True, lineColor=array([1., 1., 1.]), lineColorSpace='rgb', lineRGB=array([1, 1, 1]), lineWidth=1.0, name='line4', opacity=1, ori=90.0, pos=array([150.,   0.]), size=array([100.,  10.]), units='pix', vertices=ndarray(...), win=Window(...))
37.2262 	EXP 	Created probe = ShapeStim(__class__=<class 'psychopy.visual.shape.ShapeStim'>, anchor=('center', 'center'), autoDraw=False, autoLog=True, closeShape=True, color=method-wrapper(...), colorSpace='rgb', contrast=None, depth=-5.0, draggable=False, fillColor=array([1, 1, 1]), fillColorSpace='rgb', fillRGB=array([1, 1, 1]), interpolate=True, lineColor=array([1., 1., 1.]), lineColorSpace='rgb', lineRGB=array([1, 1, 1]), lineWidth=1.0, name='probe', opacity=1, ori=0.0, pos=array([0., 0.]), size=array([10., 10.]), units='pix', vertices=ndarray(...), win=Window(...), windingRule=None)
0.0112 	EXP 	Imported Mot_SeqLearning.csv as conditions, 4 conditions, 2 params
0.0131 	EXP 	New trial (rep=0, index=0): <Trial 0 (0 in rep 0) data={'pos': -50, 'corr_resp': 'x', 'thisN': 0, 'thisTrialN': 0, 'thisRepN': 0}>
0.0187 	EXP 	fixation: autoDraw = True
1.0018 	EXP 	line1: autoDraw = True
1.0018 	EXP 	line2: autoDraw = True
1.0018 	EXP 	line3: autoDraw = True
1.0018 	EXP 	line4: autoDraw = True
1.0187 	EXP 	fixation: autoDraw = False
2.0014 	INFO 	Keyboard events cleared
2.0009 	EXP 	probe: autoDraw = True
2.9324 	EXP 	New trial (rep=0, index=1): <Trial 1 (1 in rep 0) data={'pos': 150, 'corr_resp': 'v', 'thisN': 1, 'thisTrialN': 1, 'thisRepN': 0}>
2.9343 	DATA 	Keypress: x
2.9373 	EXP 	fixation: autoDraw = False
2.9373 	EXP 	line1: autoDraw = False
2.9373 	EXP 	line2: autoDraw = False
2.9373 	EXP 	line3: autoDraw = False
2.9373 	EXP 	line4: autoDraw = False
2.9373 	EXP 	probe: autoDraw = False
2.9373 	EXP 	fixation: autoDraw = True
3.9327 	EXP 	line1: autoDraw = True
3.9327 	EXP 	line2: autoDraw = True
3.9327 	EXP 	line3: autoDraw = True
3.9327 	EXP 	line4: autoDraw = True
3.9493 	EXP 	fixation: autoDraw = False
4.9324 	INFO 	Keyboard events cleared
4.9318 	EXP 	probe: autoDraw = True
5.3001 	EXP 	New trial (rep=0, index=2): <Trial 2 (2 in rep 0) data={'pos': 50, 'corr_resp': 'c', 'thisN': 2, 'thisTrialN': 2, 'thisRepN': 0}>
5.3019 	DATA 	Keypress: v
5.3149 	EXP 	fixation: autoDraw = False
5.3149 	EXP 	line1: autoDraw = False
5.3149 	EXP 	line2: autoDraw = False
5.3149 	EXP 	line3: autoDraw = False
5.3149 	EXP 	line4: autoDraw = False
5.3149 	EXP 	probe: autoDraw = False
5.3149 	EXP 	fixation: autoDraw = True
6.3140 	EXP 	fixation: autoDraw = False
6.3140 	EXP 	line1: autoDraw = True
6.3140 	EXP 	line2: autoDraw = True
6.3140 	EXP 	line3: autoDraw = True
6.3140 	EXP 	line4: autoDraw = True
7.3136 	INFO 	Keyboard events cleared
7.3130 	EXP 	probe: autoDraw = True
7.6812 	EXP 	New trial (rep=0, index=3): <Trial 3 (3 in rep 0) data={'pos': -150, 'corr_resp': 'z', 'thisN': 3, 'thisTrialN': 3, 'thisRepN': 0}>
7.6829 	DATA 	Keypress: c
7.6960 	EXP 	fixation: autoDraw = False
7.6960 	EXP 	line1: autoDraw = False
7.6960 	EXP 	line2: autoDraw = False
7.6960 	EXP 	line3: autoDraw = False
7.6960 	EXP 	line4: autoDraw = False
7.6960 	EXP 	probe: autoDraw = False
7.6960 	EXP 	fixation: autoDraw = True
8.6954 	EXP 	fixation: autoDraw = False
8.6954 	EXP 	line1: autoDraw = True
8.6954 	EXP 	line2: autoDraw = True
8.6954 	EXP 	line3: autoDraw = True
8.6954 	EXP 	line4: autoDraw = True
9.6950 	INFO 	Keyboard events cleared
9.6943 	EXP 	probe: autoDraw = True
10.0793 	EXP 	New trial (rep=1, index=0): <Trial 4 (0 in rep 1) data={'pos': -50, 'corr_resp': 'x', 'thisN': 4, 'thisTrialN': 0, 'thisRepN': 1}>
10.0815 	DATA 	Keypress: z
10.0940 	EXP 	fixation: autoDraw = False
10.0940 	EXP 	line1: autoDraw = False
10.0940 	EXP 	line2: autoDraw = False
10.0940 	EXP 	line3: autoDraw = False
10.0940 	EXP 	line4: autoDraw = False
10.0940 	EXP 	probe: autoDraw = False
10.0940 	EXP 	fixation: autoDraw = True
11.0930 	EXP 	fixation: autoDraw = False
11.0930 	EXP 	line1: autoDraw = True
11.0930 	EXP 	line2: autoDraw = True
11.0930 	EXP 	line3: autoDraw = True
11.0930 	EXP 	line4: autoDraw = True
12.0927 	INFO 	Keyboard events cleared
12.0922 	EXP 	probe: autoDraw = True
12.5287 	DATA 	Keypress: x
12.5441 	EXP 	New trial (rep=1, index=1): <Trial 5 (1 in rep 1) data={'pos': 150, 'corr_resp': 'v', 'thisN': 5, 'thisTrialN': 1, 'thisRepN': 1}>
12.5585 	EXP 	fixation: autoDraw = False
12.5585 	EXP 	line1: autoDraw = False
12.5585 	EXP 	line2: autoDraw = False
12.5585 	EXP 	line3: autoDraw = False
12.5585 	EXP 	line4: autoDraw = False
12.5585 	EXP 	probe: autoDraw = False
12.5585 	EXP 	fixation: autoDraw = True
13.5577 	EXP 	fixation: autoDraw = False
13.5577 	EXP 	line1: autoDraw = True
13.5577 	EXP 	line2: autoDraw = True
13.5577 	EXP 	line3: autoDraw = True
13.5577 	EXP 	line4: autoDraw = True
14.5571 	INFO 	Keyboard events cleared
14.5567 	EXP 	probe: autoDraw = True
14.8760 	DATA 	Keypress: v
14.8916 	EXP 	New trial (rep=1, index=2): <Trial 6 (2 in rep 1) data={'pos': 50, 'corr_resp': 'c', 'thisN': 6, 'thisTrialN': 2, 'thisRepN': 1}>
14.9064 	EXP 	fixation: autoDraw = False
14.9064 	EXP 	line1: autoDraw = False
14.9064 	EXP 	line2: autoDraw = False
14.9064 	EXP 	line3: autoDraw = False
14.9064 	EXP 	line4: autoDraw = False
14.9064 	EXP 	probe: autoDraw = False
14.9064 	EXP 	fixation: autoDraw = True
15.9057 	EXP 	fixation: autoDraw = False
15.9057 	EXP 	line1: autoDraw = True
15.9057 	EXP 	line2: autoDraw = True
15.9057 	EXP 	line3: autoDraw = True
15.9057 	EXP 	line4: autoDraw = True
16.9053 	INFO 	Keyboard events cleared
16.9047 	EXP 	probe: autoDraw = True
17.2391 	EXP 	New trial (rep=1, index=3): <Trial 7 (3 in rep 1) data={'pos': -150, 'corr_resp': 'z', 'thisN': 7, 'thisTrialN': 3, 'thisRepN': 1}>
17.2404 	DATA 	Keypress: c
17.2543 	EXP 	fixation: autoDraw = False
17.2543 	EXP 	line1: autoDraw = False
17.2543 	EXP 	line2: autoDraw = False
17.2543 	EXP 	line3: autoDraw = False
17.2543 	EXP 	line4: autoDraw = False
17.2543 	EXP 	probe: autoDraw = False
17.2543 	EXP 	fixation: autoDraw = True
18.2537 	EXP 	fixation: autoDraw = False
18.2537 	EXP 	line1: autoDraw = True
18.2537 	EXP 	line2: autoDraw = True
18.2537 	EXP 	line3: autoDraw = True
18.2537 	EXP 	line4: autoDraw = True
19.2534 	INFO 	Keyboard events cleared
19.2528 	EXP 	probe: autoDraw = True
19.6061 	DATA 	Keypress: z
19.6211 	EXP 	New trial (rep=2, index=0): <Trial 8 (0 in rep 2) data={'pos': -50, 'corr_resp': 'x', 'thisN': 8, 'thisTrialN': 0, 'thisRepN': 2}>
19.6357 	EXP 	fixation: autoDraw = False
19.6357 	EXP 	line1: autoDraw = False
19.6357 	EXP 	line2: autoDraw = False
19.6357 	EXP 	line3: autoDraw = False
19.6357 	EXP 	line4: autoDraw = False
19.6357 	EXP 	probe: autoDraw = False
19.6357 	EXP 	fixation: autoDraw = True
20.6348 	EXP 	line1: autoDraw = True
20.6348 	EXP 	line2: autoDraw = True
20.6348 	EXP 	line3: autoDraw = True
20.6348 	EXP 	line4: autoDraw = True
20.6516 	EXP 	fixation: autoDraw = False
21.6345 	INFO 	Keyboard events cleared
21.6339 	EXP 	probe: autoDraw = True
22.1023 	EXP 	New trial (rep=2, index=1): <Trial 9 (1 in rep 2) data={'pos': 150, 'corr_resp': 'v', 'thisN': 9, 'thisTrialN': 1, 'thisRepN': 2}>
22.1042 	DATA 	Keypress: x
22.1168 	EXP 	fixation: autoDraw = False
22.1168 	EXP 	line1: autoDraw = False
22.1168 	EXP 	line2: autoDraw = False
22.1168 	EXP 	line3: autoDraw = False
22.1168 	EXP 	line4: autoDraw = False
22.1168 	EXP 	probe: autoDraw = False
22.1168 	EXP 	fixation: autoDraw = True
23.1159 	EXP 	fixation: autoDraw = False
23.1159 	EXP 	line1: autoDraw = True
23.1159 	EXP 	line2: autoDraw = True
23.1159 	EXP 	line3: autoDraw = True
23.1159 	EXP 	line4: autoDraw = True
24.1157 	INFO 	Keyboard events cleared
24.1151 	EXP 	probe: autoDraw = True
24.7510 	DATA 	Keypress: v
24.7655 	EXP 	New trial (rep=2, index=2): <Trial 10 (2 in rep 2) data={'pos': 50, 'corr_resp': 'c', 'thisN': 10, 'thisTrialN': 2, 'thisRepN': 2}>
24.7812 	EXP 	fixation: autoDraw = False
24.7812 	EXP 	line1: autoDraw = False
24.7812 	EXP 	line2: autoDraw = False
24.7812 	EXP 	line3: autoDraw = False
24.7812 	EXP 	line4: autoDraw = False
24.7812 	EXP 	probe: autoDraw = False
24.7812 	EXP 	fixation: autoDraw = True
25.7805 	EXP 	fixation: autoDraw = False
25.7805 	EXP 	line1: autoDraw = True
25.7805 	EXP 	line2: autoDraw = True
25.7805 	EXP 	line3: autoDraw = True
25.7805 	EXP 	line4: autoDraw = True
26.7799 	INFO 	Keyboard events cleared
26.7794 	EXP 	probe: autoDraw = True
27.2308 	EXP 	New trial (rep=2, index=3): <Trial 11 (3 in rep 2) data={'pos': -150, 'corr_resp': 'z', 'thisN': 11, 'thisTrialN': 3, 'thisRepN': 2}>
27.2325 	DATA 	Keypress: c
27.2456 	EXP 	fixation: autoDraw = False
27.2456 	EXP 	line1: autoDraw = False
27.2456 	EXP 	line2: autoDraw = False
27.2456 	EXP 	line3: autoDraw = False
27.2456 	EXP 	line4: autoDraw = False
27.2456 	EXP 	probe: autoDraw = False
27.2456 	EXP 	fixation: autoDraw = True
28.2448 	EXP 	fixation: autoDraw = False
28.2448 	EXP 	line1: autoDraw = True
28.2448 	EXP 	line2: autoDraw = True
28.2448 	EXP 	line3: autoDraw = True
28.2448 	EXP 	line4: autoDraw = True
29.2446 	INFO 	Keyboard events cleared
29.2440 	EXP 	probe: autoDraw = True
29.5956 	EXP 	New trial (rep=3, index=0): <Trial 12 (0 in rep 3) data={'pos': -50, 'corr_resp': 'x', 'thisN': 12, 'thisTrialN': 0, 'thisRepN': 3}>
29.5975 	DATA 	Keypress: z
29.6103 	EXP 	fixation: autoDraw = False
29.6103 	EXP 	line1: autoDraw = False
29.6103 	EXP 	line2: autoDraw = False
29.6103 	EXP 	line3: autoDraw = False
29.6103 	EXP 	line4: autoDraw = False
29.6103 	EXP 	probe: autoDraw = False
29.6103 	EXP 	fixation: autoDraw = True
30.6093 	EXP 	fixation: autoDraw = False
30.6093 	EXP 	line1: autoDraw = True
30.6093 	EXP 	line2: autoDraw = True
30.6093 	EXP 	line3: autoDraw = True
30.6093 	EXP 	line4: autoDraw = True
31.6092 	INFO 	Keyboard events cleared
31.6086 	EXP 	probe: autoDraw = True
32.1931 	EXP 	New trial (rep=3, index=1): <Trial 13 (1 in rep 3) data={'pos': 150, 'corr_resp': 'v', 'thisN': 13, 'thisTrialN': 1, 'thisRepN': 3}>
32.1947 	DATA 	Keypress: x
32.2080 	EXP 	fixation: autoDraw = False
32.2080 	EXP 	line1: autoDraw = False
32.2080 	EXP 	line2: autoDraw = False
32.2080 	EXP 	line3: autoDraw = False
32.2080 	EXP 	line4: autoDraw = False
32.2080 	EXP 	probe: autoDraw = False
32.2080 	EXP 	fixation: autoDraw = True
33.2073 	EXP 	fixation: autoDraw = False
33.2073 	EXP 	line1: autoDraw = True
33.2073 	EXP 	line2: autoDraw = True
33.2073 	EXP 	line3: autoDraw = True
33.2073 	EXP 	line4: autoDraw = True
34.2069 	INFO 	Keyboard events cleared
34.2063 	EXP 	probe: autoDraw = True
34.5909 	EXP 	New trial (rep=3, index=2): <Trial 14 (2 in rep 3) data={'pos': 50, 'corr_resp': 'c', 'thisN': 14, 'thisTrialN': 2, 'thisRepN': 3}>
34.5925 	DATA 	Keypress: v
34.6059 	EXP 	fixation: autoDraw = False
34.6059 	EXP 	line1: autoDraw = False
34.6059 	EXP 	line2: autoDraw = False
34.6059 	EXP 	line3: autoDraw = False
34.6059 	EXP 	line4: autoDraw = False
34.6059 	EXP 	probe: autoDraw = False
34.6059 	EXP 	fixation: autoDraw = True
35.6050 	EXP 	fixation: autoDraw = False
35.6050 	EXP 	line1: autoDraw = True
35.6050 	EXP 	line2: autoDraw = True
35.6050 	EXP 	line3: autoDraw = True
35.6050 	EXP 	line4: autoDraw = True
36.6046 	INFO 	Keyboard events cleared
36.6042 	EXP 	probe: autoDraw = True
36.9054 	EXP 	New trial (rep=3, index=3): <Trial 15 (3 in rep 3) data={'pos': -150, 'corr_resp': 'z', 'thisN': 15, 'thisTrialN': 3, 'thisRepN': 3}>
36.9067 	DATA 	Keypress: c
36.9207 	EXP 	fixation: autoDraw = False
36.9207 	EXP 	line1: autoDraw = False
36.9207 	EXP 	line2: autoDraw = False
36.9207 	EXP 	line3: autoDraw = False
36.9207 	EXP 	line4: autoDraw = False
36.9207 	EXP 	probe: autoDraw = False
36.9207 	EXP 	fixation: autoDraw = True
37.9197 	EXP 	fixation: autoDraw = False
37.9197 	EXP 	line1: autoDraw = True
37.9197 	EXP 	line2: autoDraw = True
37.9197 	EXP 	line3: autoDraw = True
37.9197 	EXP 	line4: autoDraw = True
38.9194 	INFO 	Keyboard events cleared
38.9188 	EXP 	probe: autoDraw = True
39.2887 	DATA 	Keypress: z
39.3038 	EXP 	New trial (rep=4, index=0): <Trial 16 (0 in rep 4) data={'pos': -50, 'corr_resp': 'x', 'thisN': 16, 'thisTrialN': 0, 'thisRepN': 4}>
39.3186 	EXP 	fixation: autoDraw = False
39.3186 	EXP 	line1: autoDraw = False
39.3186 	EXP 	line2: autoDraw = False
39.3186 	EXP 	line3: autoDraw = False
39.3186 	EXP 	line4: autoDraw = False
39.3186 	EXP 	probe: autoDraw = False
39.3186 	EXP 	fixation: autoDraw = True
40.3177 	EXP 	fixation: autoDraw = False
40.3177 	EXP 	line1: autoDraw = True
40.3177 	EXP 	line2: autoDraw = True
40.3177 	EXP 	line3: autoDraw = True
40.3177 	EXP 	line4: autoDraw = True
41.3174 	INFO 	Keyboard events cleared
41.3167 	EXP 	probe: autoDraw = True
41.8517 	EXP 	New trial (rep=4, index=1): <Trial 17 (1 in rep 4) data={'pos': 150, 'corr_resp': 'v', 'thisN': 17, 'thisTrialN': 1, 'thisRepN': 4}>
41.8536 	DATA 	Keypress: x
41.8662 	EXP 	fixation: autoDraw = False
41.8662 	EXP 	line1: autoDraw = False
41.8662 	EXP 	line2: autoDraw = False
41.8662 	EXP 	line3: autoDraw = False
41.8662 	EXP 	line4: autoDraw = False
41.8662 	EXP 	probe: autoDraw = False
41.8662 	EXP 	fixation: autoDraw = True
42.8654 	EXP 	fixation: autoDraw = False
42.8654 	EXP 	line1: autoDraw = True
42.8654 	EXP 	line2: autoDraw = True
42.8654 	EXP 	line3: autoDraw = True
42.8654 	EXP 	line4: autoDraw = True
43.8649 	INFO 	Keyboard events cleared
43.8645 	EXP 	probe: autoDraw = True
44.2657 	EXP 	New trial (rep=4, index=2): <Trial 18 (2 in rep 4) data={'pos': 50, 'corr_resp': 'c', 'thisN': 18, 'thisTrialN': 2, 'thisRepN': 4}>
44.2677 	DATA 	Keypress: v
44.2806 	EXP 	fixation: autoDraw = False
44.2806 	EXP 	line1: autoDraw = False
44.2806 	EXP 	line2: autoDraw = False
44.2806 	EXP 	line3: autoDraw = False
44.2806 	EXP 	line4: autoDraw = False
44.2806 	EXP 	probe: autoDraw = False
44.2806 	EXP 	fixation: autoDraw = True
45.2800 	EXP 	fixation: autoDraw = False
45.2800 	EXP 	line1: autoDraw = True
45.2800 	EXP 	line2: autoDraw = True
45.2800 	EXP 	line3: autoDraw = True
45.2800 	EXP 	line4: autoDraw = True
46.2795 	INFO 	Keyboard events cleared
46.2790 	EXP 	probe: autoDraw = True
46.7640 	EXP 	New trial (rep=4, index=3): <Trial 19 (3 in rep 4) data={'pos': -150, 'corr_resp': 'z', 'thisN': 19, 'thisTrialN': 3, 'thisRepN': 4}>
46.7656 	DATA 	Keypress: c
46.7787 	EXP 	fixation: autoDraw = False
46.7787 	EXP 	line1: autoDraw = False
46.7787 	EXP 	line2: autoDraw = False
46.7787 	EXP 	line3: autoDraw = False
46.7787 	EXP 	line4: autoDraw = False
46.7787 	EXP 	probe: autoDraw = False
46.7787 	EXP 	fixation: autoDraw = True
47.7776 	EXP 	line1: autoDraw = True
47.7776 	EXP 	line2: autoDraw = True
47.7776 	EXP 	line3: autoDraw = True
47.7776 	EXP 	line4: autoDraw = True
47.7942 	EXP 	fixation: autoDraw = False
48.7777 	INFO 	Keyboard events cleared
48.7770 	EXP 	probe: autoDraw = True
49.1622 	EXP 	New trial (rep=5, index=0): <Trial 20 (0 in rep 5) data={'pos': -50, 'corr_resp': 'x', 'thisN': 20, 'thisTrialN': 0, 'thisRepN': 5}>
49.1642 	DATA 	Keypress: z
49.1767 	EXP 	fixation: autoDraw = False
49.1767 	EXP 	line1: autoDraw = False
49.1767 	EXP 	line2: autoDraw = False
49.1767 	EXP 	line3: autoDraw = False
49.1767 	EXP 	line4: autoDraw = False
49.1767 	EXP 	probe: autoDraw = False
49.1767 	EXP 	fixation: autoDraw = True
50.1759 	EXP 	line1: autoDraw = True
50.1759 	EXP 	line2: autoDraw = True
50.1759 	EXP 	line3: autoDraw = True
50.1759 	EXP 	line4: autoDraw = True
50.1924 	EXP 	fixation: autoDraw = False
51.1755 	INFO 	Keyboard events cleared
51.1748 	EXP 	probe: autoDraw = True
51.8101 	EXP 	New trial (rep=5, index=1): <Trial 21 (1 in rep 5) data={'pos': 150, 'corr_resp': 'v', 'thisN': 21, 'thisTrialN': 1, 'thisRepN': 5}>
51.8123 	DATA 	Keypress: x
51.8244 	EXP 	fixation: autoDraw = False
51.8244 	EXP 	line1: autoDraw = False
51.8244 	EXP 	line2: autoDraw = False
51.8244 	EXP 	line3: autoDraw = False
51.8244 	EXP 	line4: autoDraw = False
51.8244 	EXP 	probe: autoDraw = False
51.8244 	EXP 	fixation: autoDraw = True
52.8233 	EXP 	line1: autoDraw = True
52.8233 	EXP 	line2: autoDraw = True
52.8233 	EXP 	line3: autoDraw = True
52.8233 	EXP 	line4: autoDraw = True
52.8402 	EXP 	fixation: autoDraw = False
53.8232 	INFO 	Keyboard events cleared
53.8225 	EXP 	probe: autoDraw = True
54.1577 	EXP 	New trial (rep=5, index=2): <Trial 22 (2 in rep 5) data={'pos': 50, 'corr_resp': 'c', 'thisN': 22, 'thisTrialN': 2, 'thisRepN': 5}>
54.1598 	DATA 	Keypress: v
54.1723 	EXP 	fixation: autoDraw = False
54.1723 	EXP 	line1: autoDraw = False
54.1723 	EXP 	line2: autoDraw = False
54.1723 	EXP 	line3: autoDraw = False
54.1723 	EXP 	line4: autoDraw = False
54.1723 	EXP 	probe: autoDraw = False
54.1723 	EXP 	fixation: autoDraw = True
55.1713 	EXP 	line1: autoDraw = True
55.1713 	EXP 	line2: autoDraw = True
55.1713 	EXP 	line3: autoDraw = True
55.1713 	EXP 	line4: autoDraw = True
55.1879 	EXP 	fixation: autoDraw = False
56.1711 	INFO 	Keyboard events cleared
56.1705 	EXP 	probe: autoDraw = True
56.5226 	EXP 	New trial (rep=5, index=3): <Trial 23 (3 in rep 5) data={'pos': -150, 'corr_resp': 'z', 'thisN': 23, 'thisTrialN': 3, 'thisRepN': 5}>
56.5245 	DATA 	Keypress: c
56.5369 	EXP 	fixation: autoDraw = False
56.5369 	EXP 	line1: autoDraw = False
56.5369 	EXP 	line2: autoDraw = False
56.5369 	EXP 	line3: autoDraw = False
56.5369 	EXP 	line4: autoDraw = False
56.5369 	EXP 	probe: autoDraw = False
56.5369 	EXP 	fixation: autoDraw = True
57.5359 	EXP 	line1: autoDraw = True
57.5359 	EXP 	line2: autoDraw = True
57.5359 	EXP 	line3: autoDraw = True
57.5359 	EXP 	line4: autoDraw = True
57.5525 	EXP 	fixation: autoDraw = False
58.5361 	INFO 	Keyboard events cleared
58.5351 	EXP 	probe: autoDraw = True
58.9209 	EXP 	New trial (rep=6, index=0): <Trial 24 (0 in rep 6) data={'pos': -50, 'corr_resp': 'x', 'thisN': 24, 'thisTrialN': 0, 'thisRepN': 6}>
58.9234 	DATA 	Keypress: z
58.9348 	EXP 	fixation: autoDraw = False
58.9348 	EXP 	line1: autoDraw = False
58.9348 	EXP 	line2: autoDraw = False
58.9348 	EXP 	line3: autoDraw = False
58.9348 	EXP 	line4: autoDraw = False
58.9348 	EXP 	probe: autoDraw = False
58.9348 	EXP 	fixation: autoDraw = True
59.9339 	EXP 	fixation: autoDraw = False
59.9339 	EXP 	line1: autoDraw = True
59.9339 	EXP 	line2: autoDraw = True
59.9339 	EXP 	line3: autoDraw = True
59.9339 	EXP 	line4: autoDraw = True
60.9337 	INFO 	Keyboard events cleared
60.9330 	EXP 	probe: autoDraw = True
61.4507 	EXP 	New trial (rep=6, index=1): <Trial 25 (1 in rep 6) data={'pos': 150, 'corr_resp': 'v', 'thisN': 25, 'thisTrialN': 1, 'thisRepN': 6}>
61.4522 	DATA 	Keypress: x
61.4659 	EXP 	fixation: autoDraw = False
61.4659 	EXP 	line1: autoDraw = False
61.4659 	EXP 	line2: autoDraw = False
61.4659 	EXP 	line3: autoDraw = False
61.4659 	EXP 	line4: autoDraw = False
61.4659 	EXP 	probe: autoDraw = False
61.4659 	EXP 	fixation: autoDraw = True
62.4649 	EXP 	fixation: autoDraw = False
62.4649 	EXP 	line1: autoDraw = True
62.4649 	EXP 	line2: autoDraw = True
62.4649 	EXP 	line3: autoDraw = True
62.4649 	EXP 	line4: autoDraw = True
63.4645 	INFO 	Keyboard events cleared
63.4640 	EXP 	probe: autoDraw = True
63.8155 	EXP 	New trial (rep=6, index=2): <Trial 26 (2 in rep 6) data={'pos': 50, 'corr_resp': 'c', 'thisN': 26, 'thisTrialN': 2, 'thisRepN': 6}>
63.8169 	DATA 	Keypress: v
63.8305 	EXP 	fixation: autoDraw = False
63.8305 	EXP 	line1: autoDraw = False
63.8305 	EXP 	line2: autoDraw = False
63.8305 	EXP 	line3: autoDraw = False
63.8305 	EXP 	line4: autoDraw = False
63.8305 	EXP 	probe: autoDraw = False
63.8305 	EXP 	fixation: autoDraw = True
64.8297 	EXP 	fixation: autoDraw = False
64.8297 	EXP 	line1: autoDraw = True
64.8297 	EXP 	line2: autoDraw = True
64.8297 	EXP 	line3: autoDraw = True
64.8297 	EXP 	line4: autoDraw = True
65.8296 	INFO 	Keyboard events cleared
65.8288 	EXP 	probe: autoDraw = True
66.1665 	DATA 	Keypress: c
66.1809 	EXP 	New trial (rep=6, index=3): <Trial 27 (3 in rep 6) data={'pos': -150, 'corr_resp': 'z', 'thisN': 27, 'thisTrialN': 3, 'thisRepN': 6}>
66.1950 	EXP 	fixation: autoDraw = False
66.1950 	EXP 	line1: autoDraw = False
66.1950 	EXP 	line2: autoDraw = False
66.1950 	EXP 	line3: autoDraw = False
66.1950 	EXP 	line4: autoDraw = False
66.1950 	EXP 	probe: autoDraw = False
66.1950 	EXP 	fixation: autoDraw = True
67.1942 	EXP 	fixation: autoDraw = False
67.1942 	EXP 	line1: autoDraw = True
67.1942 	EXP 	line2: autoDraw = True
67.1942 	EXP 	line3: autoDraw = True
67.1942 	EXP 	line4: autoDraw = True
68.1940 	INFO 	Keyboard events cleared
68.1934 	EXP 	probe: autoDraw = True
68.7443 	EXP 	New trial (rep=7, index=0): <Trial 28 (0 in rep 7) data={'pos': -50, 'corr_resp': 'x', 'thisN': 28, 'thisTrialN': 0, 'thisRepN': 7}>
68.7456 	DATA 	Keypress: z
68.7594 	EXP 	fixation: autoDraw = False
68.7594 	EXP 	line1: autoDraw = False
68.7594 	EXP 	line2: autoDraw = False
68.7594 	EXP 	line3: autoDraw = False
68.7594 	EXP 	line4: autoDraw = False
68.7594 	EXP 	probe: autoDraw = False
68.7594 	EXP 	fixation: autoDraw = True
69.7586 	EXP 	fixation: autoDraw = False
69.7586 	EXP 	line1: autoDraw = True
69.7586 	EXP 	line2: autoDraw = True
69.7586 	EXP 	line3: autoDraw = True
69.7586 	EXP 	line4: autoDraw = True
70.7581 	INFO 	Keyboard events cleared
70.7576 	EXP 	probe: autoDraw = True
71.0922 	EXP 	New trial (rep=7, index=1): <Trial 29 (1 in rep 7) data={'pos': 150, 'corr_resp': 'v', 'thisN': 29, 'thisTrialN': 1, 'thisRepN': 7}>
71.0937 	DATA 	Keypress: x
71.1073 	EXP 	fixation: autoDraw = False
71.1073 	EXP 	line1: autoDraw = False
71.1073 	EXP 	line2: autoDraw = False
71.1073 	EXP 	line3: autoDraw = False
71.1073 	EXP 	line4: autoDraw = False
71.1073 	EXP 	probe: autoDraw = False
71.1073 	EXP 	fixation: autoDraw = True
72.1067 	EXP 	fixation: autoDraw = False
72.1067 	EXP 	line1: autoDraw = True
72.1067 	EXP 	line2: autoDraw = True
72.1067 	EXP 	line3: autoDraw = True
72.1067 	EXP 	line4: autoDraw = True
73.1062 	INFO 	Keyboard events cleared
73.1057 	EXP 	probe: autoDraw = True
73.4419 	EXP 	New trial (rep=7, index=2): <Trial 30 (2 in rep 7) data={'pos': 50, 'corr_resp': 'c', 'thisN': 30, 'thisTrialN': 2, 'thisRepN': 7}>
73.4436 	DATA 	Keypress: v
73.4553 	EXP 	fixation: autoDraw = False
73.4553 	EXP 	line1: autoDraw = False
73.4553 	EXP 	line2: autoDraw = False
73.4553 	EXP 	line3: autoDraw = False
73.4553 	EXP 	line4: autoDraw = False
73.4553 	EXP 	probe: autoDraw = False
73.4553 	EXP 	fixation: autoDraw = True
74.4544 	EXP 	fixation: autoDraw = False
74.4544 	EXP 	line1: autoDraw = True
74.4544 	EXP 	line2: autoDraw = True
74.4544 	EXP 	line3: autoDraw = True
74.4544 	EXP 	line4: autoDraw = True
75.4542 	INFO 	Keyboard events cleared
75.4537 	EXP 	probe: autoDraw = True
75.7884 	EXP 	New trial (rep=7, index=3): <Trial 31 (3 in rep 7) data={'pos': -150, 'corr_resp': 'z', 'thisN': 31, 'thisTrialN': 3, 'thisRepN': 7}>
75.7900 	DATA 	Keypress: c
75.8032 	EXP 	fixation: autoDraw = False
75.8032 	EXP 	line1: autoDraw = False
75.8032 	EXP 	line2: autoDraw = False
75.8032 	EXP 	line3: autoDraw = False
75.8032 	EXP 	line4: autoDraw = False
75.8032 	EXP 	probe: autoDraw = False
75.8032 	EXP 	fixation: autoDraw = True
76.8024 	EXP 	fixation: autoDraw = False
76.8024 	EXP 	line1: autoDraw = True
76.8024 	EXP 	line2: autoDraw = True
76.8024 	EXP 	line3: autoDraw = True
76.8024 	EXP 	line4: autoDraw = True
77.8020 	INFO 	Keyboard events cleared
77.8015 	EXP 	probe: autoDraw = True
78.4027 	EXP 	New trial (rep=8, index=0): <Trial 32 (0 in rep 8) data={'pos': -50, 'corr_resp': 'x', 'thisN': 32, 'thisTrialN': 0, 'thisRepN': 8}>
78.4044 	DATA 	Keypress: z
78.4177 	EXP 	fixation: autoDraw = False
78.4177 	EXP 	line1: autoDraw = False
78.4177 	EXP 	line2: autoDraw = False
78.4177 	EXP 	line3: autoDraw = False
78.4177 	EXP 	line4: autoDraw = False
78.4177 	EXP 	probe: autoDraw = False
78.4177 	EXP 	fixation: autoDraw = True
79.4168 	EXP 	fixation: autoDraw = False
79.4168 	EXP 	line1: autoDraw = True
79.4168 	EXP 	line2: autoDraw = True
79.4168 	EXP 	line3: autoDraw = True
79.4168 	EXP 	line4: autoDraw = True
80.4164 	INFO 	Keyboard events cleared
80.4159 	EXP 	probe: autoDraw = True
80.8342 	EXP 	New trial (rep=8, index=1): <Trial 33 (1 in rep 8) data={'pos': 150, 'corr_resp': 'v', 'thisN': 33, 'thisTrialN': 1, 'thisRepN': 8}>
80.8360 	DATA 	Keypress: x
80.8489 	EXP 	fixation: autoDraw = False
80.8489 	EXP 	line1: autoDraw = False
80.8489 	EXP 	line2: autoDraw = False
80.8489 	EXP 	line3: autoDraw = False
80.8489 	EXP 	line4: autoDraw = False
80.8489 	EXP 	probe: autoDraw = False
80.8489 	EXP 	fixation: autoDraw = True
81.8482 	EXP 	fixation: autoDraw = False
81.8482 	EXP 	line1: autoDraw = True
81.8482 	EXP 	line2: autoDraw = True
81.8482 	EXP 	line3: autoDraw = True
81.8482 	EXP 	line4: autoDraw = True
82.8480 	INFO 	Keyboard events cleared
82.8472 	EXP 	probe: autoDraw = True
83.2814 	EXP 	New trial (rep=8, index=2): <Trial 34 (2 in rep 8) data={'pos': 50, 'corr_resp': 'c', 'thisN': 34, 'thisTrialN': 2, 'thisRepN': 8}>
83.2827 	DATA 	Keypress: v
83.2967 	EXP 	fixation: autoDraw = False
83.2967 	EXP 	line1: autoDraw = False
83.2967 	EXP 	line2: autoDraw = False
83.2967 	EXP 	line3: autoDraw = False
83.2967 	EXP 	line4: autoDraw = False
83.2967 	EXP 	probe: autoDraw = False
83.2967 	EXP 	fixation: autoDraw = True
84.2959 	EXP 	fixation: autoDraw = False
84.2959 	EXP 	line1: autoDraw = True
84.2959 	EXP 	line2: autoDraw = True
84.2959 	EXP 	line3: autoDraw = True
84.2959 	EXP 	line4: autoDraw = True
85.2956 	INFO 	Keyboard events cleared
85.2950 	EXP 	probe: autoDraw = True
85.6131 	EXP 	New trial (rep=8, index=3): <Trial 35 (3 in rep 8) data={'pos': -150, 'corr_resp': 'z', 'thisN': 35, 'thisTrialN': 3, 'thisRepN': 8}>
85.6147 	DATA 	Keypress: c
85.6281 	EXP 	fixation: autoDraw = False
85.6281 	EXP 	line1: autoDraw = False
85.6281 	EXP 	line2: autoDraw = False
85.6281 	EXP 	line3: autoDraw = False
85.6281 	EXP 	line4: autoDraw = False
85.6281 	EXP 	probe: autoDraw = False
85.6281 	EXP 	fixation: autoDraw = True
86.6273 	EXP 	fixation: autoDraw = False
86.6273 	EXP 	line1: autoDraw = True
86.6273 	EXP 	line2: autoDraw = True
86.6273 	EXP 	line3: autoDraw = True
86.6273 	EXP 	line4: autoDraw = True
87.6270 	INFO 	Keyboard events cleared
87.6264 	EXP 	probe: autoDraw = True
87.9777 	EXP 	New trial (rep=9, index=0): <Trial 36 (0 in rep 9) data={'pos': -50, 'corr_resp': 'x', 'thisN': 36, 'thisTrialN': 0, 'thisRepN': 9}>
87.9794 	DATA 	Keypress: z
87.9927 	EXP 	fixation: autoDraw = False
87.9927 	EXP 	line1: autoDraw = False
87.9927 	EXP 	line2: autoDraw = False
87.9927 	EXP 	line3: autoDraw = False
87.9927 	EXP 	line4: autoDraw = False
87.9927 	EXP 	probe: autoDraw = False
87.9927 	EXP 	fixation: autoDraw = True
88.9918 	EXP 	line1: autoDraw = True
88.9918 	EXP 	line2: autoDraw = True
88.9918 	EXP 	line3: autoDraw = True
88.9918 	EXP 	line4: autoDraw = True
89.0086 	EXP 	fixation: autoDraw = False
89.9919 	INFO 	Keyboard events cleared
89.9911 	EXP 	probe: autoDraw = True
90.3108 	DATA 	Keypress: x
90.3259 	EXP 	New trial (rep=9, index=1): <Trial 37 (1 in rep 9) data={'pos': 150, 'corr_resp': 'v', 'thisN': 37, 'thisTrialN': 1, 'thisRepN': 9}>
90.3408 	EXP 	fixation: autoDraw = False
90.3408 	EXP 	line1: autoDraw = False
90.3408 	EXP 	line2: autoDraw = False
90.3408 	EXP 	line3: autoDraw = False
90.3408 	EXP 	line4: autoDraw = False
90.3408 	EXP 	probe: autoDraw = False
90.3408 	EXP 	fixation: autoDraw = True
91.3399 	EXP 	fixation: autoDraw = False
91.3399 	EXP 	line1: autoDraw = True
91.3399 	EXP 	line2: autoDraw = True
91.3399 	EXP 	line3: autoDraw = True
91.3399 	EXP 	line4: autoDraw = True
92.3395 	INFO 	Keyboard events cleared
92.3389 	EXP 	probe: autoDraw = True
92.6575 	EXP 	New trial (rep=9, index=2): <Trial 38 (2 in rep 9) data={'pos': 50, 'corr_resp': 'c', 'thisN': 38, 'thisTrialN': 2, 'thisRepN': 9}>
92.6595 	DATA 	Keypress: v
92.6719 	EXP 	fixation: autoDraw = False
92.6719 	EXP 	line1: autoDraw = False
92.6719 	EXP 	line2: autoDraw = False
92.6719 	EXP 	line3: autoDraw = False
92.6719 	EXP 	line4: autoDraw = False
92.6719 	EXP 	probe: autoDraw = False
92.6719 	EXP 	fixation: autoDraw = True
93.6711 	EXP 	fixation: autoDraw = False
93.6711 	EXP 	line1: autoDraw = True
93.6711 	EXP 	line2: autoDraw = True
93.6711 	EXP 	line3: autoDraw = True
93.6711 	EXP 	line4: autoDraw = True
94.6711 	INFO 	Keyboard events cleared
94.6703 	EXP 	probe: autoDraw = True
94.9551 	EXP 	New trial (rep=9, index=3): <Trial 39 (3 in rep 9) data={'pos': -150, 'corr_resp': 'z', 'thisN': 39, 'thisTrialN': 3, 'thisRepN': 9}>
94.9569 	DATA 	Keypress: c
94.9698 	EXP 	fixation: autoDraw = False
94.9698 	EXP 	line1: autoDraw = False
94.9698 	EXP 	line2: autoDraw = False
94.9698 	EXP 	line3: autoDraw = False
94.9698 	EXP 	line4: autoDraw = False
94.9698 	EXP 	probe: autoDraw = False
94.9698 	EXP 	fixation: autoDraw = True
95.9691 	EXP 	fixation: autoDraw = False
95.9691 	EXP 	line1: autoDraw = True
95.9691 	EXP 	line2: autoDraw = True
95.9691 	EXP 	line3: autoDraw = True
95.9691 	EXP 	line4: autoDraw = True
96.9687 	INFO 	Keyboard events cleared
96.9681 	EXP 	probe: autoDraw = True
97.2700 	EXP 	New trial (rep=10, index=0): <Trial 40 (0 in rep 10) data={'pos': -50, 'corr_resp': 'x', 'thisN': 40, 'thisTrialN': 0, 'thisRepN': 10}>
97.2721 	DATA 	Keypress: z
97.2846 	EXP 	fixation: autoDraw = False
97.2846 	EXP 	line1: autoDraw = False
97.2846 	EXP 	line2: autoDraw = False
97.2846 	EXP 	line3: autoDraw = False
97.2846 	EXP 	line4: autoDraw = False
97.2846 	EXP 	probe: autoDraw = False
97.2846 	EXP 	fixation: autoDraw = True
98.2838 	EXP 	fixation: autoDraw = False
98.2838 	EXP 	line1: autoDraw = True
98.2838 	EXP 	line2: autoDraw = True
98.2838 	EXP 	line3: autoDraw = True
98.2838 	EXP 	line4: autoDraw = True
99.2835 	INFO 	Keyboard events cleared
99.2829 	EXP 	probe: autoDraw = True
99.5515 	EXP 	New trial (rep=10, index=1): <Trial 41 (1 in rep 10) data={'pos': 150, 'corr_resp': 'v', 'thisN': 41, 'thisTrialN': 1, 'thisRepN': 10}>
99.5534 	DATA 	Keypress: x
99.5659 	EXP 	fixation: autoDraw = False
99.5659 	EXP 	line1: autoDraw = False
99.5659 	EXP 	line2: autoDraw = False
99.5659 	EXP 	line3: autoDraw = False
99.5659 	EXP 	line4: autoDraw = False
99.5659 	EXP 	probe: autoDraw = False
99.5659 	EXP 	fixation: autoDraw = True
100.5649 	EXP 	fixation: autoDraw = False
100.5649 	EXP 	line1: autoDraw = True
100.5649 	EXP 	line2: autoDraw = True
100.5649 	EXP 	line3: autoDraw = True
100.5649 	EXP 	line4: autoDraw = True
101.5648 	INFO 	Keyboard events cleared
101.5642 	EXP 	probe: autoDraw = True
101.9824 	EXP 	New trial (rep=10, index=2): <Trial 42 (2 in rep 10) data={'pos': 50, 'corr_resp': 'c', 'thisN': 42, 'thisTrialN': 2, 'thisRepN': 10}>
101.9842 	DATA 	Keypress: v
101.9972 	EXP 	fixation: autoDraw = False
101.9972 	EXP 	line1: autoDraw = False
101.9972 	EXP 	line2: autoDraw = False
101.9972 	EXP 	line3: autoDraw = False
101.9972 	EXP 	line4: autoDraw = False
101.9972 	EXP 	probe: autoDraw = False
101.9972 	EXP 	fixation: autoDraw = True
102.9963 	EXP 	fixation: autoDraw = False
102.9963 	EXP 	line1: autoDraw = True
102.9963 	EXP 	line2: autoDraw = True
102.9963 	EXP 	line3: autoDraw = True
102.9963 	EXP 	line4: autoDraw = True
103.9962 	INFO 	Keyboard events cleared
103.9954 	EXP 	probe: autoDraw = True
104.3153 	DATA 	Keypress: c
104.3304 	EXP 	New trial (rep=10, index=3): <Trial 43 (3 in rep 10) data={'pos': -150, 'corr_resp': 'z', 'thisN': 43, 'thisTrialN': 3, 'thisRepN': 10}>
104.3452 	EXP 	fixation: autoDraw = False
104.3452 	EXP 	line1: autoDraw = False
104.3452 	EXP 	line2: autoDraw = False
104.3452 	EXP 	line3: autoDraw = False
104.3452 	EXP 	line4: autoDraw = False
104.3452 	EXP 	probe: autoDraw = False
104.3452 	EXP 	fixation: autoDraw = True
105.3444 	EXP 	fixation: autoDraw = False
105.3444 	EXP 	line1: autoDraw = True
105.3444 	EXP 	line2: autoDraw = True
105.3444 	EXP 	line3: autoDraw = True
105.3444 	EXP 	line4: autoDraw = True
106.3439 	INFO 	Keyboard events cleared
106.3433 	EXP 	probe: autoDraw = True
106.7119 	EXP 	New trial (rep=11, index=0): <Trial 44 (0 in rep 11) data={'pos': -50, 'corr_resp': 'x', 'thisN': 44, 'thisTrialN': 0, 'thisRepN': 11}>
106.7139 	DATA 	Keypress: z
106.7264 	EXP 	fixation: autoDraw = False
106.7264 	EXP 	line1: autoDraw = False
106.7264 	EXP 	line2: autoDraw = False
106.7264 	EXP 	line3: autoDraw = False
106.7264 	EXP 	line4: autoDraw = False
106.7264 	EXP 	probe: autoDraw = False
106.7264 	EXP 	fixation: autoDraw = True
107.7254 	EXP 	fixation: autoDraw = False
107.7254 	EXP 	line1: autoDraw = True
107.7254 	EXP 	line2: autoDraw = True
107.7254 	EXP 	line3: autoDraw = True
107.7254 	EXP 	line4: autoDraw = True
108.7249 	INFO 	Keyboard events cleared
108.7245 	EXP 	probe: autoDraw = True
109.0758 	EXP 	New trial (rep=11, index=1): <Trial 45 (1 in rep 11) data={'pos': 150, 'corr_resp': 'v', 'thisN': 45, 'thisTrialN': 1, 'thisRepN': 11}>
109.0772 	DATA 	Keypress: x
109.0910 	EXP 	fixation: autoDraw = False
109.0910 	EXP 	line1: autoDraw = False
109.0910 	EXP 	line2: autoDraw = False
109.0910 	EXP 	line3: autoDraw = False
109.0910 	EXP 	line4: autoDraw = False
109.0910 	EXP 	probe: autoDraw = False
109.0910 	EXP 	fixation: autoDraw = True
110.0902 	EXP 	fixation: autoDraw = False
110.0902 	EXP 	line1: autoDraw = True
110.0902 	EXP 	line2: autoDraw = True
110.0902 	EXP 	line3: autoDraw = True
110.0902 	EXP 	line4: autoDraw = True
111.0898 	INFO 	Keyboard events cleared
111.0893 	EXP 	probe: autoDraw = True
111.3742 	EXP 	New trial (rep=11, index=2): <Trial 46 (2 in rep 11) data={'pos': 50, 'corr_resp': 'c', 'thisN': 46, 'thisTrialN': 2, 'thisRepN': 11}>
111.3759 	DATA 	Keypress: v
111.3889 	EXP 	fixation: autoDraw = False
111.3889 	EXP 	line1: autoDraw = False
111.3889 	EXP 	line2: autoDraw = False
111.3889 	EXP 	line3: autoDraw = False
111.3889 	EXP 	line4: autoDraw = False
111.3889 	EXP 	probe: autoDraw = False
111.3889 	EXP 	fixation: autoDraw = True
112.3881 	EXP 	fixation: autoDraw = False
112.3881 	EXP 	line1: autoDraw = True
112.3881 	EXP 	line2: autoDraw = True
112.3881 	EXP 	line3: autoDraw = True
112.3881 	EXP 	line4: autoDraw = True
113.3880 	INFO 	Keyboard events cleared
113.3872 	EXP 	probe: autoDraw = True
113.6724 	EXP 	New trial (rep=11, index=3): <Trial 47 (3 in rep 11) data={'pos': -150, 'corr_resp': 'z', 'thisN': 47, 'thisTrialN': 3, 'thisRepN': 11}>
113.6743 	DATA 	Keypress: c
113.6870 	EXP 	fixation: autoDraw = False
113.6870 	EXP 	line1: autoDraw = False
113.6870 	EXP 	line2: autoDraw = False
113.6870 	EXP 	line3: autoDraw = False
113.6870 	EXP 	line4: autoDraw = False
113.6870 	EXP 	probe: autoDraw = False
113.6870 	EXP 	fixation: autoDraw = True
114.6862 	EXP 	fixation: autoDraw = False
114.6862 	EXP 	line1: autoDraw = True
114.6862 	EXP 	line2: autoDraw = True
114.6862 	EXP 	line3: autoDraw = True
114.6862 	EXP 	line4: autoDraw = True
115.6853 	INFO 	Keyboard events cleared
115.6850 	EXP 	probe: autoDraw = True
115.9529 	EXP 	New trial (rep=12, index=0): <Trial 48 (0 in rep 12) data={'pos': -50, 'corr_resp': 'x', 'thisN': 48, 'thisTrialN': 0, 'thisRepN': 12}>
115.9542 	DATA 	Keypress: z
115.9684 	EXP 	fixation: autoDraw = False
115.9684 	EXP 	line1: autoDraw = False
115.9684 	EXP 	line2: autoDraw = False
115.9684 	EXP 	line3: autoDraw = False
115.9684 	EXP 	line4: autoDraw = False
115.9684 	EXP 	probe: autoDraw = False
115.9684 	EXP 	fixation: autoDraw = True
116.9672 	EXP 	line1: autoDraw = True
116.9672 	EXP 	line2: autoDraw = True
116.9672 	EXP 	line3: autoDraw = True
116.9672 	EXP 	line4: autoDraw = True
116.9838 	EXP 	fixation: autoDraw = False
117.9674 	INFO 	Keyboard events cleared
117.9666 	EXP 	probe: autoDraw = True
118.3848 	EXP 	New trial (rep=12, index=1): <Trial 49 (1 in rep 12) data={'pos': 150, 'corr_resp': 'v', 'thisN': 49, 'thisTrialN': 1, 'thisRepN': 12}>
118.3870 	DATA 	Keypress: x
118.3997 	EXP 	fixation: autoDraw = False
118.3997 	EXP 	line1: autoDraw = False
118.3997 	EXP 	line2: autoDraw = False
118.3997 	EXP 	line3: autoDraw = False
118.3997 	EXP 	line4: autoDraw = False
118.3997 	EXP 	probe: autoDraw = False
118.3997 	EXP 	fixation: autoDraw = True
119.3987 	EXP 	line1: autoDraw = True
119.3987 	EXP 	line2: autoDraw = True
119.3987 	EXP 	line3: autoDraw = True
119.3987 	EXP 	line4: autoDraw = True
119.4153 	EXP 	fixation: autoDraw = False
120.3985 	INFO 	Keyboard events cleared
120.3979 	EXP 	probe: autoDraw = True
120.6997 	EXP 	New trial (rep=12, index=2): <Trial 50 (2 in rep 12) data={'pos': 50, 'corr_resp': 'c', 'thisN': 50, 'thisTrialN': 2, 'thisRepN': 12}>
120.7017 	DATA 	Keypress: v
120.7142 	EXP 	fixation: autoDraw = False
120.7142 	EXP 	line1: autoDraw = False
120.7142 	EXP 	line2: autoDraw = False
120.7142 	EXP 	line3: autoDraw = False
120.7142 	EXP 	line4: autoDraw = False
120.7142 	EXP 	probe: autoDraw = False
120.7142 	EXP 	fixation: autoDraw = True
121.7133 	EXP 	fixation: autoDraw = False
121.7133 	EXP 	line1: autoDraw = True
121.7133 	EXP 	line2: autoDraw = True
121.7133 	EXP 	line3: autoDraw = True
121.7133 	EXP 	line4: autoDraw = True
122.7130 	INFO 	Keyboard events cleared
122.7124 	EXP 	probe: autoDraw = True
122.9975 	EXP 	New trial (rep=12, index=3): <Trial 51 (3 in rep 12) data={'pos': -150, 'corr_resp': 'z', 'thisN': 51, 'thisTrialN': 3, 'thisRepN': 12}>
122.9994 	DATA 	Keypress: c
123.0121 	EXP 	fixation: autoDraw = False
123.0121 	EXP 	line1: autoDraw = False
123.0121 	EXP 	line2: autoDraw = False
123.0121 	EXP 	line3: autoDraw = False
123.0121 	EXP 	line4: autoDraw = False
123.0121 	EXP 	probe: autoDraw = False
123.0121 	EXP 	fixation: autoDraw = True
124.0114 	EXP 	fixation: autoDraw = False
124.0114 	EXP 	line1: autoDraw = True
124.0114 	EXP 	line2: autoDraw = True
124.0114 	EXP 	line3: autoDraw = True
124.0114 	EXP 	line4: autoDraw = True
125.0110 	INFO 	Keyboard events cleared
125.0104 	EXP 	probe: autoDraw = True
125.3953 	EXP 	New trial (rep=13, index=0): <Trial 52 (0 in rep 13) data={'pos': -50, 'corr_resp': 'x', 'thisN': 52, 'thisTrialN': 0, 'thisRepN': 13}>
125.3973 	DATA 	Keypress: z
125.4101 	EXP 	fixation: autoDraw = False
125.4101 	EXP 	line1: autoDraw = False
125.4101 	EXP 	line2: autoDraw = False
125.4101 	EXP 	line3: autoDraw = False
125.4101 	EXP 	line4: autoDraw = False
125.4101 	EXP 	probe: autoDraw = False
125.4101 	EXP 	fixation: autoDraw = True
126.4093 	EXP 	fixation: autoDraw = False
126.4093 	EXP 	line1: autoDraw = True
126.4093 	EXP 	line2: autoDraw = True
126.4093 	EXP 	line3: autoDraw = True
126.4093 	EXP 	line4: autoDraw = True
127.4088 	INFO 	Keyboard events cleared
127.4082 	EXP 	probe: autoDraw = True
127.8428 	EXP 	New trial (rep=13, index=1): <Trial 53 (1 in rep 13) data={'pos': 150, 'corr_resp': 'v', 'thisN': 53, 'thisTrialN': 1, 'thisRepN': 13}>
127.8442 	DATA 	Keypress: x
127.8578 	EXP 	fixation: autoDraw = False
127.8578 	EXP 	line1: autoDraw = False
127.8578 	EXP 	line2: autoDraw = False
127.8578 	EXP 	line3: autoDraw = False
127.8578 	EXP 	line4: autoDraw = False
127.8578 	EXP 	probe: autoDraw = False
127.8578 	EXP 	fixation: autoDraw = True
128.8572 	EXP 	fixation: autoDraw = False
128.8572 	EXP 	line1: autoDraw = True
128.8572 	EXP 	line2: autoDraw = True
128.8572 	EXP 	line3: autoDraw = True
128.8572 	EXP 	line4: autoDraw = True
129.8569 	INFO 	Keyboard events cleared
129.8562 	EXP 	probe: autoDraw = True
130.1414 	EXP 	New trial (rep=13, index=2): <Trial 54 (2 in rep 13) data={'pos': 50, 'corr_resp': 'c', 'thisN': 54, 'thisTrialN': 2, 'thisRepN': 13}>
130.1434 	DATA 	Keypress: v
130.1560 	EXP 	fixation: autoDraw = False
130.1560 	EXP 	line1: autoDraw = False
130.1560 	EXP 	line2: autoDraw = False
130.1560 	EXP 	line3: autoDraw = False
130.1560 	EXP 	line4: autoDraw = False
130.1560 	EXP 	probe: autoDraw = False
130.1560 	EXP 	fixation: autoDraw = True
131.1550 	EXP 	fixation: autoDraw = False
131.1550 	EXP 	line1: autoDraw = True
131.1550 	EXP 	line2: autoDraw = True
131.1550 	EXP 	line3: autoDraw = True
131.1550 	EXP 	line4: autoDraw = True
132.1548 	INFO 	Keyboard events cleared
132.1541 	EXP 	probe: autoDraw = True
132.6408 	DATA 	Keypress: c
132.6566 	EXP 	New trial (rep=13, index=3): <Trial 55 (3 in rep 13) data={'pos': -150, 'corr_resp': 'z', 'thisN': 55, 'thisTrialN': 3, 'thisRepN': 13}>
132.6702 	EXP 	fixation: autoDraw = False
132.6702 	EXP 	line1: autoDraw = False
132.6702 	EXP 	line2: autoDraw = False
132.6702 	EXP 	line3: autoDraw = False
132.6702 	EXP 	line4: autoDraw = False
132.6702 	EXP 	probe: autoDraw = False
132.6702 	EXP 	fixation: autoDraw = True
133.6697 	EXP 	fixation: autoDraw = False
133.6697 	EXP 	line1: autoDraw = True
133.6697 	EXP 	line2: autoDraw = True
133.6697 	EXP 	line3: autoDraw = True
133.6697 	EXP 	line4: autoDraw = True
134.6693 	INFO 	Keyboard events cleared
134.6687 	EXP 	probe: autoDraw = True
135.0037 	EXP 	New trial (rep=14, index=0): <Trial 56 (0 in rep 14) data={'pos': -50, 'corr_resp': 'x', 'thisN': 56, 'thisTrialN': 0, 'thisRepN': 14}>
135.0056 	DATA 	Keypress: z
135.0183 	EXP 	fixation: autoDraw = False
135.0183 	EXP 	line1: autoDraw = False
135.0183 	EXP 	line2: autoDraw = False
135.0183 	EXP 	line3: autoDraw = False
135.0183 	EXP 	line4: autoDraw = False
135.0183 	EXP 	probe: autoDraw = False
135.0183 	EXP 	fixation: autoDraw = True
136.0174 	EXP 	fixation: autoDraw = False
136.0174 	EXP 	line1: autoDraw = True
136.0174 	EXP 	line2: autoDraw = True
136.0174 	EXP 	line3: autoDraw = True
136.0174 	EXP 	line4: autoDraw = True
137.0170 	INFO 	Keyboard events cleared
137.0165 	EXP 	probe: autoDraw = True
137.3516 	EXP 	New trial (rep=14, index=1): <Trial 57 (1 in rep 14) data={'pos': 150, 'corr_resp': 'v', 'thisN': 57, 'thisTrialN': 1, 'thisRepN': 14}>
137.3538 	DATA 	Keypress: x
137.3663 	EXP 	fixation: autoDraw = False
137.3663 	EXP 	line1: autoDraw = False
137.3663 	EXP 	line2: autoDraw = False
137.3663 	EXP 	line3: autoDraw = False
137.3663 	EXP 	line4: autoDraw = False
137.3663 	EXP 	probe: autoDraw = False
137.3663 	EXP 	fixation: autoDraw = True
138.3656 	EXP 	fixation: autoDraw = False
138.3656 	EXP 	line1: autoDraw = True
138.3656 	EXP 	line2: autoDraw = True
138.3656 	EXP 	line3: autoDraw = True
138.3656 	EXP 	line4: autoDraw = True
139.3654 	INFO 	Keyboard events cleared
139.3646 	EXP 	probe: autoDraw = True
139.8165 	DATA 	Keypress: v
139.8321 	EXP 	New trial (rep=14, index=2): <Trial 58 (2 in rep 14) data={'pos': 50, 'corr_resp': 'c', 'thisN': 58, 'thisTrialN': 2, 'thisRepN': 14}>
139.8474 	EXP 	fixation: autoDraw = False
139.8474 	EXP 	line1: autoDraw = False
139.8474 	EXP 	line2: autoDraw = False
139.8474 	EXP 	line3: autoDraw = False
139.8474 	EXP 	line4: autoDraw = False
139.8474 	EXP 	probe: autoDraw = False
139.8474 	EXP 	fixation: autoDraw = True
140.8466 	EXP 	fixation: autoDraw = False
140.8466 	EXP 	line1: autoDraw = True
140.8466 	EXP 	line2: autoDraw = True
140.8466 	EXP 	line3: autoDraw = True
140.8466 	EXP 	line4: autoDraw = True
141.8460 	INFO 	Keyboard events cleared
141.8456 	EXP 	probe: autoDraw = True
142.1471 	EXP 	New trial (rep=14, index=3): <Trial 59 (3 in rep 14) data={'pos': -150, 'corr_resp': 'z', 'thisN': 59, 'thisTrialN': 3, 'thisRepN': 14}>
142.1487 	DATA 	Keypress: c
142.1620 	EXP 	fixation: autoDraw = False
142.1620 	EXP 	line1: autoDraw = False
142.1620 	EXP 	line2: autoDraw = False
142.1620 	EXP 	line3: autoDraw = False
142.1620 	EXP 	line4: autoDraw = False
142.1620 	EXP 	probe: autoDraw = False
142.1620 	EXP 	fixation: autoDraw = True
143.1613 	EXP 	fixation: autoDraw = False
143.1613 	EXP 	line1: autoDraw = True
143.1613 	EXP 	line2: autoDraw = True
143.1613 	EXP 	line3: autoDraw = True
143.1613 	EXP 	line4: autoDraw = True
144.1611 	INFO 	Keyboard events cleared
144.1603 	EXP 	probe: autoDraw = True
144.5453 	EXP 	New trial (rep=15, index=0): <Trial 60 (0 in rep 15) data={'pos': -50, 'corr_resp': 'x', 'thisN': 60, 'thisTrialN': 0, 'thisRepN': 15}>
144.5472 	DATA 	Keypress: z
144.5600 	EXP 	fixation: autoDraw = False
144.5600 	EXP 	line1: autoDraw = False
144.5600 	EXP 	line2: autoDraw = False
144.5600 	EXP 	line3: autoDraw = False
144.5600 	EXP 	line4: autoDraw = False
144.5600 	EXP 	probe: autoDraw = False
144.5600 	EXP 	fixation: autoDraw = True
145.5593 	EXP 	fixation: autoDraw = False
145.5593 	EXP 	line1: autoDraw = True
145.5593 	EXP 	line2: autoDraw = True
145.5593 	EXP 	line3: autoDraw = True
145.5593 	EXP 	line4: autoDraw = True
146.5590 	INFO 	Keyboard events cleared
146.5584 	EXP 	probe: autoDraw = True
146.9260 	EXP 	New trial (rep=15, index=1): <Trial 61 (1 in rep 15) data={'pos': 150, 'corr_resp': 'v', 'thisN': 61, 'thisTrialN': 1, 'thisRepN': 15}>
146.9273 	DATA 	Keypress: x
146.9413 	EXP 	fixation: autoDraw = False
146.9413 	EXP 	line1: autoDraw = False
146.9413 	EXP 	line2: autoDraw = False
146.9413 	EXP 	line3: autoDraw = False
146.9413 	EXP 	line4: autoDraw = False
146.9413 	EXP 	probe: autoDraw = False
146.9413 	EXP 	fixation: autoDraw = True
147.9404 	EXP 	fixation: autoDraw = False
147.9404 	EXP 	line1: autoDraw = True
147.9404 	EXP 	line2: autoDraw = True
147.9404 	EXP 	line3: autoDraw = True
147.9404 	EXP 	line4: autoDraw = True
148.9402 	INFO 	Keyboard events cleared
148.9396 	EXP 	probe: autoDraw = True
149.1747 	EXP 	New trial (rep=15, index=2): <Trial 62 (2 in rep 15) data={'pos': 50, 'corr_resp': 'c', 'thisN': 62, 'thisTrialN': 2, 'thisRepN': 15}>
149.1766 	DATA 	Keypress: v
149.1893 	EXP 	fixation: autoDraw = False
149.1893 	EXP 	line1: autoDraw = False
149.1893 	EXP 	line2: autoDraw = False
149.1893 	EXP 	line3: autoDraw = False
149.1893 	EXP 	line4: autoDraw = False
149.1893 	EXP 	probe: autoDraw = False
149.1893 	EXP 	fixation: autoDraw = True
150.1886 	EXP 	fixation: autoDraw = False
150.1886 	EXP 	line1: autoDraw = True
150.1886 	EXP 	line2: autoDraw = True
150.1886 	EXP 	line3: autoDraw = True
150.1886 	EXP 	line4: autoDraw = True
151.1882 	INFO 	Keyboard events cleared
151.1875 	EXP 	probe: autoDraw = True
151.4554 	EXP 	New trial (rep=15, index=3): <Trial 63 (3 in rep 15) data={'pos': -150, 'corr_resp': 'z', 'thisN': 63, 'thisTrialN': 3, 'thisRepN': 15}>
151.4569 	DATA 	Keypress: c
151.4707 	EXP 	fixation: autoDraw = False
151.4707 	EXP 	line1: autoDraw = False
151.4707 	EXP 	line2: autoDraw = False
151.4707 	EXP 	line3: autoDraw = False
151.4707 	EXP 	line4: autoDraw = False
151.4707 	EXP 	probe: autoDraw = False
151.4707 	EXP 	fixation: autoDraw = True
152.4696 	EXP 	line1: autoDraw = True
152.4696 	EXP 	line2: autoDraw = True
152.4696 	EXP 	line3: autoDraw = True
152.4696 	EXP 	line4: autoDraw = True
152.4862 	EXP 	fixation: autoDraw = False
153.4697 	INFO 	Keyboard events cleared
153.4689 	EXP 	probe: autoDraw = True
153.7878 	DATA 	Keypress: z
153.8034 	EXP 	New trial (rep=16, index=0): <Trial 64 (0 in rep 16) data={'pos': -50, 'corr_resp': 'x', 'thisN': 64, 'thisTrialN': 0, 'thisRepN': 16}>
153.8185 	EXP 	fixation: autoDraw = False
153.8185 	EXP 	line1: autoDraw = False
153.8185 	EXP 	line2: autoDraw = False
153.8185 	EXP 	line3: autoDraw = False
153.8185 	EXP 	line4: autoDraw = False
153.8185 	EXP 	probe: autoDraw = False
153.8185 	EXP 	fixation: autoDraw = True
154.8177 	EXP 	fixation: autoDraw = False
154.8177 	EXP 	line1: autoDraw = True
154.8177 	EXP 	line2: autoDraw = True
154.8177 	EXP 	line3: autoDraw = True
154.8177 	EXP 	line4: autoDraw = True
155.8172 	INFO 	Keyboard events cleared
155.8168 	EXP 	probe: autoDraw = True
156.1032 	DATA 	Keypress: x
156.1183 	EXP 	New trial (rep=16, index=1): <Trial 65 (1 in rep 16) data={'pos': 150, 'corr_resp': 'v', 'thisN': 65, 'thisTrialN': 1, 'thisRepN': 16}>
156.1332 	EXP 	fixation: autoDraw = False
156.1332 	EXP 	line1: autoDraw = False
156.1332 	EXP 	line2: autoDraw = False
156.1332 	EXP 	line3: autoDraw = False
156.1332 	EXP 	line4: autoDraw = False
156.1332 	EXP 	probe: autoDraw = False
156.1332 	EXP 	fixation: autoDraw = True
157.1325 	EXP 	fixation: autoDraw = False
157.1325 	EXP 	line1: autoDraw = True
157.1325 	EXP 	line2: autoDraw = True
157.1325 	EXP 	line3: autoDraw = True
157.1325 	EXP 	line4: autoDraw = True
158.1324 	INFO 	Keyboard events cleared
158.1317 	EXP 	probe: autoDraw = True
158.3849 	DATA 	Keypress: v
158.4000 	EXP 	New trial (rep=16, index=2): <Trial 66 (2 in rep 16) data={'pos': 50, 'corr_resp': 'c', 'thisN': 66, 'thisTrialN': 2, 'thisRepN': 16}>
158.4146 	EXP 	fixation: autoDraw = False
158.4146 	EXP 	line1: autoDraw = False
158.4146 	EXP 	line2: autoDraw = False
158.4146 	EXP 	line3: autoDraw = False
158.4146 	EXP 	line4: autoDraw = False
158.4146 	EXP 	probe: autoDraw = False
158.4146 	EXP 	fixation: autoDraw = True
159.4137 	EXP 	line1: autoDraw = True
159.4137 	EXP 	line2: autoDraw = True
159.4137 	EXP 	line3: autoDraw = True
159.4137 	EXP 	line4: autoDraw = True
159.4303 	EXP 	fixation: autoDraw = False
160.4135 	INFO 	Keyboard events cleared
160.4128 	EXP 	probe: autoDraw = True
160.6641 	EXP 	New trial (rep=16, index=3): <Trial 67 (3 in rep 16) data={'pos': -150, 'corr_resp': 'z', 'thisN': 67, 'thisTrialN': 3, 'thisRepN': 16}>
160.6658 	DATA 	Keypress: c
160.6794 	EXP 	fixation: autoDraw = False
160.6794 	EXP 	line1: autoDraw = False
160.6794 	EXP 	line2: autoDraw = False
160.6794 	EXP 	line3: autoDraw = False
160.6794 	EXP 	line4: autoDraw = False
160.6794 	EXP 	probe: autoDraw = False
160.6794 	EXP 	fixation: autoDraw = True
161.6785 	EXP 	line1: autoDraw = True
161.6785 	EXP 	line2: autoDraw = True
161.6785 	EXP 	line3: autoDraw = True
161.6785 	EXP 	line4: autoDraw = True
161.6950 	EXP 	fixation: autoDraw = False
162.6783 	INFO 	Keyboard events cleared
162.6776 	EXP 	probe: autoDraw = True
163.0969 	DATA 	Keypress: z
163.1122 	EXP 	New trial (rep=17, index=0): <Trial 68 (0 in rep 17) data={'pos': -50, 'corr_resp': 'x', 'thisN': 68, 'thisTrialN': 0, 'thisRepN': 17}>
163.1270 	EXP 	fixation: autoDraw = False
163.1270 	EXP 	line1: autoDraw = False
163.1270 	EXP 	line2: autoDraw = False
163.1270 	EXP 	line3: autoDraw = False
163.1270 	EXP 	line4: autoDraw = False
163.1270 	EXP 	probe: autoDraw = False
163.1270 	EXP 	fixation: autoDraw = True
164.1262 	EXP 	fixation: autoDraw = False
164.1262 	EXP 	line1: autoDraw = True
164.1262 	EXP 	line2: autoDraw = True
164.1262 	EXP 	line3: autoDraw = True
164.1262 	EXP 	line4: autoDraw = True
165.1259 	INFO 	Keyboard events cleared
165.1254 	EXP 	probe: autoDraw = True
165.3773 	EXP 	New trial (rep=17, index=1): <Trial 69 (1 in rep 17) data={'pos': 150, 'corr_resp': 'v', 'thisN': 69, 'thisTrialN': 1, 'thisRepN': 17}>
165.3786 	DATA 	Keypress: x
165.3918 	EXP 	fixation: autoDraw = False
165.3918 	EXP 	line1: autoDraw = False
165.3918 	EXP 	line2: autoDraw = False
165.3918 	EXP 	line3: autoDraw = False
165.3918 	EXP 	line4: autoDraw = False
165.3918 	EXP 	probe: autoDraw = False
165.3918 	EXP 	fixation: autoDraw = True
166.3909 	EXP 	fixation: autoDraw = False
166.3909 	EXP 	line1: autoDraw = True
166.3909 	EXP 	line2: autoDraw = True
166.3909 	EXP 	line3: autoDraw = True
166.3909 	EXP 	line4: autoDraw = True
167.3907 	INFO 	Keyboard events cleared
167.3901 	EXP 	probe: autoDraw = True
167.7245 	EXP 	New trial (rep=17, index=2): <Trial 70 (2 in rep 17) data={'pos': 50, 'corr_resp': 'c', 'thisN': 70, 'thisTrialN': 2, 'thisRepN': 17}>
167.7258 	DATA 	Keypress: v
167.7397 	EXP 	fixation: autoDraw = False
167.7397 	EXP 	line1: autoDraw = False
167.7397 	EXP 	line2: autoDraw = False
167.7397 	EXP 	line3: autoDraw = False
167.7397 	EXP 	line4: autoDraw = False
167.7397 	EXP 	probe: autoDraw = False
167.7397 	EXP 	fixation: autoDraw = True
168.7388 	EXP 	fixation: autoDraw = False
168.7388 	EXP 	line1: autoDraw = True
168.7388 	EXP 	line2: autoDraw = True
168.7388 	EXP 	line3: autoDraw = True
168.7388 	EXP 	line4: autoDraw = True
169.7387 	INFO 	Keyboard events cleared
169.7380 	EXP 	probe: autoDraw = True
170.0581 	DATA 	Keypress: c
170.0733 	EXP 	New trial (rep=17, index=3): <Trial 71 (3 in rep 17) data={'pos': -150, 'corr_resp': 'z', 'thisN': 71, 'thisTrialN': 3, 'thisRepN': 17}>
170.0878 	EXP 	fixation: autoDraw = False
170.0878 	EXP 	line1: autoDraw = False
170.0878 	EXP 	line2: autoDraw = False
170.0878 	EXP 	line3: autoDraw = False
170.0878 	EXP 	line4: autoDraw = False
170.0878 	EXP 	probe: autoDraw = False
170.0878 	EXP 	fixation: autoDraw = True
171.0869 	EXP 	line1: autoDraw = True
171.0869 	EXP 	line2: autoDraw = True
171.0869 	EXP 	line3: autoDraw = True
171.0869 	EXP 	line4: autoDraw = True
171.1034 	EXP 	fixation: autoDraw = False
172.0865 	INFO 	Keyboard events cleared
172.0860 	EXP 	probe: autoDraw = True
172.4707 	EXP 	New trial (rep=18, index=0): <Trial 72 (0 in rep 18) data={'pos': -50, 'corr_resp': 'x', 'thisN': 72, 'thisTrialN': 0, 'thisRepN': 18}>
172.4727 	DATA 	Keypress: z
172.4856 	EXP 	fixation: autoDraw = False
172.4856 	EXP 	line1: autoDraw = False
172.4856 	EXP 	line2: autoDraw = False
172.4856 	EXP 	line3: autoDraw = False
172.4856 	EXP 	line4: autoDraw = False
172.4856 	EXP 	probe: autoDraw = False
172.4856 	EXP 	fixation: autoDraw = True
173.4848 	EXP 	fixation: autoDraw = False
173.4848 	EXP 	line1: autoDraw = True
173.4848 	EXP 	line2: autoDraw = True
173.4848 	EXP 	line3: autoDraw = True
173.4848 	EXP 	line4: autoDraw = True
174.4844 	INFO 	Keyboard events cleared
174.4839 	EXP 	probe: autoDraw = True
174.9350 	EXP 	New trial (rep=18, index=1): <Trial 73 (1 in rep 18) data={'pos': 150, 'corr_resp': 'v', 'thisN': 73, 'thisTrialN': 1, 'thisRepN': 18}>
174.9363 	DATA 	Keypress: x
174.9501 	EXP 	fixation: autoDraw = False
174.9501 	EXP 	line1: autoDraw = False
174.9501 	EXP 	line2: autoDraw = False
174.9501 	EXP 	line3: autoDraw = False
174.9501 	EXP 	line4: autoDraw = False
174.9501 	EXP 	probe: autoDraw = False
174.9501 	EXP 	fixation: autoDraw = True
175.9492 	EXP 	fixation: autoDraw = False
175.9492 	EXP 	line1: autoDraw = True
175.9492 	EXP 	line2: autoDraw = True
175.9492 	EXP 	line3: autoDraw = True
175.9492 	EXP 	line4: autoDraw = True
176.9493 	INFO 	Keyboard events cleared
176.9485 	EXP 	probe: autoDraw = True
177.2342 	EXP 	New trial (rep=18, index=2): <Trial 74 (2 in rep 18) data={'pos': 50, 'corr_resp': 'c', 'thisN': 74, 'thisTrialN': 2, 'thisRepN': 18}>
177.2367 	DATA 	Keypress: v
177.2482 	EXP 	fixation: autoDraw = False
177.2482 	EXP 	line1: autoDraw = False
177.2482 	EXP 	line2: autoDraw = False
177.2482 	EXP 	line3: autoDraw = False
177.2482 	EXP 	line4: autoDraw = False
177.2482 	EXP 	probe: autoDraw = False
177.2482 	EXP 	fixation: autoDraw = True
178.2474 	EXP 	fixation: autoDraw = False
178.2474 	EXP 	line1: autoDraw = True
178.2474 	EXP 	line2: autoDraw = True
178.2474 	EXP 	line3: autoDraw = True
178.2474 	EXP 	line4: autoDraw = True
179.2473 	INFO 	Keyboard events cleared
179.2465 	EXP 	probe: autoDraw = True
179.7817 	EXP 	New trial (rep=18, index=3): <Trial 75 (3 in rep 18) data={'pos': -150, 'corr_resp': 'z', 'thisN': 75, 'thisTrialN': 3, 'thisRepN': 18}>
179.7841 	DATA 	Keypress: c
179.7959 	EXP 	fixation: autoDraw = False
179.7959 	EXP 	line1: autoDraw = False
179.7959 	EXP 	line2: autoDraw = False
179.7959 	EXP 	line3: autoDraw = False
179.7959 	EXP 	line4: autoDraw = False
179.7959 	EXP 	probe: autoDraw = False
179.7959 	EXP 	fixation: autoDraw = True
180.7949 	EXP 	fixation: autoDraw = False
180.7949 	EXP 	line1: autoDraw = True
180.7949 	EXP 	line2: autoDraw = True
180.7949 	EXP 	line3: autoDraw = True
180.7949 	EXP 	line4: autoDraw = True
181.7948 	INFO 	Keyboard events cleared
181.7943 	EXP 	probe: autoDraw = True
182.1789 	EXP 	New trial (rep=19, index=0): <Trial 76 (0 in rep 19) data={'pos': -50, 'corr_resp': 'x', 'thisN': 76, 'thisTrialN': 0, 'thisRepN': 19}>
182.1806 	DATA 	Keypress: z
182.1937 	EXP 	fixation: autoDraw = False
182.1937 	EXP 	line1: autoDraw = False
182.1937 	EXP 	line2: autoDraw = False
182.1937 	EXP 	line3: autoDraw = False
182.1937 	EXP 	line4: autoDraw = False
182.1937 	EXP 	probe: autoDraw = False
182.1937 	EXP 	fixation: autoDraw = True
183.1929 	EXP 	fixation: autoDraw = False
183.1929 	EXP 	line1: autoDraw = True
183.1929 	EXP 	line2: autoDraw = True
183.1929 	EXP 	line3: autoDraw = True
183.1929 	EXP 	line4: autoDraw = True
184.1927 	INFO 	Keyboard events cleared
184.1921 	EXP 	probe: autoDraw = True
184.6771 	EXP 	New trial (rep=19, index=1): <Trial 77 (1 in rep 19) data={'pos': 150, 'corr_resp': 'v', 'thisN': 77, 'thisTrialN': 1, 'thisRepN': 19}>
184.6789 	DATA 	Keypress: x
184.6916 	EXP 	fixation: autoDraw = False
184.6916 	EXP 	line1: autoDraw = False
184.6916 	EXP 	line2: autoDraw = False
184.6916 	EXP 	line3: autoDraw = False
184.6916 	EXP 	line4: autoDraw = False
184.6916 	EXP 	probe: autoDraw = False
184.6916 	EXP 	fixation: autoDraw = True
185.6910 	EXP 	fixation: autoDraw = False
185.6910 	EXP 	line1: autoDraw = True
185.6910 	EXP 	line2: autoDraw = True
185.6910 	EXP 	line3: autoDraw = True
185.6910 	EXP 	line4: autoDraw = True
186.6910 	INFO 	Keyboard events cleared
186.6901 	EXP 	probe: autoDraw = True
186.9921 	EXP 	New trial (rep=19, index=2): <Trial 78 (2 in rep 19) data={'pos': 50, 'corr_resp': 'c', 'thisN': 78, 'thisTrialN': 2, 'thisRepN': 19}>
186.9945 	DATA 	Keypress: v
187.0063 	EXP 	fixation: autoDraw = False
187.0063 	EXP 	line1: autoDraw = False
187.0063 	EXP 	line2: autoDraw = False
187.0063 	EXP 	line3: autoDraw = False
187.0063 	EXP 	line4: autoDraw = False
187.0063 	EXP 	probe: autoDraw = False
187.0063 	EXP 	fixation: autoDraw = True
188.0056 	EXP 	fixation: autoDraw = False
188.0056 	EXP 	line1: autoDraw = True
188.0056 	EXP 	line2: autoDraw = True
188.0056 	EXP 	line3: autoDraw = True
188.0056 	EXP 	line4: autoDraw = True
189.0051 	INFO 	Keyboard events cleared
189.0045 	EXP 	probe: autoDraw = True
189.3237 	EXP 	New trial (rep=19, index=3): <Trial 79 (3 in rep 19) data={'pos': -150, 'corr_resp': 'z', 'thisN': 79, 'thisTrialN': 3, 'thisRepN': 19}>
189.3256 	DATA 	Keypress: c
189.3376 	EXP 	fixation: autoDraw = False
189.3376 	EXP 	line1: autoDraw = False
189.3376 	EXP 	line2: autoDraw = False
189.3376 	EXP 	line3: autoDraw = False
189.3376 	EXP 	line4: autoDraw = False
189.3376 	EXP 	probe: autoDraw = False
189.3376 	EXP 	fixation: autoDraw = True
190.3368 	EXP 	fixation: autoDraw = False
190.3368 	EXP 	line1: autoDraw = True
190.3368 	EXP 	line2: autoDraw = True
190.3368 	EXP 	line3: autoDraw = True
190.3368 	EXP 	line4: autoDraw = True
191.3365 	INFO 	Keyboard events cleared
191.3359 	EXP 	probe: autoDraw = True
191.6581 	EXP 	Imported Mot_SeqLearning.csv as conditions, 4 conditions, 2 params
191.6645 	EXP 	New trial (rep=0, index=0): <Trial 0 (0 in rep 0) data={'pos': -50, 'corr_resp': 'x', 'thisN': 0, 'thisTrialN': 0, 'thisRepN': 0}>
191.6661 	DATA 	Keypress: z
191.6692 	EXP 	fixation: autoDraw = False
191.6692 	EXP 	line1: autoDraw = False
191.6692 	EXP 	line2: autoDraw = False
191.6692 	EXP 	line3: autoDraw = False
191.6692 	EXP 	line4: autoDraw = False
191.6692 	EXP 	probe: autoDraw = False
191.6692 	EXP 	fixation: autoDraw = True
192.6678 	EXP 	line1: autoDraw = True
192.6678 	EXP 	line2: autoDraw = True
192.6678 	EXP 	line3: autoDraw = True
192.6678 	EXP 	line4: autoDraw = True
192.6849 	EXP 	fixation: autoDraw = False
193.6680 	INFO 	Keyboard events cleared
193.6674 	EXP 	probe: autoDraw = True
193.9682 	EXP 	New trial (rep=0, index=1): <Trial 1 (1 in rep 0) data={'pos': 50, 'corr_resp': 'c', 'thisN': 1, 'thisTrialN': 1, 'thisRepN': 0}>
193.9695 	DATA 	Keypress: x
193.9834 	EXP 	fixation: autoDraw = False
193.9834 	EXP 	line1: autoDraw = False
193.9834 	EXP 	line2: autoDraw = False
193.9834 	EXP 	line3: autoDraw = False
193.9834 	EXP 	line4: autoDraw = False
193.9834 	EXP 	probe: autoDraw = False
193.9834 	EXP 	fixation: autoDraw = True
194.9827 	EXP 	fixation: autoDraw = False
194.9827 	EXP 	line1: autoDraw = True
194.9827 	EXP 	line2: autoDraw = True
194.9827 	EXP 	line3: autoDraw = True
194.9827 	EXP 	line4: autoDraw = True
195.9824 	INFO 	Keyboard events cleared
195.9818 	EXP 	probe: autoDraw = True
196.4332 	EXP 	New trial (rep=1, index=2): <Trial 2 (2 in rep 1) data={'pos': -50, 'corr_resp': 'x', 'thisN': 2, 'thisTrialN': 2, 'thisRepN': 1}>
196.4349 	DATA 	Keypress: c
196.4480 	EXP 	fixation: autoDraw = False
196.4480 	EXP 	line1: autoDraw = False
196.4480 	EXP 	line2: autoDraw = False
196.4480 	EXP 	line3: autoDraw = False
196.4480 	EXP 	line4: autoDraw = False
196.4480 	EXP 	probe: autoDraw = False
196.4480 	EXP 	fixation: autoDraw = True
197.4473 	EXP 	fixation: autoDraw = False
197.4473 	EXP 	line1: autoDraw = True
197.4473 	EXP 	line2: autoDraw = True
197.4473 	EXP 	line3: autoDraw = True
197.4473 	EXP 	line4: autoDraw = True
198.4471 	INFO 	Keyboard events cleared
198.4464 	EXP 	probe: autoDraw = True
198.8482 	EXP 	New trial (rep=0, index=3): <Trial 3 (3 in rep 0) data={'pos': 150, 'corr_resp': 'v', 'thisN': 3, 'thisTrialN': 3, 'thisRepN': 0}>
198.8501 	DATA 	Keypress: x
198.8628 	EXP 	fixation: autoDraw = False
198.8628 	EXP 	line1: autoDraw = False
198.8628 	EXP 	line2: autoDraw = False
198.8628 	EXP 	line3: autoDraw = False
198.8628 	EXP 	line4: autoDraw = False
198.8628 	EXP 	probe: autoDraw = False
198.8628 	EXP 	fixation: autoDraw = True
199.8617 	EXP 	line1: autoDraw = True
199.8617 	EXP 	line2: autoDraw = True
199.8617 	EXP 	line3: autoDraw = True
199.8617 	EXP 	line4: autoDraw = True
199.8785 	EXP 	fixation: autoDraw = False
200.8616 	INFO 	Keyboard events cleared
200.8610 	EXP 	probe: autoDraw = True
201.2127 	EXP 	New trial (rep=1, index=4): <Trial 4 (4 in rep 1) data={'pos': 50, 'corr_resp': 'c', 'thisN': 4, 'thisTrialN': 4, 'thisRepN': 1}>
201.2148 	DATA 	Keypress: v
201.2273 	EXP 	fixation: autoDraw = False
201.2273 	EXP 	line1: autoDraw = False
201.2273 	EXP 	line2: autoDraw = False
201.2273 	EXP 	line3: autoDraw = False
201.2273 	EXP 	line4: autoDraw = False
201.2273 	EXP 	probe: autoDraw = False
201.2273 	EXP 	fixation: autoDraw = True
202.2264 	EXP 	fixation: autoDraw = False
202.2264 	EXP 	line1: autoDraw = True
202.2264 	EXP 	line2: autoDraw = True
202.2264 	EXP 	line3: autoDraw = True
202.2264 	EXP 	line4: autoDraw = True
203.2262 	INFO 	Keyboard events cleared
203.2255 	EXP 	probe: autoDraw = True
203.5772 	EXP 	New trial (rep=1, index=5): <Trial 5 (5 in rep 1) data={'pos': 150, 'corr_resp': 'v', 'thisN': 5, 'thisTrialN': 5, 'thisRepN': 1}>
203.5790 	DATA 	Keypress: c
203.5919 	EXP 	fixation: autoDraw = False
203.5919 	EXP 	line1: autoDraw = False
203.5919 	EXP 	line2: autoDraw = False
203.5919 	EXP 	line3: autoDraw = False
203.5919 	EXP 	line4: autoDraw = False
203.5919 	EXP 	probe: autoDraw = False
203.5919 	EXP 	fixation: autoDraw = True
204.5910 	EXP 	fixation: autoDraw = False
204.5910 	EXP 	line1: autoDraw = True
204.5910 	EXP 	line2: autoDraw = True
204.5910 	EXP 	line3: autoDraw = True
204.5910 	EXP 	line4: autoDraw = True
205.5907 	INFO 	Keyboard events cleared
205.5901 	EXP 	probe: autoDraw = True
205.9584 	EXP 	New trial (rep=2, index=6): <Trial 6 (6 in rep 2) data={'pos': -50, 'corr_resp': 'x', 'thisN': 6, 'thisTrialN': 6, 'thisRepN': 2}>
205.9601 	DATA 	Keypress: v
205.9730 	EXP 	fixation: autoDraw = False
205.9730 	EXP 	line1: autoDraw = False
205.9730 	EXP 	line2: autoDraw = False
205.9730 	EXP 	line3: autoDraw = False
205.9730 	EXP 	line4: autoDraw = False
205.9730 	EXP 	probe: autoDraw = False
205.9730 	EXP 	fixation: autoDraw = True
206.9721 	EXP 	fixation: autoDraw = False
206.9721 	EXP 	line1: autoDraw = True
206.9721 	EXP 	line2: autoDraw = True
206.9721 	EXP 	line3: autoDraw = True
206.9721 	EXP 	line4: autoDraw = True
207.9720 	INFO 	Keyboard events cleared
207.9714 	EXP 	probe: autoDraw = True
208.5387 	EXP 	New trial (rep=2, index=7): <Trial 7 (7 in rep 2) data={'pos': 150, 'corr_resp': 'v', 'thisN': 7, 'thisTrialN': 7, 'thisRepN': 2}>
208.5400 	DATA 	Keypress: x
208.5541 	EXP 	fixation: autoDraw = False
208.5541 	EXP 	line1: autoDraw = False
208.5541 	EXP 	line2: autoDraw = False
208.5541 	EXP 	line3: autoDraw = False
208.5541 	EXP 	line4: autoDraw = False
208.5541 	EXP 	probe: autoDraw = False
208.5541 	EXP 	fixation: autoDraw = True
209.5535 	EXP 	fixation: autoDraw = False
209.5535 	EXP 	line1: autoDraw = True
209.5535 	EXP 	line2: autoDraw = True
209.5535 	EXP 	line3: autoDraw = True
209.5535 	EXP 	line4: autoDraw = True
210.5528 	INFO 	Keyboard events cleared
210.5524 	EXP 	probe: autoDraw = True
211.2700 	EXP 	New trial (rep=0, index=8): <Trial 8 (8 in rep 0) data={'pos': -150, 'corr_resp': 'z', 'thisN': 8, 'thisTrialN': 8, 'thisRepN': 0}>
211.2713 	DATA 	Keypress: v
211.2850 	EXP 	fixation: autoDraw = False
211.2850 	EXP 	line1: autoDraw = False
211.2850 	EXP 	line2: autoDraw = False
211.2850 	EXP 	line3: autoDraw = False
211.2850 	EXP 	line4: autoDraw = False
211.2850 	EXP 	probe: autoDraw = False
211.2850 	EXP 	fixation: autoDraw = True
212.2842 	EXP 	fixation: autoDraw = False
212.2842 	EXP 	line1: autoDraw = True
212.2842 	EXP 	line2: autoDraw = True
212.2842 	EXP 	line3: autoDraw = True
212.2842 	EXP 	line4: autoDraw = True
213.2843 	INFO 	Keyboard events cleared
213.2835 	EXP 	probe: autoDraw = True
213.6513 	EXP 	New trial (rep=2, index=9): <Trial 9 (9 in rep 2) data={'pos': 50, 'corr_resp': 'c', 'thisN': 9, 'thisTrialN': 9, 'thisRepN': 2}>
213.6526 	DATA 	Keypress: z
213.6665 	EXP 	fixation: autoDraw = False
213.6665 	EXP 	line1: autoDraw = False
213.6665 	EXP 	line2: autoDraw = False
213.6665 	EXP 	line3: autoDraw = False
213.6665 	EXP 	line4: autoDraw = False
213.6665 	EXP 	probe: autoDraw = False
213.6665 	EXP 	fixation: autoDraw = True
214.6654 	EXP 	fixation: autoDraw = False
214.6654 	EXP 	line1: autoDraw = True
214.6654 	EXP 	line2: autoDraw = True
214.6654 	EXP 	line3: autoDraw = True
214.6654 	EXP 	line4: autoDraw = True
215.6652 	INFO 	Keyboard events cleared
215.6646 	EXP 	probe: autoDraw = True
216.1011 	DATA 	Keypress: c
216.1163 	EXP 	New trial (rep=3, index=10): <Trial 10 (10 in rep 3) data={'pos': 150, 'corr_resp': 'v', 'thisN': 10, 'thisTrialN': 10, 'thisRepN': 3}>
216.1309 	EXP 	fixation: autoDraw = False
216.1309 	EXP 	line1: autoDraw = False
216.1309 	EXP 	line2: autoDraw = False
216.1309 	EXP 	line3: autoDraw = False
216.1309 	EXP 	line4: autoDraw = False
216.1309 	EXP 	probe: autoDraw = False
216.1309 	EXP 	fixation: autoDraw = True
217.1301 	EXP 	fixation: autoDraw = False
217.1301 	EXP 	line1: autoDraw = True
217.1301 	EXP 	line2: autoDraw = True
217.1301 	EXP 	line3: autoDraw = True
217.1301 	EXP 	line4: autoDraw = True
218.1299 	INFO 	Keyboard events cleared
218.1292 	EXP 	probe: autoDraw = True
218.4490 	DATA 	Keypress: v
218.4643 	EXP 	New trial (rep=3, index=11): <Trial 11 (11 in rep 3) data={'pos': 50, 'corr_resp': 'c', 'thisN': 11, 'thisTrialN': 11, 'thisRepN': 3}>
218.4789 	EXP 	fixation: autoDraw = False
218.4789 	EXP 	line1: autoDraw = False
218.4789 	EXP 	line2: autoDraw = False
218.4789 	EXP 	line3: autoDraw = False
218.4789 	EXP 	line4: autoDraw = False
218.4789 	EXP 	probe: autoDraw = False
218.4789 	EXP 	fixation: autoDraw = True
219.4779 	EXP 	fixation: autoDraw = False
219.4779 	EXP 	line1: autoDraw = True
219.4779 	EXP 	line2: autoDraw = True
219.4779 	EXP 	line3: autoDraw = True
219.4779 	EXP 	line4: autoDraw = True
220.4780 	INFO 	Keyboard events cleared
220.4773 	EXP 	probe: autoDraw = True
220.8954 	EXP 	New trial (rep=4, index=12): <Trial 12 (12 in rep 4) data={'pos': 50, 'corr_resp': 'c', 'thisN': 12, 'thisTrialN': 12, 'thisRepN': 4}>
220.8973 	DATA 	Keypress: c
220.9102 	EXP 	fixation: autoDraw = False
220.9102 	EXP 	line1: autoDraw = False
220.9102 	EXP 	line2: autoDraw = False
220.9102 	EXP 	line3: autoDraw = False
220.9102 	EXP 	line4: autoDraw = False
220.9102 	EXP 	probe: autoDraw = False
220.9102 	EXP 	fixation: autoDraw = True
221.9091 	EXP 	line1: autoDraw = True
221.9091 	EXP 	line2: autoDraw = True
221.9091 	EXP 	line3: autoDraw = True
221.9091 	EXP 	line4: autoDraw = True
221.9260 	EXP 	fixation: autoDraw = False
222.9090 	INFO 	Keyboard events cleared
222.9083 	EXP 	probe: autoDraw = True
223.2436 	EXP 	New trial (rep=1, index=13): <Trial 13 (13 in rep 1) data={'pos': -150, 'corr_resp': 'z', 'thisN': 13, 'thisTrialN': 13, 'thisRepN': 1}>
223.2461 	DATA 	Keypress: c
223.2581 	EXP 	fixation: autoDraw = False
223.2581 	EXP 	line1: autoDraw = False
223.2581 	EXP 	line2: autoDraw = False
223.2581 	EXP 	line3: autoDraw = False
223.2581 	EXP 	line4: autoDraw = False
223.2581 	EXP 	probe: autoDraw = False
223.2581 	EXP 	fixation: autoDraw = True
224.2572 	EXP 	line1: autoDraw = True
224.2572 	EXP 	line2: autoDraw = True
224.2572 	EXP 	line3: autoDraw = True
224.2572 	EXP 	line4: autoDraw = True
224.2739 	EXP 	fixation: autoDraw = False
225.2569 	INFO 	Keyboard events cleared
225.2563 	EXP 	probe: autoDraw = True
225.6244 	EXP 	New trial (rep=4, index=14): <Trial 14 (14 in rep 4) data={'pos': 150, 'corr_resp': 'v', 'thisN': 14, 'thisTrialN': 14, 'thisRepN': 4}>
225.6271 	DATA 	Keypress: z
225.6393 	EXP 	fixation: autoDraw = False
225.6393 	EXP 	line1: autoDraw = False
225.6393 	EXP 	line2: autoDraw = False
225.6393 	EXP 	line3: autoDraw = False
225.6393 	EXP 	line4: autoDraw = False
225.6393 	EXP 	probe: autoDraw = False
225.6393 	EXP 	fixation: autoDraw = True
226.6383 	EXP 	fixation: autoDraw = False
226.6383 	EXP 	line1: autoDraw = True
226.6383 	EXP 	line2: autoDraw = True
226.6383 	EXP 	line3: autoDraw = True
226.6383 	EXP 	line4: autoDraw = True
227.6383 	INFO 	Keyboard events cleared
227.6377 	EXP 	probe: autoDraw = True
228.4384 	EXP 	New trial (rep=3, index=15): <Trial 15 (15 in rep 3) data={'pos': -50, 'corr_resp': 'x', 'thisN': 15, 'thisTrialN': 15, 'thisRepN': 3}>
228.4401 	DATA 	Keypress: v
228.4534 	EXP 	fixation: autoDraw = False
228.4534 	EXP 	line1: autoDraw = False
228.4534 	EXP 	line2: autoDraw = False
228.4534 	EXP 	line3: autoDraw = False
228.4534 	EXP 	line4: autoDraw = False
228.4534 	EXP 	probe: autoDraw = False
228.4534 	EXP 	fixation: autoDraw = True
229.4525 	EXP 	fixation: autoDraw = False
229.4525 	EXP 	line1: autoDraw = True
229.4525 	EXP 	line2: autoDraw = True
229.4525 	EXP 	line3: autoDraw = True
229.4525 	EXP 	line4: autoDraw = True
230.4523 	INFO 	Keyboard events cleared
230.4517 	EXP 	probe: autoDraw = True
231.1693 	EXP 	New trial (rep=5, index=16): <Trial 16 (16 in rep 5) data={'pos': 50, 'corr_resp': 'c', 'thisN': 16, 'thisTrialN': 16, 'thisRepN': 5}>
231.1711 	DATA 	Keypress: x
231.1844 	EXP 	fixation: autoDraw = False
231.1844 	EXP 	line1: autoDraw = False
231.1844 	EXP 	line2: autoDraw = False
231.1844 	EXP 	line3: autoDraw = False
231.1844 	EXP 	line4: autoDraw = False
231.1844 	EXP 	probe: autoDraw = False
231.1844 	EXP 	fixation: autoDraw = True
232.1837 	EXP 	fixation: autoDraw = False
232.1837 	EXP 	line1: autoDraw = True
232.1837 	EXP 	line2: autoDraw = True
232.1837 	EXP 	line3: autoDraw = True
232.1837 	EXP 	line4: autoDraw = True
233.1831 	INFO 	Keyboard events cleared
233.1826 	EXP 	probe: autoDraw = True
233.7841 	EXP 	New trial (rep=2, index=17): <Trial 17 (17 in rep 2) data={'pos': -150, 'corr_resp': 'z', 'thisN': 17, 'thisTrialN': 17, 'thisRepN': 2}>
233.7858 	DATA 	Keypress: c
233.7988 	EXP 	fixation: autoDraw = False
233.7988 	EXP 	line1: autoDraw = False
233.7988 	EXP 	line2: autoDraw = False
233.7988 	EXP 	line3: autoDraw = False
233.7988 	EXP 	line4: autoDraw = False
233.7988 	EXP 	probe: autoDraw = False
233.7988 	EXP 	fixation: autoDraw = True
234.7979 	EXP 	fixation: autoDraw = False
234.7979 	EXP 	line1: autoDraw = True
234.7979 	EXP 	line2: autoDraw = True
234.7979 	EXP 	line3: autoDraw = True
234.7979 	EXP 	line4: autoDraw = True
235.7978 	INFO 	Keyboard events cleared
235.7971 	EXP 	probe: autoDraw = True
236.6150 	EXP 	New trial (rep=4, index=18): <Trial 18 (18 in rep 4) data={'pos': -50, 'corr_resp': 'x', 'thisN': 18, 'thisTrialN': 18, 'thisRepN': 4}>
236.6169 	DATA 	Keypress: z
236.6297 	EXP 	fixation: autoDraw = False
236.6297 	EXP 	line1: autoDraw = False
236.6297 	EXP 	line2: autoDraw = False
236.6297 	EXP 	line3: autoDraw = False
236.6297 	EXP 	line4: autoDraw = False
236.6297 	EXP 	probe: autoDraw = False
236.6297 	EXP 	fixation: autoDraw = True
237.6288 	EXP 	fixation: autoDraw = False
237.6288 	EXP 	line1: autoDraw = True
237.6288 	EXP 	line2: autoDraw = True
237.6288 	EXP 	line3: autoDraw = True
237.6288 	EXP 	line4: autoDraw = True
238.6284 	INFO 	Keyboard events cleared
238.6280 	EXP 	probe: autoDraw = True
239.1624 	EXP 	New trial (rep=3, index=19): <Trial 19 (19 in rep 3) data={'pos': -150, 'corr_resp': 'z', 'thisN': 19, 'thisTrialN': 19, 'thisRepN': 3}>
239.1639 	DATA 	Keypress: x
239.1774 	EXP 	fixation: autoDraw = False
239.1774 	EXP 	line1: autoDraw = False
239.1774 	EXP 	line2: autoDraw = False
239.1774 	EXP 	line3: autoDraw = False
239.1774 	EXP 	line4: autoDraw = False
239.1774 	EXP 	probe: autoDraw = False
239.1774 	EXP 	fixation: autoDraw = True
240.1766 	EXP 	fixation: autoDraw = False
240.1766 	EXP 	line1: autoDraw = True
240.1766 	EXP 	line2: autoDraw = True
240.1766 	EXP 	line3: autoDraw = True
240.1766 	EXP 	line4: autoDraw = True
241.1760 	INFO 	Keyboard events cleared
241.1756 	EXP 	probe: autoDraw = True
241.6598 	EXP 	New trial (rep=5, index=20): <Trial 20 (20 in rep 5) data={'pos': 150, 'corr_resp': 'v', 'thisN': 20, 'thisTrialN': 20, 'thisRepN': 5}>
241.6611 	DATA 	Keypress: z
241.6754 	EXP 	fixation: autoDraw = False
241.6754 	EXP 	line1: autoDraw = False
241.6754 	EXP 	line2: autoDraw = False
241.6754 	EXP 	line3: autoDraw = False
241.6754 	EXP 	line4: autoDraw = False
241.6754 	EXP 	probe: autoDraw = False
241.6754 	EXP 	fixation: autoDraw = True
242.6744 	EXP 	fixation: autoDraw = False
242.6744 	EXP 	line1: autoDraw = True
242.6744 	EXP 	line2: autoDraw = True
242.6744 	EXP 	line3: autoDraw = True
242.6744 	EXP 	line4: autoDraw = True
243.6742 	INFO 	Keyboard events cleared
243.6736 	EXP 	probe: autoDraw = True
244.2247 	EXP 	New trial (rep=4, index=21): <Trial 21 (21 in rep 4) data={'pos': -150, 'corr_resp': 'z', 'thisN': 21, 'thisTrialN': 21, 'thisRepN': 4}>
244.2263 	DATA 	Keypress: v
244.2398 	EXP 	fixation: autoDraw = False
244.2398 	EXP 	line1: autoDraw = False
244.2398 	EXP 	line2: autoDraw = False
244.2398 	EXP 	line3: autoDraw = False
244.2398 	EXP 	line4: autoDraw = False
244.2398 	EXP 	probe: autoDraw = False
244.2398 	EXP 	fixation: autoDraw = True
245.2388 	EXP 	fixation: autoDraw = False
245.2388 	EXP 	line1: autoDraw = True
245.2388 	EXP 	line2: autoDraw = True
245.2388 	EXP 	line3: autoDraw = True
245.2388 	EXP 	line4: autoDraw = True
246.2387 	INFO 	Keyboard events cleared
246.2380 	EXP 	probe: autoDraw = True
246.6563 	EXP 	New trial (rep=6, index=22): <Trial 22 (22 in rep 6) data={'pos': 150, 'corr_resp': 'v', 'thisN': 22, 'thisTrialN': 22, 'thisRepN': 6}>
246.6583 	DATA 	Keypress: z
246.6710 	EXP 	fixation: autoDraw = False
246.6710 	EXP 	line1: autoDraw = False
246.6710 	EXP 	line2: autoDraw = False
246.6710 	EXP 	line3: autoDraw = False
246.6710 	EXP 	line4: autoDraw = False
246.6710 	EXP 	probe: autoDraw = False
246.6710 	EXP 	fixation: autoDraw = True
247.6700 	EXP 	line1: autoDraw = True
247.6700 	EXP 	line2: autoDraw = True
247.6700 	EXP 	line3: autoDraw = True
247.6700 	EXP 	line4: autoDraw = True
247.6866 	EXP 	fixation: autoDraw = False
248.6701 	INFO 	Keyboard events cleared
248.6695 	EXP 	probe: autoDraw = True
249.4707 	EXP 	New trial (rep=5, index=23): <Trial 23 (23 in rep 5) data={'pos': -150, 'corr_resp': 'z', 'thisN': 23, 'thisTrialN': 23, 'thisRepN': 5}>
249.4725 	DATA 	Keypress: v
249.4851 	EXP 	fixation: autoDraw = False
249.4851 	EXP 	line1: autoDraw = False
249.4851 	EXP 	line2: autoDraw = False
249.4851 	EXP 	line3: autoDraw = False
249.4851 	EXP 	line4: autoDraw = False
249.4851 	EXP 	probe: autoDraw = False
249.4851 	EXP 	fixation: autoDraw = True
250.4842 	EXP 	fixation: autoDraw = False
250.4842 	EXP 	line1: autoDraw = True
250.4842 	EXP 	line2: autoDraw = True
250.4842 	EXP 	line3: autoDraw = True
250.4842 	EXP 	line4: autoDraw = True
251.4841 	INFO 	Keyboard events cleared
251.4834 	EXP 	probe: autoDraw = True
251.8851 	EXP 	New trial (rep=6, index=24): <Trial 24 (24 in rep 6) data={'pos': 50, 'corr_resp': 'c', 'thisN': 24, 'thisTrialN': 24, 'thisRepN': 6}>
251.8870 	DATA 	Keypress: z
251.8997 	EXP 	fixation: autoDraw = False
251.8997 	EXP 	line1: autoDraw = False
251.8997 	EXP 	line2: autoDraw = False
251.8997 	EXP 	line3: autoDraw = False
251.8997 	EXP 	line4: autoDraw = False
251.8997 	EXP 	probe: autoDraw = False
251.8997 	EXP 	fixation: autoDraw = True
252.8988 	EXP 	fixation: autoDraw = False
252.8988 	EXP 	line1: autoDraw = True
252.8988 	EXP 	line2: autoDraw = True
252.8988 	EXP 	line3: autoDraw = True
252.8988 	EXP 	line4: autoDraw = True
253.8984 	INFO 	Keyboard events cleared
253.8979 	EXP 	probe: autoDraw = True
254.5824 	EXP 	New trial (rep=6, index=25): <Trial 25 (25 in rep 6) data={'pos': -150, 'corr_resp': 'z', 'thisN': 25, 'thisTrialN': 25, 'thisRepN': 6}>
254.5840 	DATA 	Keypress: c
254.5975 	EXP 	fixation: autoDraw = False
254.5975 	EXP 	line1: autoDraw = False
254.5975 	EXP 	line2: autoDraw = False
254.5975 	EXP 	line3: autoDraw = False
254.5975 	EXP 	line4: autoDraw = False
254.5975 	EXP 	probe: autoDraw = False
254.5975 	EXP 	fixation: autoDraw = True
255.5964 	EXP 	fixation: autoDraw = False
255.5964 	EXP 	line1: autoDraw = True
255.5964 	EXP 	line2: autoDraw = True
255.5964 	EXP 	line3: autoDraw = True
255.5964 	EXP 	line4: autoDraw = True
256.5964 	INFO 	Keyboard events cleared
256.5957 	EXP 	probe: autoDraw = True
257.3800 	EXP 	New trial (rep=7, index=26): <Trial 26 (26 in rep 7) data={'pos': 150, 'corr_resp': 'v', 'thisN': 26, 'thisTrialN': 26, 'thisRepN': 7}>
257.3816 	DATA 	Keypress: z
257.3949 	EXP 	fixation: autoDraw = False
257.3949 	EXP 	line1: autoDraw = False
257.3949 	EXP 	line2: autoDraw = False
257.3949 	EXP 	line3: autoDraw = False
257.3949 	EXP 	line4: autoDraw = False
257.3949 	EXP 	probe: autoDraw = False
257.3949 	EXP 	fixation: autoDraw = True
258.3940 	EXP 	fixation: autoDraw = False
258.3940 	EXP 	line1: autoDraw = True
258.3940 	EXP 	line2: autoDraw = True
258.3940 	EXP 	line3: autoDraw = True
258.3940 	EXP 	line4: autoDraw = True
259.3937 	INFO 	Keyboard events cleared
259.3932 	EXP 	probe: autoDraw = True
259.9284 	DATA 	Keypress: v
259.9440 	EXP 	New trial (rep=8, index=27): <Trial 27 (27 in rep 8) data={'pos': 150, 'corr_resp': 'v', 'thisN': 27, 'thisTrialN': 27, 'thisRepN': 8}>
259.9593 	EXP 	fixation: autoDraw = False
259.9593 	EXP 	line1: autoDraw = False
259.9593 	EXP 	line2: autoDraw = False
259.9593 	EXP 	line3: autoDraw = False
259.9593 	EXP 	line4: autoDraw = False
259.9593 	EXP 	probe: autoDraw = False
259.9593 	EXP 	fixation: autoDraw = True
260.9585 	EXP 	fixation: autoDraw = False
260.9585 	EXP 	line1: autoDraw = True
260.9585 	EXP 	line2: autoDraw = True
260.9585 	EXP 	line3: autoDraw = True
260.9585 	EXP 	line4: autoDraw = True
261.9582 	INFO 	Keyboard events cleared
261.9576 	EXP 	probe: autoDraw = True
262.3917 	EXP 	New trial (rep=5, index=28): <Trial 28 (28 in rep 5) data={'pos': -50, 'corr_resp': 'x', 'thisN': 28, 'thisTrialN': 28, 'thisRepN': 5}>
262.3930 	DATA 	Keypress: v
262.4071 	EXP 	fixation: autoDraw = False
262.4071 	EXP 	line1: autoDraw = False
262.4071 	EXP 	line2: autoDraw = False
262.4071 	EXP 	line3: autoDraw = False
262.4071 	EXP 	line4: autoDraw = False
262.4071 	EXP 	probe: autoDraw = False
262.4071 	EXP 	fixation: autoDraw = True
263.4063 	EXP 	fixation: autoDraw = False
263.4063 	EXP 	line1: autoDraw = True
263.4063 	EXP 	line2: autoDraw = True
263.4063 	EXP 	line3: autoDraw = True
263.4063 	EXP 	line4: autoDraw = True
264.4059 	INFO 	Keyboard events cleared
264.4054 	EXP 	probe: autoDraw = True
264.9900 	EXP 	New trial (rep=7, index=29): <Trial 29 (29 in rep 7) data={'pos': 50, 'corr_resp': 'c', 'thisN': 29, 'thisTrialN': 29, 'thisRepN': 7}>
264.9917 	DATA 	Keypress: x
265.0049 	EXP 	fixation: autoDraw = False
265.0049 	EXP 	line1: autoDraw = False
265.0049 	EXP 	line2: autoDraw = False
265.0049 	EXP 	line3: autoDraw = False
265.0049 	EXP 	line4: autoDraw = False
265.0049 	EXP 	probe: autoDraw = False
265.0049 	EXP 	fixation: autoDraw = True
266.0042 	EXP 	fixation: autoDraw = False
266.0042 	EXP 	line1: autoDraw = True
266.0042 	EXP 	line2: autoDraw = True
266.0042 	EXP 	line3: autoDraw = True
266.0042 	EXP 	line4: autoDraw = True
267.0040 	INFO 	Keyboard events cleared
267.0034 	EXP 	probe: autoDraw = True
267.5879 	EXP 	New trial (rep=8, index=30): <Trial 30 (30 in rep 8) data={'pos': 50, 'corr_resp': 'c', 'thisN': 30, 'thisTrialN': 30, 'thisRepN': 8}>
267.5899 	DATA 	Keypress: c
267.6026 	EXP 	fixation: autoDraw = False
267.6026 	EXP 	line1: autoDraw = False
267.6026 	EXP 	line2: autoDraw = False
267.6026 	EXP 	line3: autoDraw = False
267.6026 	EXP 	line4: autoDraw = False
267.6026 	EXP 	probe: autoDraw = False
267.6026 	EXP 	fixation: autoDraw = True
268.6019 	EXP 	fixation: autoDraw = False
268.6019 	EXP 	line1: autoDraw = True
268.6019 	EXP 	line2: autoDraw = True
268.6019 	EXP 	line3: autoDraw = True
268.6019 	EXP 	line4: autoDraw = True
269.6016 	INFO 	Keyboard events cleared
269.6010 	EXP 	probe: autoDraw = True
270.4525 	EXP 	New trial (rep=7, index=31): <Trial 31 (31 in rep 7) data={'pos': -150, 'corr_resp': 'z', 'thisN': 31, 'thisTrialN': 31, 'thisRepN': 7}>
270.4548 	DATA 	Keypress: c
270.4668 	EXP 	fixation: autoDraw = False
270.4668 	EXP 	line1: autoDraw = False
270.4668 	EXP 	line2: autoDraw = False
270.4668 	EXP 	line3: autoDraw = False
270.4668 	EXP 	line4: autoDraw = False
270.4668 	EXP 	probe: autoDraw = False
270.4668 	EXP 	fixation: autoDraw = True
271.4659 	EXP 	fixation: autoDraw = False
271.4659 	EXP 	line1: autoDraw = True
271.4659 	EXP 	line2: autoDraw = True
271.4659 	EXP 	line3: autoDraw = True
271.4659 	EXP 	line4: autoDraw = True
272.4655 	INFO 	Keyboard events cleared
272.4650 	EXP 	probe: autoDraw = True
272.8163 	EXP 	New trial (rep=6, index=32): <Trial 32 (32 in rep 6) data={'pos': -50, 'corr_resp': 'x', 'thisN': 32, 'thisTrialN': 32, 'thisRepN': 6}>
272.8177 	DATA 	Keypress: z
272.8315 	EXP 	fixation: autoDraw = False
272.8315 	EXP 	line1: autoDraw = False
272.8315 	EXP 	line2: autoDraw = False
272.8315 	EXP 	line3: autoDraw = False
272.8315 	EXP 	line4: autoDraw = False
272.8315 	EXP 	probe: autoDraw = False
272.8315 	EXP 	fixation: autoDraw = True
273.8307 	EXP 	fixation: autoDraw = False
273.8307 	EXP 	line1: autoDraw = True
273.8307 	EXP 	line2: autoDraw = True
273.8307 	EXP 	line3: autoDraw = True
273.8307 	EXP 	line4: autoDraw = True
274.8304 	INFO 	Keyboard events cleared
274.8298 	EXP 	probe: autoDraw = True
275.4480 	EXP 	New trial (rep=9, index=33): <Trial 33 (33 in rep 9) data={'pos': 150, 'corr_resp': 'v', 'thisN': 33, 'thisTrialN': 33, 'thisRepN': 9}>
275.4499 	DATA 	Keypress: x
275.4624 	EXP 	fixation: autoDraw = False
275.4624 	EXP 	line1: autoDraw = False
275.4624 	EXP 	line2: autoDraw = False
275.4624 	EXP 	line3: autoDraw = False
275.4624 	EXP 	line4: autoDraw = False
275.4624 	EXP 	probe: autoDraw = False
275.4624 	EXP 	fixation: autoDraw = True
276.4616 	EXP 	fixation: autoDraw = False
276.4616 	EXP 	line1: autoDraw = True
276.4616 	EXP 	line2: autoDraw = True
276.4616 	EXP 	line3: autoDraw = True
276.4616 	EXP 	line4: autoDraw = True
277.4616 	INFO 	Keyboard events cleared
277.4608 	EXP 	probe: autoDraw = True
277.8792 	EXP 	New trial (rep=9, index=34): <Trial 34 (34 in rep 9) data={'pos': 50, 'corr_resp': 'c', 'thisN': 34, 'thisTrialN': 34, 'thisRepN': 9}>
277.8811 	DATA 	Keypress: v
277.8938 	EXP 	fixation: autoDraw = False
277.8938 	EXP 	line1: autoDraw = False
277.8938 	EXP 	line2: autoDraw = False
277.8938 	EXP 	line3: autoDraw = False
277.8938 	EXP 	line4: autoDraw = False
277.8938 	EXP 	probe: autoDraw = False
277.8938 	EXP 	fixation: autoDraw = True
278.8929 	EXP 	fixation: autoDraw = False
278.8929 	EXP 	line1: autoDraw = True
278.8929 	EXP 	line2: autoDraw = True
278.8929 	EXP 	line3: autoDraw = True
278.8929 	EXP 	line4: autoDraw = True
279.8926 	INFO 	Keyboard events cleared
279.8920 	EXP 	probe: autoDraw = True
280.4099 	EXP 	New trial (rep=10, index=35): <Trial 35 (35 in rep 10) data={'pos': 150, 'corr_resp': 'v', 'thisN': 35, 'thisTrialN': 35, 'thisRepN': 10}>
280.4117 	DATA 	Keypress: c
280.4247 	EXP 	fixation: autoDraw = False
280.4247 	EXP 	line1: autoDraw = False
280.4247 	EXP 	line2: autoDraw = False
280.4247 	EXP 	line3: autoDraw = False
280.4247 	EXP 	line4: autoDraw = False
280.4247 	EXP 	probe: autoDraw = False
280.4247 	EXP 	fixation: autoDraw = True
281.4239 	EXP 	fixation: autoDraw = False
281.4239 	EXP 	line1: autoDraw = True
281.4239 	EXP 	line2: autoDraw = True
281.4239 	EXP 	line3: autoDraw = True
281.4239 	EXP 	line4: autoDraw = True
282.4235 	INFO 	Keyboard events cleared
282.4230 	EXP 	probe: autoDraw = True
282.8409 	EXP 	New trial (rep=7, index=36): <Trial 36 (36 in rep 7) data={'pos': -50, 'corr_resp': 'x', 'thisN': 36, 'thisTrialN': 36, 'thisRepN': 7}>
282.8424 	DATA 	Keypress: v
282.8560 	EXP 	fixation: autoDraw = False
282.8560 	EXP 	line1: autoDraw = False
282.8560 	EXP 	line2: autoDraw = False
282.8560 	EXP 	line3: autoDraw = False
282.8560 	EXP 	line4: autoDraw = False
282.8560 	EXP 	probe: autoDraw = False
282.8560 	EXP 	fixation: autoDraw = True
283.8552 	EXP 	fixation: autoDraw = False
283.8552 	EXP 	line1: autoDraw = True
283.8552 	EXP 	line2: autoDraw = True
283.8552 	EXP 	line3: autoDraw = True
283.8552 	EXP 	line4: autoDraw = True
284.8546 	INFO 	Keyboard events cleared
284.8541 	EXP 	probe: autoDraw = True
285.7716 	EXP 	New trial (rep=11, index=37): <Trial 37 (37 in rep 11) data={'pos': 150, 'corr_resp': 'v', 'thisN': 37, 'thisTrialN': 37, 'thisRepN': 11}>
285.7729 	DATA 	Keypress: x
285.7868 	EXP 	fixation: autoDraw = False
285.7868 	EXP 	line1: autoDraw = False
285.7868 	EXP 	line2: autoDraw = False
285.7868 	EXP 	line3: autoDraw = False
285.7868 	EXP 	line4: autoDraw = False
285.7868 	EXP 	probe: autoDraw = False
285.7868 	EXP 	fixation: autoDraw = True
286.7858 	EXP 	fixation: autoDraw = False
286.7858 	EXP 	line1: autoDraw = True
286.7858 	EXP 	line2: autoDraw = True
286.7858 	EXP 	line3: autoDraw = True
286.7858 	EXP 	line4: autoDraw = True
287.7852 	INFO 	Keyboard events cleared
287.7848 	EXP 	probe: autoDraw = True
288.4191 	EXP 	New trial (rep=8, index=38): <Trial 38 (38 in rep 8) data={'pos': -150, 'corr_resp': 'z', 'thisN': 38, 'thisTrialN': 38, 'thisRepN': 8}>
288.4203 	DATA 	Keypress: v
288.4346 	EXP 	fixation: autoDraw = False
288.4346 	EXP 	line1: autoDraw = False
288.4346 	EXP 	line2: autoDraw = False
288.4346 	EXP 	line3: autoDraw = False
288.4346 	EXP 	line4: autoDraw = False
288.4346 	EXP 	probe: autoDraw = False
288.4346 	EXP 	fixation: autoDraw = True
289.4335 	EXP 	line1: autoDraw = True
289.4335 	EXP 	line2: autoDraw = True
289.4335 	EXP 	line3: autoDraw = True
289.4335 	EXP 	line4: autoDraw = True
289.4503 	EXP 	fixation: autoDraw = False
290.4333 	INFO 	Keyboard events cleared
290.4327 	EXP 	probe: autoDraw = True
291.1177 	DATA 	Keypress: z
291.1335 	EXP 	New trial (rep=9, index=39): <Trial 39 (39 in rep 9) data={'pos': -150, 'corr_resp': 'z', 'thisN': 39, 'thisTrialN': 39, 'thisRepN': 9}>
291.1487 	EXP 	fixation: autoDraw = False
291.1487 	EXP 	line1: autoDraw = False
291.1487 	EXP 	line2: autoDraw = False
291.1487 	EXP 	line3: autoDraw = False
291.1487 	EXP 	line4: autoDraw = False
291.1487 	EXP 	probe: autoDraw = False
291.1487 	EXP 	fixation: autoDraw = True
292.1479 	EXP 	fixation: autoDraw = False
292.1479 	EXP 	line1: autoDraw = True
292.1479 	EXP 	line2: autoDraw = True
292.1479 	EXP 	line3: autoDraw = True
292.1479 	EXP 	line4: autoDraw = True
293.1475 	INFO 	Keyboard events cleared
293.1470 	EXP 	probe: autoDraw = True
293.8479 	EXP 	New trial (rep=10, index=40): <Trial 40 (40 in rep 10) data={'pos': -150, 'corr_resp': 'z', 'thisN': 40, 'thisTrialN': 40, 'thisRepN': 10}>
293.8493 	DATA 	Keypress: z
293.8632 	EXP 	fixation: autoDraw = False
293.8632 	EXP 	line1: autoDraw = False
293.8632 	EXP 	line2: autoDraw = False
293.8632 	EXP 	line3: autoDraw = False
293.8632 	EXP 	line4: autoDraw = False
293.8632 	EXP 	probe: autoDraw = False
293.8632 	EXP 	fixation: autoDraw = True
294.8622 	EXP 	fixation: autoDraw = False
294.8622 	EXP 	line1: autoDraw = True
294.8622 	EXP 	line2: autoDraw = True
294.8622 	EXP 	line3: autoDraw = True
294.8622 	EXP 	line4: autoDraw = True
295.8623 	INFO 	Keyboard events cleared
295.8615 	EXP 	probe: autoDraw = True
296.6641 	DATA 	Keypress: z
296.6792 	EXP 	New trial (rep=11, index=41): <Trial 41 (41 in rep 11) data={'pos': -150, 'corr_resp': 'z', 'thisN': 41, 'thisTrialN': 41, 'thisRepN': 11}>
296.6939 	EXP 	fixation: autoDraw = False
296.6939 	EXP 	line1: autoDraw = False
296.6939 	EXP 	line2: autoDraw = False
296.6939 	EXP 	line3: autoDraw = False
296.6939 	EXP 	line4: autoDraw = False
296.6939 	EXP 	probe: autoDraw = False
296.6939 	EXP 	fixation: autoDraw = True
297.6930 	EXP 	fixation: autoDraw = False
297.6930 	EXP 	line1: autoDraw = True
297.6930 	EXP 	line2: autoDraw = True
297.6930 	EXP 	line3: autoDraw = True
297.6930 	EXP 	line4: autoDraw = True
298.6931 	INFO 	Keyboard events cleared
298.6925 	EXP 	probe: autoDraw = True
299.3096 	EXP 	New trial (rep=8, index=42): <Trial 42 (42 in rep 8) data={'pos': -50, 'corr_resp': 'x', 'thisN': 42, 'thisTrialN': 42, 'thisRepN': 8}>
299.3108 	DATA 	Keypress: z
299.3249 	EXP 	fixation: autoDraw = False
299.3249 	EXP 	line1: autoDraw = False
299.3249 	EXP 	line2: autoDraw = False
299.3249 	EXP 	line3: autoDraw = False
299.3249 	EXP 	line4: autoDraw = False
299.3249 	EXP 	probe: autoDraw = False
299.3249 	EXP 	fixation: autoDraw = True
300.3240 	EXP 	fixation: autoDraw = False
300.3240 	EXP 	line1: autoDraw = True
300.3240 	EXP 	line2: autoDraw = True
300.3240 	EXP 	line3: autoDraw = True
300.3240 	EXP 	line4: autoDraw = True
301.3237 	INFO 	Keyboard events cleared
301.3233 	EXP 	probe: autoDraw = True
302.1904 	EXP 	New trial (rep=12, index=43): <Trial 43 (43 in rep 12) data={'pos': -150, 'corr_resp': 'z', 'thisN': 43, 'thisTrialN': 43, 'thisRepN': 12}>
302.1916 	DATA 	Keypress: x
302.2059 	EXP 	fixation: autoDraw = False
302.2059 	EXP 	line1: autoDraw = False
302.2059 	EXP 	line2: autoDraw = False
302.2059 	EXP 	line3: autoDraw = False
302.2059 	EXP 	line4: autoDraw = False
302.2059 	EXP 	probe: autoDraw = False
302.2059 	EXP 	fixation: autoDraw = True
303.2048 	EXP 	fixation: autoDraw = False
303.2048 	EXP 	line1: autoDraw = True
303.2048 	EXP 	line2: autoDraw = True
303.2048 	EXP 	line3: autoDraw = True
303.2048 	EXP 	line4: autoDraw = True
304.2045 	INFO 	Keyboard events cleared
304.2041 	EXP 	probe: autoDraw = True
304.8719 	EXP 	New trial (rep=9, index=44): <Trial 44 (44 in rep 9) data={'pos': -50, 'corr_resp': 'x', 'thisN': 44, 'thisTrialN': 44, 'thisRepN': 9}>
304.8735 	DATA 	Keypress: z
304.8868 	EXP 	fixation: autoDraw = False
304.8868 	EXP 	line1: autoDraw = False
304.8868 	EXP 	line2: autoDraw = False
304.8868 	EXP 	line3: autoDraw = False
304.8868 	EXP 	line4: autoDraw = False
304.8868 	EXP 	probe: autoDraw = False
304.8868 	EXP 	fixation: autoDraw = True
305.8859 	EXP 	fixation: autoDraw = False
305.8859 	EXP 	line1: autoDraw = True
305.8859 	EXP 	line2: autoDraw = True
305.8859 	EXP 	line3: autoDraw = True
305.8859 	EXP 	line4: autoDraw = True
306.8855 	INFO 	Keyboard events cleared
306.8850 	EXP 	probe: autoDraw = True
307.4032 	EXP 	New trial (rep=10, index=45): <Trial 45 (45 in rep 10) data={'pos': -50, 'corr_resp': 'x', 'thisN': 45, 'thisTrialN': 45, 'thisRepN': 10}>
307.4045 	DATA 	Keypress: x
307.4179 	EXP 	fixation: autoDraw = False
307.4179 	EXP 	line1: autoDraw = False
307.4179 	EXP 	line2: autoDraw = False
307.4179 	EXP 	line3: autoDraw = False
307.4179 	EXP 	line4: autoDraw = False
307.4179 	EXP 	probe: autoDraw = False
307.4179 	EXP 	fixation: autoDraw = True
308.4170 	EXP 	fixation: autoDraw = False
308.4170 	EXP 	line1: autoDraw = True
308.4170 	EXP 	line2: autoDraw = True
308.4170 	EXP 	line3: autoDraw = True
308.4170 	EXP 	line4: autoDraw = True
309.4168 	INFO 	Keyboard events cleared
309.4161 	EXP 	probe: autoDraw = True
310.0009 	EXP 	New trial (rep=11, index=46): <Trial 46 (46 in rep 11) data={'pos': -50, 'corr_resp': 'x', 'thisN': 46, 'thisTrialN': 46, 'thisRepN': 11}>
310.0029 	DATA 	Keypress: x
310.0156 	EXP 	fixation: autoDraw = False
310.0156 	EXP 	line1: autoDraw = False
310.0156 	EXP 	line2: autoDraw = False
310.0156 	EXP 	line3: autoDraw = False
310.0156 	EXP 	line4: autoDraw = False
310.0156 	EXP 	probe: autoDraw = False
310.0156 	EXP 	fixation: autoDraw = True
311.0148 	EXP 	fixation: autoDraw = False
311.0148 	EXP 	line1: autoDraw = True
311.0148 	EXP 	line2: autoDraw = True
311.0148 	EXP 	line3: autoDraw = True
311.0148 	EXP 	line4: autoDraw = True
312.0147 	INFO 	Keyboard events cleared
312.0140 	EXP 	probe: autoDraw = True
312.5813 	EXP 	New trial (rep=12, index=47): <Trial 47 (47 in rep 12) data={'pos': 150, 'corr_resp': 'v', 'thisN': 47, 'thisTrialN': 47, 'thisRepN': 12}>
312.5826 	DATA 	Keypress: x
312.5966 	EXP 	fixation: autoDraw = False
312.5966 	EXP 	line1: autoDraw = False
312.5966 	EXP 	line2: autoDraw = False
312.5966 	EXP 	line3: autoDraw = False
312.5966 	EXP 	line4: autoDraw = False
312.5966 	EXP 	probe: autoDraw = False
312.5966 	EXP 	fixation: autoDraw = True
313.5958 	EXP 	fixation: autoDraw = False
313.5958 	EXP 	line1: autoDraw = True
313.5958 	EXP 	line2: autoDraw = True
313.5958 	EXP 	line3: autoDraw = True
313.5958 	EXP 	line4: autoDraw = True
314.5956 	INFO 	Keyboard events cleared
314.5950 	EXP 	probe: autoDraw = True
314.9303 	EXP 	New trial (rep=10, index=48): <Trial 48 (48 in rep 10) data={'pos': 50, 'corr_resp': 'c', 'thisN': 48, 'thisTrialN': 48, 'thisRepN': 10}>
314.9323 	DATA 	Keypress: v
314.9448 	EXP 	fixation: autoDraw = False
314.9448 	EXP 	line1: autoDraw = False
314.9448 	EXP 	line2: autoDraw = False
314.9448 	EXP 	line3: autoDraw = False
314.9448 	EXP 	line4: autoDraw = False
314.9448 	EXP 	probe: autoDraw = False
314.9448 	EXP 	fixation: autoDraw = True
315.9438 	EXP 	line1: autoDraw = True
315.9438 	EXP 	line2: autoDraw = True
315.9438 	EXP 	line3: autoDraw = True
315.9438 	EXP 	line4: autoDraw = True
315.9606 	EXP 	fixation: autoDraw = False
316.9437 	INFO 	Keyboard events cleared
316.9430 	EXP 	probe: autoDraw = True
317.7939 	EXP 	New trial (rep=13, index=49): <Trial 49 (49 in rep 13) data={'pos': -150, 'corr_resp': 'z', 'thisN': 49, 'thisTrialN': 49, 'thisRepN': 13}>
317.7955 	DATA 	Keypress: c
317.8088 	EXP 	fixation: autoDraw = False
317.8088 	EXP 	line1: autoDraw = False
317.8088 	EXP 	line2: autoDraw = False
317.8088 	EXP 	line3: autoDraw = False
317.8088 	EXP 	line4: autoDraw = False
317.8088 	EXP 	probe: autoDraw = False
317.8088 	EXP 	fixation: autoDraw = True
318.8080 	EXP 	fixation: autoDraw = False
318.8080 	EXP 	line1: autoDraw = True
318.8080 	EXP 	line2: autoDraw = True
318.8080 	EXP 	line3: autoDraw = True
318.8080 	EXP 	line4: autoDraw = True
319.8076 	INFO 	Keyboard events cleared
319.8071 	EXP 	probe: autoDraw = True
320.2082 	EXP 	New trial (rep=11, index=50): <Trial 50 (50 in rep 11) data={'pos': 50, 'corr_resp': 'c', 'thisN': 50, 'thisTrialN': 50, 'thisRepN': 11}>
320.2095 	DATA 	Keypress: z
320.2233 	EXP 	fixation: autoDraw = False
320.2233 	EXP 	line1: autoDraw = False
320.2233 	EXP 	line2: autoDraw = False
320.2233 	EXP 	line3: autoDraw = False
320.2233 	EXP 	line4: autoDraw = False
320.2233 	EXP 	probe: autoDraw = False
320.2233 	EXP 	fixation: autoDraw = True
321.2226 	EXP 	fixation: autoDraw = False
321.2226 	EXP 	line1: autoDraw = True
321.2226 	EXP 	line2: autoDraw = True
321.2226 	EXP 	line3: autoDraw = True
321.2226 	EXP 	line4: autoDraw = True
322.2222 	INFO 	Keyboard events cleared
322.2216 	EXP 	probe: autoDraw = True
322.6394 	EXP 	New trial (rep=12, index=51): <Trial 51 (51 in rep 12) data={'pos': 50, 'corr_resp': 'c', 'thisN': 51, 'thisTrialN': 51, 'thisRepN': 12}>
322.6407 	DATA 	Keypress: c
322.6545 	EXP 	fixation: autoDraw = False
322.6545 	EXP 	line1: autoDraw = False
322.6545 	EXP 	line2: autoDraw = False
322.6545 	EXP 	line3: autoDraw = False
322.6545 	EXP 	line4: autoDraw = False
322.6545 	EXP 	probe: autoDraw = False
322.6545 	EXP 	fixation: autoDraw = True
323.6536 	EXP 	fixation: autoDraw = False
323.6536 	EXP 	line1: autoDraw = True
323.6536 	EXP 	line2: autoDraw = True
323.6536 	EXP 	line3: autoDraw = True
323.6536 	EXP 	line4: autoDraw = True
324.6533 	INFO 	Keyboard events cleared
324.6528 	EXP 	probe: autoDraw = True
325.1876 	EXP 	New trial (rep=14, index=52): <Trial 52 (52 in rep 14) data={'pos': -150, 'corr_resp': 'z', 'thisN': 52, 'thisTrialN': 52, 'thisRepN': 14}>
325.1893 	DATA 	Keypress: c
325.2024 	EXP 	fixation: autoDraw = False
325.2024 	EXP 	line1: autoDraw = False
325.2024 	EXP 	line2: autoDraw = False
325.2024 	EXP 	line3: autoDraw = False
325.2024 	EXP 	line4: autoDraw = False
325.2024 	EXP 	probe: autoDraw = False
325.2024 	EXP 	fixation: autoDraw = True
326.2015 	EXP 	fixation: autoDraw = False
326.2015 	EXP 	line1: autoDraw = True
326.2015 	EXP 	line2: autoDraw = True
326.2015 	EXP 	line3: autoDraw = True
326.2015 	EXP 	line4: autoDraw = True
327.2011 	INFO 	Keyboard events cleared
327.2006 	EXP 	probe: autoDraw = True
327.7597 	DATA 	Keypress: z
327.7635 	EXP 	New trial (rep=12, index=53): <Trial 53 (53 in rep 12) data={'pos': -50, 'corr_resp': 'x', 'thisN': 53, 'thisTrialN': 53, 'thisRepN': 12}>
327.7675 	EXP 	fixation: autoDraw = False
327.7675 	EXP 	line1: autoDraw = False
327.7675 	EXP 	line2: autoDraw = False
327.7675 	EXP 	line3: autoDraw = False
327.7675 	EXP 	line4: autoDraw = False
327.7675 	EXP 	probe: autoDraw = False
327.7675 	EXP 	fixation: autoDraw = True
328.7659 	EXP 	line1: autoDraw = True
328.7659 	EXP 	line2: autoDraw = True
328.7659 	EXP 	line3: autoDraw = True
328.7659 	EXP 	line4: autoDraw = True
328.7828 	EXP 	fixation: autoDraw = False
329.7659 	INFO 	Keyboard events cleared
329.7651 	EXP 	probe: autoDraw = True
330.1510 	EXP 	New trial (rep=13, index=54): <Trial 54 (54 in rep 13) data={'pos': 150, 'corr_resp': 'v', 'thisN': 54, 'thisTrialN': 54, 'thisRepN': 13}>
330.1537 	DATA 	Keypress: x
330.1649 	EXP 	fixation: autoDraw = False
330.1649 	EXP 	line1: autoDraw = False
330.1649 	EXP 	line2: autoDraw = False
330.1649 	EXP 	line3: autoDraw = False
330.1649 	EXP 	line4: autoDraw = False
330.1649 	EXP 	probe: autoDraw = False
330.1649 	EXP 	fixation: autoDraw = True
331.1639 	EXP 	fixation: autoDraw = False
331.1639 	EXP 	line1: autoDraw = True
331.1639 	EXP 	line2: autoDraw = True
331.1639 	EXP 	line3: autoDraw = True
331.1639 	EXP 	line4: autoDraw = True
332.1634 	INFO 	Keyboard events cleared
332.1630 	EXP 	probe: autoDraw = True
332.6973 	EXP 	New trial (rep=13, index=55): <Trial 55 (55 in rep 13) data={'pos': 50, 'corr_resp': 'c', 'thisN': 55, 'thisTrialN': 55, 'thisRepN': 13}>
332.6986 	DATA 	Keypress: v
332.7125 	EXP 	fixation: autoDraw = False
332.7125 	EXP 	line1: autoDraw = False
332.7125 	EXP 	line2: autoDraw = False
332.7125 	EXP 	line3: autoDraw = False
332.7125 	EXP 	line4: autoDraw = False
332.7125 	EXP 	probe: autoDraw = False
332.7125 	EXP 	fixation: autoDraw = True
333.7115 	EXP 	fixation: autoDraw = False
333.7115 	EXP 	line1: autoDraw = True
333.7115 	EXP 	line2: autoDraw = True
333.7115 	EXP 	line3: autoDraw = True
333.7115 	EXP 	line4: autoDraw = True
334.7113 	INFO 	Keyboard events cleared
334.7108 	EXP 	probe: autoDraw = True
335.1631 	EXP 	New trial (rep=15, index=56): <Trial 56 (56 in rep 15) data={'pos': -150, 'corr_resp': 'z', 'thisN': 56, 'thisTrialN': 56, 'thisRepN': 15}>
335.1644 	DATA 	Keypress: c
335.1770 	EXP 	fixation: autoDraw = False
335.1770 	EXP 	line1: autoDraw = False
335.1770 	EXP 	line2: autoDraw = False
335.1770 	EXP 	line3: autoDraw = False
335.1770 	EXP 	line4: autoDraw = False
335.1770 	EXP 	probe: autoDraw = False
335.1770 	EXP 	fixation: autoDraw = True
336.1764 	EXP 	fixation: autoDraw = False
336.1764 	EXP 	line1: autoDraw = True
336.1764 	EXP 	line2: autoDraw = True
336.1764 	EXP 	line3: autoDraw = True
336.1764 	EXP 	line4: autoDraw = True
337.1757 	INFO 	Keyboard events cleared
337.1752 	EXP 	probe: autoDraw = True
337.7765 	EXP 	New trial (rep=13, index=57): <Trial 57 (57 in rep 13) data={'pos': -50, 'corr_resp': 'x', 'thisN': 57, 'thisTrialN': 57, 'thisRepN': 13}>
337.7781 	DATA 	Keypress: z
337.7915 	EXP 	fixation: autoDraw = False
337.7915 	EXP 	line1: autoDraw = False
337.7915 	EXP 	line2: autoDraw = False
337.7915 	EXP 	line3: autoDraw = False
337.7915 	EXP 	line4: autoDraw = False
337.7915 	EXP 	probe: autoDraw = False
337.7915 	EXP 	fixation: autoDraw = True
338.7905 	EXP 	fixation: autoDraw = False
338.7905 	EXP 	line1: autoDraw = True
338.7905 	EXP 	line2: autoDraw = True
338.7905 	EXP 	line3: autoDraw = True
338.7905 	EXP 	line4: autoDraw = True
339.7901 	INFO 	Keyboard events cleared
339.7896 	EXP 	probe: autoDraw = True
340.2577 	EXP 	New trial (rep=14, index=58): <Trial 58 (58 in rep 14) data={'pos': 50, 'corr_resp': 'c', 'thisN': 58, 'thisTrialN': 58, 'thisRepN': 14}>
340.2593 	DATA 	Keypress: x
340.2725 	EXP 	fixation: autoDraw = False
340.2725 	EXP 	line1: autoDraw = False
340.2725 	EXP 	line2: autoDraw = False
340.2725 	EXP 	line3: autoDraw = False
340.2725 	EXP 	line4: autoDraw = False
340.2725 	EXP 	probe: autoDraw = False
340.2725 	EXP 	fixation: autoDraw = True
341.2716 	EXP 	fixation: autoDraw = False
341.2716 	EXP 	line1: autoDraw = True
341.2716 	EXP 	line2: autoDraw = True
341.2716 	EXP 	line3: autoDraw = True
341.2716 	EXP 	line4: autoDraw = True
342.2715 	INFO 	Keyboard events cleared
342.2708 	EXP 	probe: autoDraw = True
342.7727 	EXP 	New trial (rep=14, index=59): <Trial 59 (59 in rep 14) data={'pos': 150, 'corr_resp': 'v', 'thisN': 59, 'thisTrialN': 59, 'thisRepN': 14}>
342.7747 	DATA 	Keypress: c
342.7871 	EXP 	fixation: autoDraw = False
342.7871 	EXP 	line1: autoDraw = False
342.7871 	EXP 	line2: autoDraw = False
342.7871 	EXP 	line3: autoDraw = False
342.7871 	EXP 	line4: autoDraw = False
342.7871 	EXP 	probe: autoDraw = False
342.7871 	EXP 	fixation: autoDraw = True
343.7861 	EXP 	fixation: autoDraw = False
343.7861 	EXP 	line1: autoDraw = True
343.7861 	EXP 	line2: autoDraw = True
343.7861 	EXP 	line3: autoDraw = True
343.7861 	EXP 	line4: autoDraw = True
344.7858 	INFO 	Keyboard events cleared
344.7853 	EXP 	probe: autoDraw = True
345.3370 	EXP 	New trial (rep=16, index=60): <Trial 60 (60 in rep 16) data={'pos': -150, 'corr_resp': 'z', 'thisN': 60, 'thisTrialN': 60, 'thisRepN': 16}>
345.3389 	DATA 	Keypress: v
345.3516 	EXP 	fixation: autoDraw = False
345.3516 	EXP 	line1: autoDraw = False
345.3516 	EXP 	line2: autoDraw = False
345.3516 	EXP 	line3: autoDraw = False
345.3516 	EXP 	line4: autoDraw = False
345.3516 	EXP 	probe: autoDraw = False
345.3516 	EXP 	fixation: autoDraw = True
346.3507 	EXP 	fixation: autoDraw = False
346.3507 	EXP 	line1: autoDraw = True
346.3507 	EXP 	line2: autoDraw = True
346.3507 	EXP 	line3: autoDraw = True
346.3507 	EXP 	line4: autoDraw = True
347.3502 	INFO 	Keyboard events cleared
347.3497 	EXP 	probe: autoDraw = True
348.0676 	EXP 	New trial (rep=14, index=61): <Trial 61 (61 in rep 14) data={'pos': -50, 'corr_resp': 'x', 'thisN': 61, 'thisTrialN': 61, 'thisRepN': 14}>
348.0693 	DATA 	Keypress: z
348.0824 	EXP 	fixation: autoDraw = False
348.0824 	EXP 	line1: autoDraw = False
348.0824 	EXP 	line2: autoDraw = False
348.0824 	EXP 	line3: autoDraw = False
348.0824 	EXP 	line4: autoDraw = False
348.0824 	EXP 	probe: autoDraw = False
348.0824 	EXP 	fixation: autoDraw = True
349.0816 	EXP 	fixation: autoDraw = False
349.0816 	EXP 	line1: autoDraw = True
349.0816 	EXP 	line2: autoDraw = True
349.0816 	EXP 	line3: autoDraw = True
349.0816 	EXP 	line4: autoDraw = True
350.0814 	INFO 	Keyboard events cleared
350.0808 	EXP 	probe: autoDraw = True
350.8986 	EXP 	New trial (rep=15, index=62): <Trial 62 (62 in rep 15) data={'pos': 50, 'corr_resp': 'c', 'thisN': 62, 'thisTrialN': 62, 'thisRepN': 15}>
350.9005 	DATA 	Keypress: x
350.9134 	EXP 	fixation: autoDraw = False
350.9134 	EXP 	line1: autoDraw = False
350.9134 	EXP 	line2: autoDraw = False
350.9134 	EXP 	line3: autoDraw = False
350.9134 	EXP 	line4: autoDraw = False
350.9134 	EXP 	probe: autoDraw = False
350.9134 	EXP 	fixation: autoDraw = True
351.9123 	EXP 	fixation: autoDraw = False
351.9123 	EXP 	line1: autoDraw = True
351.9123 	EXP 	line2: autoDraw = True
351.9123 	EXP 	line3: autoDraw = True
351.9123 	EXP 	line4: autoDraw = True
352.9120 	INFO 	Keyboard events cleared
352.9115 	EXP 	probe: autoDraw = True
353.4129 	EXP 	New trial (rep=17, index=63): <Trial 63 (63 in rep 17) data={'pos': -150, 'corr_resp': 'z', 'thisN': 63, 'thisTrialN': 63, 'thisRepN': 17}>
353.4146 	DATA 	Keypress: c
353.4277 	EXP 	fixation: autoDraw = False
353.4277 	EXP 	line1: autoDraw = False
353.4277 	EXP 	line2: autoDraw = False
353.4277 	EXP 	line3: autoDraw = False
353.4277 	EXP 	line4: autoDraw = False
353.4277 	EXP 	probe: autoDraw = False
353.4277 	EXP 	fixation: autoDraw = True
354.4268 	EXP 	fixation: autoDraw = False
354.4268 	EXP 	line1: autoDraw = True
354.4268 	EXP 	line2: autoDraw = True
354.4268 	EXP 	line3: autoDraw = True
354.4268 	EXP 	line4: autoDraw = True
355.4266 	INFO 	Keyboard events cleared
355.4261 	EXP 	probe: autoDraw = True
356.4765 	EXP 	New trial (rep=16, index=64): <Trial 64 (64 in rep 16) data={'pos': 50, 'corr_resp': 'c', 'thisN': 64, 'thisTrialN': 64, 'thisRepN': 16}>
356.4778 	DATA 	Keypress: z
356.4918 	EXP 	fixation: autoDraw = False
356.4918 	EXP 	line1: autoDraw = False
356.4918 	EXP 	line2: autoDraw = False
356.4918 	EXP 	line3: autoDraw = False
356.4918 	EXP 	line4: autoDraw = False
356.4918 	EXP 	probe: autoDraw = False
356.4918 	EXP 	fixation: autoDraw = True
357.4908 	EXP 	fixation: autoDraw = False
357.4908 	EXP 	line1: autoDraw = True
357.4908 	EXP 	line2: autoDraw = True
357.4908 	EXP 	line3: autoDraw = True
357.4908 	EXP 	line4: autoDraw = True
358.4907 	INFO 	Keyboard events cleared
358.4900 	EXP 	probe: autoDraw = True
359.2249 	EXP 	New trial (rep=15, index=65): <Trial 65 (65 in rep 15) data={'pos': -50, 'corr_resp': 'x', 'thisN': 65, 'thisTrialN': 65, 'thisRepN': 15}>
359.2268 	DATA 	Keypress: c
359.2394 	EXP 	fixation: autoDraw = False
359.2394 	EXP 	line1: autoDraw = False
359.2394 	EXP 	line2: autoDraw = False
359.2394 	EXP 	line3: autoDraw = False
359.2394 	EXP 	line4: autoDraw = False
359.2394 	EXP 	probe: autoDraw = False
359.2394 	EXP 	fixation: autoDraw = True
360.2385 	EXP 	fixation: autoDraw = False
360.2385 	EXP 	line1: autoDraw = True
360.2385 	EXP 	line2: autoDraw = True
360.2385 	EXP 	line3: autoDraw = True
360.2385 	EXP 	line4: autoDraw = True
361.2388 	INFO 	Keyboard events cleared
361.2378 	EXP 	probe: autoDraw = True
362.1385 	EXP 	New trial (rep=15, index=66): <Trial 66 (66 in rep 15) data={'pos': 150, 'corr_resp': 'v', 'thisN': 66, 'thisTrialN': 66, 'thisRepN': 15}>
362.1401 	DATA 	Keypress: x
362.1534 	EXP 	fixation: autoDraw = False
362.1534 	EXP 	line1: autoDraw = False
362.1534 	EXP 	line2: autoDraw = False
362.1534 	EXP 	line3: autoDraw = False
362.1534 	EXP 	line4: autoDraw = False
362.1534 	EXP 	probe: autoDraw = False
362.1534 	EXP 	fixation: autoDraw = True
363.1526 	EXP 	fixation: autoDraw = False
363.1526 	EXP 	line1: autoDraw = True
363.1526 	EXP 	line2: autoDraw = True
363.1526 	EXP 	line3: autoDraw = True
363.1526 	EXP 	line4: autoDraw = True
364.1524 	INFO 	Keyboard events cleared
364.1519 	EXP 	probe: autoDraw = True
364.6865 	EXP 	New trial (rep=16, index=67): <Trial 67 (67 in rep 16) data={'pos': 150, 'corr_resp': 'v', 'thisN': 67, 'thisTrialN': 67, 'thisRepN': 16}>
364.6882 	DATA 	Keypress: v
364.7012 	EXP 	fixation: autoDraw = False
364.7012 	EXP 	line1: autoDraw = False
364.7012 	EXP 	line2: autoDraw = False
364.7012 	EXP 	line3: autoDraw = False
364.7012 	EXP 	line4: autoDraw = False
364.7012 	EXP 	probe: autoDraw = False
364.7012 	EXP 	fixation: autoDraw = True
365.7004 	EXP 	fixation: autoDraw = False
365.7004 	EXP 	line1: autoDraw = True
365.7004 	EXP 	line2: autoDraw = True
365.7004 	EXP 	line3: autoDraw = True
365.7004 	EXP 	line4: autoDraw = True
366.7004 	INFO 	Keyboard events cleared
366.6997 	EXP 	probe: autoDraw = True
367.1678 	EXP 	New trial (rep=16, index=68): <Trial 68 (68 in rep 16) data={'pos': -50, 'corr_resp': 'x', 'thisN': 68, 'thisTrialN': 68, 'thisRepN': 16}>
367.1697 	DATA 	Keypress: v
367.1825 	EXP 	fixation: autoDraw = False
367.1825 	EXP 	line1: autoDraw = False
367.1825 	EXP 	line2: autoDraw = False
367.1825 	EXP 	line3: autoDraw = False
367.1825 	EXP 	line4: autoDraw = False
367.1825 	EXP 	probe: autoDraw = False
367.1825 	EXP 	fixation: autoDraw = True
368.1816 	EXP 	fixation: autoDraw = False
368.1816 	EXP 	line1: autoDraw = True
368.1816 	EXP 	line2: autoDraw = True
368.1816 	EXP 	line3: autoDraw = True
368.1816 	EXP 	line4: autoDraw = True
369.1813 	INFO 	Keyboard events cleared
369.1807 	EXP 	probe: autoDraw = True
369.9177 	DATA 	Keypress: x
369.9320 	EXP 	New trial (rep=17, index=69): <Trial 69 (69 in rep 17) data={'pos': 150, 'corr_resp': 'v', 'thisN': 69, 'thisTrialN': 69, 'thisRepN': 17}>
369.9468 	EXP 	fixation: autoDraw = False
369.9468 	EXP 	line1: autoDraw = False
369.9468 	EXP 	line2: autoDraw = False
369.9468 	EXP 	line3: autoDraw = False
369.9468 	EXP 	line4: autoDraw = False
369.9468 	EXP 	probe: autoDraw = False
369.9468 	EXP 	fixation: autoDraw = True
370.9458 	EXP 	fixation: autoDraw = False
370.9458 	EXP 	line1: autoDraw = True
370.9458 	EXP 	line2: autoDraw = True
370.9458 	EXP 	line3: autoDraw = True
370.9458 	EXP 	line4: autoDraw = True
371.9459 	INFO 	Keyboard events cleared
371.9451 	EXP 	probe: autoDraw = True
372.2819 	DATA 	Keypress: v
372.2967 	EXP 	New trial (rep=18, index=70): <Trial 70 (70 in rep 18) data={'pos': -150, 'corr_resp': 'z', 'thisN': 70, 'thisTrialN': 70, 'thisRepN': 18}>
372.3113 	EXP 	fixation: autoDraw = False
372.3113 	EXP 	line1: autoDraw = False
372.3113 	EXP 	line2: autoDraw = False
372.3113 	EXP 	line3: autoDraw = False
372.3113 	EXP 	line4: autoDraw = False
372.3113 	EXP 	probe: autoDraw = False
372.3113 	EXP 	fixation: autoDraw = True
373.3104 	EXP 	fixation: autoDraw = False
373.3104 	EXP 	line1: autoDraw = True
373.3104 	EXP 	line2: autoDraw = True
373.3104 	EXP 	line3: autoDraw = True
373.3104 	EXP 	line4: autoDraw = True
374.3104 	INFO 	Keyboard events cleared
374.3097 	EXP 	probe: autoDraw = True
374.9796 	DATA 	Keypress: z
374.9945 	EXP 	New trial (rep=17, index=71): <Trial 71 (71 in rep 17) data={'pos': -50, 'corr_resp': 'x', 'thisN': 71, 'thisTrialN': 71, 'thisRepN': 17}>
375.0089 	EXP 	fixation: autoDraw = False
375.0089 	EXP 	line1: autoDraw = False
375.0089 	EXP 	line2: autoDraw = False
375.0089 	EXP 	line3: autoDraw = False
375.0089 	EXP 	line4: autoDraw = False
375.0089 	EXP 	probe: autoDraw = False
375.0089 	EXP 	fixation: autoDraw = True
376.0081 	EXP 	fixation: autoDraw = False
376.0081 	EXP 	line1: autoDraw = True
376.0081 	EXP 	line2: autoDraw = True
376.0081 	EXP 	line3: autoDraw = True
376.0081 	EXP 	line4: autoDraw = True
377.0077 	INFO 	Keyboard events cleared
377.0072 	EXP 	probe: autoDraw = True
377.6766 	DATA 	Keypress: x
377.6919 	EXP 	New trial (rep=17, index=72): <Trial 72 (72 in rep 17) data={'pos': 50, 'corr_resp': 'c', 'thisN': 72, 'thisTrialN': 72, 'thisRepN': 17}>
377.7064 	EXP 	fixation: autoDraw = False
377.7064 	EXP 	line1: autoDraw = False
377.7064 	EXP 	line2: autoDraw = False
377.7064 	EXP 	line3: autoDraw = False
377.7064 	EXP 	line4: autoDraw = False
377.7064 	EXP 	probe: autoDraw = False
377.7064 	EXP 	fixation: autoDraw = True
378.7057 	EXP 	fixation: autoDraw = False
378.7057 	EXP 	line1: autoDraw = True
378.7057 	EXP 	line2: autoDraw = True
378.7057 	EXP 	line3: autoDraw = True
378.7057 	EXP 	line4: autoDraw = True
379.7054 	INFO 	Keyboard events cleared
379.7050 	EXP 	probe: autoDraw = True
380.5418 	DATA 	Keypress: c
380.5563 	EXP 	New trial (rep=19, index=73): <Trial 73 (73 in rep 19) data={'pos': -150, 'corr_resp': 'z', 'thisN': 73, 'thisTrialN': 73, 'thisRepN': 19}>
380.5708 	EXP 	fixation: autoDraw = False
380.5708 	EXP 	line1: autoDraw = False
380.5708 	EXP 	line2: autoDraw = False
380.5708 	EXP 	line3: autoDraw = False
380.5708 	EXP 	line4: autoDraw = False
380.5708 	EXP 	probe: autoDraw = False
380.5708 	EXP 	fixation: autoDraw = True
381.5699 	EXP 	fixation: autoDraw = False
381.5699 	EXP 	line1: autoDraw = True
381.5699 	EXP 	line2: autoDraw = True
381.5699 	EXP 	line3: autoDraw = True
381.5699 	EXP 	line4: autoDraw = True
382.5695 	INFO 	Keyboard events cleared
382.5689 	EXP 	probe: autoDraw = True
383.0368 	EXP 	New trial (rep=18, index=74): <Trial 74 (74 in rep 18) data={'pos': 50, 'corr_resp': 'c', 'thisN': 74, 'thisTrialN': 74, 'thisRepN': 18}>
383.0382 	DATA 	Keypress: z
383.0518 	EXP 	fixation: autoDraw = False
383.0518 	EXP 	line1: autoDraw = False
383.0518 	EXP 	line2: autoDraw = False
383.0518 	EXP 	line3: autoDraw = False
383.0518 	EXP 	line4: autoDraw = False
383.0518 	EXP 	probe: autoDraw = False
383.0518 	EXP 	fixation: autoDraw = True
384.0512 	EXP 	fixation: autoDraw = False
384.0512 	EXP 	line1: autoDraw = True
384.0512 	EXP 	line2: autoDraw = True
384.0512 	EXP 	line3: autoDraw = True
384.0512 	EXP 	line4: autoDraw = True
385.0507 	INFO 	Keyboard events cleared
385.0502 	EXP 	probe: autoDraw = True
385.4846 	EXP 	New trial (rep=19, index=75): <Trial 75 (75 in rep 19) data={'pos': 50, 'corr_resp': 'c', 'thisN': 75, 'thisTrialN': 75, 'thisRepN': 19}>
385.4859 	DATA 	Keypress: c
385.4997 	EXP 	fixation: autoDraw = False
385.4997 	EXP 	line1: autoDraw = False
385.4997 	EXP 	line2: autoDraw = False
385.4997 	EXP 	line3: autoDraw = False
385.4997 	EXP 	line4: autoDraw = False
385.4997 	EXP 	probe: autoDraw = False
385.4997 	EXP 	fixation: autoDraw = True
386.4990 	EXP 	fixation: autoDraw = False
386.4990 	EXP 	line1: autoDraw = True
386.4990 	EXP 	line2: autoDraw = True
386.4990 	EXP 	line3: autoDraw = True
386.4990 	EXP 	line4: autoDraw = True
387.4988 	INFO 	Keyboard events cleared
387.4981 	EXP 	probe: autoDraw = True
387.8665 	EXP 	New trial (rep=18, index=76): <Trial 76 (76 in rep 18) data={'pos': 150, 'corr_resp': 'v', 'thisN': 76, 'thisTrialN': 76, 'thisRepN': 18}>
387.8683 	DATA 	Keypress: c
387.8810 	EXP 	fixation: autoDraw = False
387.8810 	EXP 	line1: autoDraw = False
387.8810 	EXP 	line2: autoDraw = False
387.8810 	EXP 	line3: autoDraw = False
387.8810 	EXP 	line4: autoDraw = False
387.8810 	EXP 	probe: autoDraw = False
387.8810 	EXP 	fixation: autoDraw = True
388.8801 	EXP 	fixation: autoDraw = False
388.8801 	EXP 	line1: autoDraw = True
388.8801 	EXP 	line2: autoDraw = True
388.8801 	EXP 	line3: autoDraw = True
388.8801 	EXP 	line4: autoDraw = True
389.8798 	INFO 	Keyboard events cleared
389.8792 	EXP 	probe: autoDraw = True
390.2651 	DATA 	Keypress: c
390.2805 	EXP 	New trial (rep=18, index=77): <Trial 77 (77 in rep 18) data={'pos': -50, 'corr_resp': 'x', 'thisN': 77, 'thisTrialN': 77, 'thisRepN': 18}>
390.2956 	EXP 	fixation: autoDraw = False
390.2956 	EXP 	line1: autoDraw = False
390.2956 	EXP 	line2: autoDraw = False
390.2956 	EXP 	line3: autoDraw = False
390.2956 	EXP 	line4: autoDraw = False
390.2956 	EXP 	probe: autoDraw = False
390.2956 	EXP 	fixation: autoDraw = True
390.6468 	DATA 	Keypress: v
391.2948 	EXP 	fixation: autoDraw = False
391.2948 	EXP 	line1: autoDraw = True
391.2948 	EXP 	line2: autoDraw = True
391.2948 	EXP 	line3: autoDraw = True
391.2948 	EXP 	line4: autoDraw = True
392.2945 	INFO 	Keyboard events cleared
392.2939 	EXP 	probe: autoDraw = True
392.9447 	EXP 	New trial (rep=19, index=78): <Trial 78 (78 in rep 19) data={'pos': 150, 'corr_resp': 'v', 'thisN': 78, 'thisTrialN': 78, 'thisRepN': 19}>
392.9465 	DATA 	Keypress: x
392.9599 	EXP 	fixation: autoDraw = False
392.9599 	EXP 	line1: autoDraw = False
392.9599 	EXP 	line2: autoDraw = False
392.9599 	EXP 	line3: autoDraw = False
392.9599 	EXP 	line4: autoDraw = False
392.9599 	EXP 	probe: autoDraw = False
392.9599 	EXP 	fixation: autoDraw = True
393.9590 	EXP 	fixation: autoDraw = False
393.9590 	EXP 	line1: autoDraw = True
393.9590 	EXP 	line2: autoDraw = True
393.9590 	EXP 	line3: autoDraw = True
393.9590 	EXP 	line4: autoDraw = True
394.9591 	INFO 	Keyboard events cleared
394.9584 	EXP 	probe: autoDraw = True
395.3774 	EXP 	New trial (rep=19, index=79): <Trial 79 (79 in rep 19) data={'pos': -50, 'corr_resp': 'x', 'thisN': 79, 'thisTrialN': 79, 'thisRepN': 19}>
395.3793 	DATA 	Keypress: v
395.3911 	EXP 	fixation: autoDraw = False
395.3911 	EXP 	line1: autoDraw = False
395.3911 	EXP 	line2: autoDraw = False
395.3911 	EXP 	line3: autoDraw = False
395.3911 	EXP 	line4: autoDraw = False
395.3911 	EXP 	probe: autoDraw = False
395.3911 	EXP 	fixation: autoDraw = True
396.3904 	EXP 	fixation: autoDraw = False
396.3904 	EXP 	line1: autoDraw = True
396.3904 	EXP 	line2: autoDraw = True
396.3904 	EXP 	line3: autoDraw = True
396.3904 	EXP 	line4: autoDraw = True
397.3904 	INFO 	Keyboard events cleared
397.3896 	EXP 	probe: autoDraw = True
397.9441 	DATA 	Keypress: x
397.9724 	EXP 	fixation: autoDraw = False
397.9724 	EXP 	line1: autoDraw = False
397.9724 	EXP 	line2: autoDraw = False
397.9724 	EXP 	line3: autoDraw = False
397.9724 	EXP 	line4: autoDraw = False
397.9724 	EXP 	probe: autoDraw = False
397.9726 	EXP 	Motor Seq Learning main code: status = STOPPED
398.0613 	INFO 	saved data to 'C:\\Users\\DELL\\OneDrive\\Desktop\\PsychoPy\\4 Motor Sequence Learning\\data/0003_Motor Seq Learning main code_2025-10-02_17h12.30.509.csv'
398.0687 	INFO 	saved data to C:\Users\DELL\OneDrive\Desktop\PsychoPy\4 Motor Sequence Learning\data/0003_Motor Seq Learning main code_2025-10-02_17h12.30.509.psydat
