121.4909 	INFO 	Loaded monitor calibration from ['2025_02_12 09:50']
121.5040 	WARNING 	User requested fullscreen with size [1024  768], but screen is actually [1920, 1080]. Using actual size
123.4841 	EXP 	Created window1 = Window(allowGUI=False, allowStencil=False, autoLog=True, backendConf=UNKNOWN, backgroundFit=<method-wrapper '__getattribute__' of attributeSetter object at 0x0000029468917AC0>, backgroundImage=<method-wrapper '__getattribute__' of attributeSetter object at 0x0000029468917B20>, bitsMode=UNKNOWN, blendMode='avg', bpc=(8, 8, 8), color=array([0, 0, 0]), colorSpace='rgb', depthBits=8, fullscr=True, gamma=None, gammaErrorPolicy='raise', infoMsg=UNKNOWN, lms=UNKNOWN, monitor=<psychopy.monitors.calibTools.Monitor object at 0x00000294689AD180>, multiSample=False, name='window1', numSamples=2, pos=[0.0, 0.0], screen=0, size=array([1920, 1080]), stencilBits=0, stereo=False, title='PsychoPy', units='height', useFBO=True, useRetina=False, viewOri=0.0, viewPos=None, viewScale=None, waitBlanking=True, winType='pyglet')
123.4841 	EXP 	window1: backgroundImage = ''
123.4842 	EXP 	window1: backgroundFit = 'none'
123.6914 	EXP 	window1: Attempting to measure frame rate of screen (0) ...
123.6914 	EXP 	window1: recordFrameIntervals = False
123.8408 	EXP 	window1: recordFrameIntervals = True
124.0242 	EXP 	Screen (0) actual frame rate measured at 60.03Hz
124.0242 	EXP 	window1: recordFrameIntervals = False
128.6296 	INFO 	keyboard.Keyboard is using iohub backend.
128.6297 	INFO 	keyboard.Keyboard is using iohub backend.
128.6297 	EXP 	Motor Seq Learning main code: status = STARTED
128.6350 	EXP 	Created fixation = ShapeStim(__class__=<class 'psychopy.visual.shape.ShapeStim'>, anchor=('center', 'center'), autoDraw=False, autoLog=True, closeShape=True, color=method-wrapper(...), colorSpace='rgb', contrast=None, depth=0.0, draggable=True, fillColor=array([0.0039, 0.0039, 0.0039]), fillColorSpace='rgb', fillRGB=array([0.0039, 0.0039, 0.0039]), interpolate=True, lineColor=array([0.0039, 0.0039, 0.0039]), lineColorSpace='rgb', lineRGB=array([0.0039, 0.0039, 0.0039]), lineWidth=1.0, name='fixation', opacity=1, ori=0.0, pos=array([0., 0.]), size=array([10., 10.]), units='pix', vertices=ndarray(...), win=Window(...), windingRule=None)
128.6376 	EXP 	Created line1 = Rect(__class__=<class 'psychopy.visual.rect.Rect'>, anchor=('center', 'center'), autoDraw=False, autoLog=True, closeShape=True, color=method-wrapper(...), colorSpace='rgb', contrast=None, depth=-1.0, draggable=False, fillColor=array([1, 1, 1]), fillColorSpace='rgb', fillRGB=array([1, 1, 1]), interpolate=True, lineColor=array([1., 1., 1.]), lineColorSpace='rgb', lineRGB=array([1, 1, 1]), lineWidth=1.0, name='line1', opacity=1, ori=90.0, pos=array([-150.,    0.]), size=array([100.,  10.]), units='pix', vertices=ndarray(...), win=Window(...))
128.6399 	EXP 	Created line2 = Rect(__class__=<class 'psychopy.visual.rect.Rect'>, anchor=('center', 'center'), autoDraw=False, autoLog=True, closeShape=True, color=method-wrapper(...), colorSpace='rgb', contrast=None, depth=-2.0, draggable=False, fillColor=array([1, 1, 1]), fillColorSpace='rgb', fillRGB=array([1, 1, 1]), interpolate=True, lineColor=array([1., 1., 1.]), lineColorSpace='rgb', lineRGB=array([1, 1, 1]), lineWidth=1.0, name='line2', opacity=1, ori=90.0, pos=array([-50.,   0.]), size=array([100.,  10.]), units='pix', vertices=ndarray(...), win=Window(...))
128.6423 	EXP 	Created line3 = Rect(__class__=<class 'psychopy.visual.rect.Rect'>, anchor=('center', 'center'), autoDraw=False, autoLog=True, closeShape=True, color=method-wrapper(...), colorSpace='rgb', contrast=None, depth=-3.0, draggable=False, fillColor=array([1, 1, 1]), fillColorSpace='rgb', fillRGB=array([1, 1, 1]), interpolate=True, lineColor=array([1., 1., 1.]), lineColorSpace='rgb', lineRGB=array([1, 1, 1]), lineWidth=1.0, name='line3', opacity=1, ori=90.0, pos=array([50.,  0.]), size=array([100.,  10.]), units='pix', vertices=ndarray(...), win=Window(...))
128.6447 	EXP 	Created line4 = Rect(__class__=<class 'psychopy.visual.rect.Rect'>, anchor=('center', 'center'), autoDraw=False, autoLog=True, closeShape=True, color=method-wrapper(...), colorSpace='rgb', contrast=None, depth=-4.0, draggable=False, fillColor=array([1, 1, 1]), fillColorSpace='rgb', fillRGB=array([1, 1, 1]), interpolate=True, lineColor=array([1., 1., 1.]), lineColorSpace='rgb', lineRGB=array([1, 1, 1]), lineWidth=1.0, name='line4', opacity=1, ori=90.0, pos=array([150.,   0.]), size=array([100.,  10.]), units='pix', vertices=ndarray(...), win=Window(...))
128.6476 	EXP 	Created probe = ShapeStim(__class__=<class 'psychopy.visual.shape.ShapeStim'>, anchor=('center', 'center'), autoDraw=False, autoLog=True, closeShape=True, color=method-wrapper(...), colorSpace='rgb', contrast=None, depth=-5.0, draggable=False, fillColor=array([1, 1, 1]), fillColorSpace='rgb', fillRGB=array([1, 1, 1]), interpolate=True, lineColor=array([1., 1., 1.]), lineColorSpace='rgb', lineRGB=array([1, 1, 1]), lineWidth=1.0, name='probe', opacity=1, ori=0.0, pos=array([0., 0.]), size=array([10., 10.]), units='pix', vertices=ndarray(...), win=Window(...), windingRule=None)
128.6504 	EXP 	Created fixation = ShapeStim(__class__=<class 'psychopy.visual.shape.ShapeStim'>, anchor=('center', 'center'), autoDraw=False, autoLog=True, closeShape=True, color=method-wrapper(...), colorSpace='rgb', contrast=None, depth=0.0, draggable=True, fillColor=array([0.0039, 0.0039, 0.0039]), fillColorSpace='rgb', fillRGB=array([0.0039, 0.0039, 0.0039]), interpolate=True, lineColor=array([0.0039, 0.0039, 0.0039]), lineColorSpace='rgb', lineRGB=array([0.0039, 0.0039, 0.0039]), lineWidth=1.0, name='fixation', opacity=1, ori=0.0, pos=array([0., 0.]), size=array([10., 10.]), units='pix', vertices=ndarray(...), win=Window(...), windingRule=None)
128.6530 	EXP 	Created line1 = Rect(__class__=<class 'psychopy.visual.rect.Rect'>, anchor=('center', 'center'), autoDraw=False, autoLog=True, closeShape=True, color=method-wrapper(...), colorSpace='rgb', contrast=None, depth=-1.0, draggable=False, fillColor=array([1, 1, 1]), fillColorSpace='rgb', fillRGB=array([1, 1, 1]), interpolate=True, lineColor=array([1., 1., 1.]), lineColorSpace='rgb', lineRGB=array([1, 1, 1]), lineWidth=1.0, name='line1', opacity=1, ori=90.0, pos=array([-150.,    0.]), size=array([100.,  10.]), units='pix', vertices=ndarray(...), win=Window(...))
128.6554 	EXP 	Created line2 = Rect(__class__=<class 'psychopy.visual.rect.Rect'>, anchor=('center', 'center'), autoDraw=False, autoLog=True, closeShape=True, color=method-wrapper(...), colorSpace='rgb', contrast=None, depth=-2.0, draggable=False, fillColor=array([1, 1, 1]), fillColorSpace='rgb', fillRGB=array([1, 1, 1]), interpolate=True, lineColor=array([1., 1., 1.]), lineColorSpace='rgb', lineRGB=array([1, 1, 1]), lineWidth=1.0, name='line2', opacity=1, ori=90.0, pos=array([-50.,   0.]), size=array([100.,  10.]), units='pix', vertices=ndarray(...), win=Window(...))
128.6578 	EXP 	Created line3 = Rect(__class__=<class 'psychopy.visual.rect.Rect'>, anchor=('center', 'center'), autoDraw=False, autoLog=True, closeShape=True, color=method-wrapper(...), colorSpace='rgb', contrast=None, depth=-3.0, draggable=False, fillColor=array([1, 1, 1]), fillColorSpace='rgb', fillRGB=array([1, 1, 1]), interpolate=True, lineColor=array([1., 1., 1.]), lineColorSpace='rgb', lineRGB=array([1, 1, 1]), lineWidth=1.0, name='line3', opacity=1, ori=90.0, pos=array([50.,  0.]), size=array([100.,  10.]), units='pix', vertices=ndarray(...), win=Window(...))
128.6604 	EXP 	Created line4 = Rect(__class__=<class 'psychopy.visual.rect.Rect'>, anchor=('center', 'center'), autoDraw=False, autoLog=True, closeShape=True, color=method-wrapper(...), colorSpace='rgb', contrast=None, depth=-4.0, draggable=False, fillColor=array([1, 1, 1]), fillColorSpace='rgb', fillRGB=array([1, 1, 1]), interpolate=True, lineColor=array([1., 1., 1.]), lineColorSpace='rgb', lineRGB=array([1, 1, 1]), lineWidth=1.0, name='line4', opacity=1, ori=90.0, pos=array([150.,   0.]), size=array([100.,  10.]), units='pix', vertices=ndarray(...), win=Window(...))
128.6635 	EXP 	Created probe = ShapeStim(__class__=<class 'psychopy.visual.shape.ShapeStim'>, anchor=('center', 'center'), autoDraw=False, autoLog=True, closeShape=True, color=method-wrapper(...), colorSpace='rgb', contrast=None, depth=-5.0, draggable=False, fillColor=array([1, 1, 1]), fillColorSpace='rgb', fillRGB=array([1, 1, 1]), interpolate=True, lineColor=array([1., 1., 1.]), lineColorSpace='rgb', lineRGB=array([1, 1, 1]), lineWidth=1.0, name='probe', opacity=1, ori=0.0, pos=array([0., 0.]), size=array([10., 10.]), units='pix', vertices=ndarray(...), win=Window(...), windingRule=None)
0.0011 	DATA 	Mouse: Left button down, pos=(790,707)
0.0018 	DATA 	Mouse:  Left button up, pos=(790,707)
0.0106 	EXP 	Imported Mot_SeqLearning.csv as conditions, 4 conditions, 2 params
0.0115 	EXP 	New trial (rep=0, index=0): <Trial 0 (0 in rep 0) data={'pos': -50, 'corr_resp': 'x', 'thisN': 0, 'thisTrialN': 0, 'thisRepN': 0}>
0.0158 	EXP 	fixation: autoDraw = True
1.0047 	EXP 	line1: autoDraw = True
1.0047 	EXP 	line2: autoDraw = True
1.0047 	EXP 	line3: autoDraw = True
1.0047 	EXP 	line4: autoDraw = True
1.0213 	EXP 	fixation: autoDraw = False
2.0045 	INFO 	Keyboard events cleared
2.0039 	EXP 	probe: autoDraw = True
2.6113 	EXP 	New trial (rep=0, index=1): <Trial 1 (1 in rep 0) data={'pos': 150, 'corr_resp': 'v', 'thisN': 1, 'thisTrialN': 1, 'thisRepN': 0}>
2.6131 	DATA 	Keypress: x
2.6201 	EXP 	fixation: autoDraw = False
2.6201 	EXP 	line1: autoDraw = False
2.6201 	EXP 	line2: autoDraw = False
2.6201 	EXP 	line3: autoDraw = False
2.6201 	EXP 	line4: autoDraw = False
2.6201 	EXP 	probe: autoDraw = False
2.6201 	EXP 	fixation: autoDraw = True
3.6191 	EXP 	line1: autoDraw = True
3.6191 	EXP 	line2: autoDraw = True
3.6191 	EXP 	line3: autoDraw = True
3.6191 	EXP 	line4: autoDraw = True
3.6357 	EXP 	fixation: autoDraw = False
4.6189 	INFO 	Keyboard events cleared
4.6182 	EXP 	probe: autoDraw = True
5.1200 	EXP 	New trial (rep=0, index=2): <Trial 2 (2 in rep 0) data={'pos': 50, 'corr_resp': 'c', 'thisN': 2, 'thisTrialN': 2, 'thisRepN': 0}>
5.1225 	DATA 	Keypress: v
5.1346 	EXP 	fixation: autoDraw = False
5.1346 	EXP 	line1: autoDraw = False
5.1346 	EXP 	line2: autoDraw = False
5.1346 	EXP 	line3: autoDraw = False
5.1346 	EXP 	line4: autoDraw = False
5.1346 	EXP 	probe: autoDraw = False
5.1346 	EXP 	fixation: autoDraw = True
6.1337 	EXP 	fixation: autoDraw = False
6.1337 	EXP 	line1: autoDraw = True
6.1337 	EXP 	line2: autoDraw = True
6.1337 	EXP 	line3: autoDraw = True
6.1337 	EXP 	line4: autoDraw = True
7.1335 	INFO 	Keyboard events cleared
7.1330 	EXP 	probe: autoDraw = True
7.8170 	EXP 	New trial (rep=0, index=3): <Trial 3 (3 in rep 0) data={'pos': -150, 'corr_resp': 'z', 'thisN': 3, 'thisTrialN': 3, 'thisRepN': 0}>
7.8183 	DATA 	Keypress: c
7.8324 	EXP 	fixation: autoDraw = False
7.8324 	EXP 	line1: autoDraw = False
7.8324 	EXP 	line2: autoDraw = False
7.8324 	EXP 	line3: autoDraw = False
7.8324 	EXP 	line4: autoDraw = False
7.8324 	EXP 	probe: autoDraw = False
7.8324 	EXP 	fixation: autoDraw = True
8.8317 	EXP 	fixation: autoDraw = False
8.8317 	EXP 	line1: autoDraw = True
8.8317 	EXP 	line2: autoDraw = True
8.8317 	EXP 	line3: autoDraw = True
8.8317 	EXP 	line4: autoDraw = True
9.8315 	INFO 	Keyboard events cleared
9.8309 	EXP 	probe: autoDraw = True
10.2825 	EXP 	New trial (rep=1, index=0): <Trial 4 (0 in rep 1) data={'pos': -50, 'corr_resp': 'x', 'thisN': 4, 'thisTrialN': 0, 'thisRepN': 1}>
10.2841 	DATA 	Keypress: z
10.2972 	EXP 	fixation: autoDraw = False
10.2972 	EXP 	line1: autoDraw = False
10.2972 	EXP 	line2: autoDraw = False
10.2972 	EXP 	line3: autoDraw = False
10.2972 	EXP 	line4: autoDraw = False
10.2972 	EXP 	probe: autoDraw = False
10.2972 	EXP 	fixation: autoDraw = True
11.2964 	EXP 	fixation: autoDraw = False
11.2964 	EXP 	line1: autoDraw = True
11.2964 	EXP 	line2: autoDraw = True
11.2964 	EXP 	line3: autoDraw = True
11.2964 	EXP 	line4: autoDraw = True
12.2962 	INFO 	Keyboard events cleared
12.2957 	EXP 	probe: autoDraw = True
12.8150 	DATA 	Keypress: x
12.8303 	EXP 	New trial (rep=1, index=1): <Trial 5 (1 in rep 1) data={'pos': 150, 'corr_resp': 'v', 'thisN': 5, 'thisTrialN': 1, 'thisRepN': 1}>
12.8451 	EXP 	fixation: autoDraw = False
12.8451 	EXP 	line1: autoDraw = False
12.8451 	EXP 	line2: autoDraw = False
12.8451 	EXP 	line3: autoDraw = False
12.8451 	EXP 	line4: autoDraw = False
12.8451 	EXP 	probe: autoDraw = False
12.8451 	EXP 	fixation: autoDraw = True
13.8444 	EXP 	fixation: autoDraw = False
13.8444 	EXP 	line1: autoDraw = True
13.8444 	EXP 	line2: autoDraw = True
13.8444 	EXP 	line3: autoDraw = True
13.8444 	EXP 	line4: autoDraw = True
14.8438 	INFO 	Keyboard events cleared
14.8434 	EXP 	probe: autoDraw = True
15.3112 	EXP 	New trial (rep=1, index=2): <Trial 6 (2 in rep 1) data={'pos': 50, 'corr_resp': 'c', 'thisN': 6, 'thisTrialN': 2, 'thisRepN': 1}>
15.3125 	DATA 	Keypress: v
15.3262 	EXP 	fixation: autoDraw = False
15.3262 	EXP 	line1: autoDraw = False
15.3262 	EXP 	line2: autoDraw = False
15.3262 	EXP 	line3: autoDraw = False
15.3262 	EXP 	line4: autoDraw = False
15.3262 	EXP 	probe: autoDraw = False
15.3262 	EXP 	fixation: autoDraw = True
16.3254 	EXP 	fixation: autoDraw = False
16.3254 	EXP 	line1: autoDraw = True
16.3254 	EXP 	line2: autoDraw = True
16.3254 	EXP 	line3: autoDraw = True
16.3254 	EXP 	line4: autoDraw = True
17.3250 	INFO 	Keyboard events cleared
17.3245 	EXP 	probe: autoDraw = True
17.9087 	EXP 	New trial (rep=1, index=3): <Trial 7 (3 in rep 1) data={'pos': -150, 'corr_resp': 'z', 'thisN': 7, 'thisTrialN': 3, 'thisRepN': 1}>
17.9099 	DATA 	Keypress: c
17.9239 	EXP 	fixation: autoDraw = False
17.9239 	EXP 	line1: autoDraw = False
17.9239 	EXP 	line2: autoDraw = False
17.9239 	EXP 	line3: autoDraw = False
17.9239 	EXP 	line4: autoDraw = False
17.9239 	EXP 	probe: autoDraw = False
17.9239 	EXP 	fixation: autoDraw = True
18.9231 	EXP 	fixation: autoDraw = False
18.9231 	EXP 	line1: autoDraw = True
18.9231 	EXP 	line2: autoDraw = True
18.9231 	EXP 	line3: autoDraw = True
18.9231 	EXP 	line4: autoDraw = True
19.9227 	INFO 	Keyboard events cleared
19.9222 	EXP 	probe: autoDraw = True
20.3233 	EXP 	New trial (rep=2, index=0): <Trial 8 (0 in rep 2) data={'pos': -50, 'corr_resp': 'x', 'thisN': 8, 'thisTrialN': 0, 'thisRepN': 2}>
20.3246 	DATA 	Keypress: z
20.3385 	EXP 	fixation: autoDraw = False
20.3385 	EXP 	line1: autoDraw = False
20.3385 	EXP 	line2: autoDraw = False
20.3385 	EXP 	line3: autoDraw = False
20.3385 	EXP 	line4: autoDraw = False
20.3385 	EXP 	probe: autoDraw = False
20.3385 	EXP 	fixation: autoDraw = True
21.3377 	EXP 	fixation: autoDraw = False
21.3377 	EXP 	line1: autoDraw = True
21.3377 	EXP 	line2: autoDraw = True
21.3377 	EXP 	line3: autoDraw = True
21.3377 	EXP 	line4: autoDraw = True
22.3373 	INFO 	Keyboard events cleared
22.3367 	EXP 	probe: autoDraw = True
22.8376 	EXP 	New trial (rep=2, index=1): <Trial 9 (1 in rep 2) data={'pos': 150, 'corr_resp': 'v', 'thisN': 9, 'thisTrialN': 1, 'thisRepN': 2}>
22.8388 	DATA 	Keypress: x
22.8530 	EXP 	fixation: autoDraw = False
22.8530 	EXP 	line1: autoDraw = False
22.8530 	EXP 	line2: autoDraw = False
22.8530 	EXP 	line3: autoDraw = False
22.8530 	EXP 	line4: autoDraw = False
22.8530 	EXP 	probe: autoDraw = False
22.8530 	EXP 	fixation: autoDraw = True
23.8523 	EXP 	fixation: autoDraw = False
23.8523 	EXP 	line1: autoDraw = True
23.8523 	EXP 	line2: autoDraw = True
23.8523 	EXP 	line3: autoDraw = True
23.8523 	EXP 	line4: autoDraw = True
24.8523 	INFO 	Keyboard events cleared
24.8514 	EXP 	probe: autoDraw = True
25.3045 	DATA 	Keypress: v
25.3195 	EXP 	New trial (rep=2, index=2): <Trial 10 (2 in rep 2) data={'pos': 50, 'corr_resp': 'c', 'thisN': 10, 'thisTrialN': 2, 'thisRepN': 2}>
25.3342 	EXP 	fixation: autoDraw = False
25.3342 	EXP 	line1: autoDraw = False
25.3342 	EXP 	line2: autoDraw = False
25.3342 	EXP 	line3: autoDraw = False
25.3342 	EXP 	line4: autoDraw = False
25.3342 	EXP 	probe: autoDraw = False
25.3342 	EXP 	fixation: autoDraw = True
25.4695 	DATA 	Keypress: c
26.3334 	EXP 	fixation: autoDraw = False
26.3334 	EXP 	line1: autoDraw = True
26.3334 	EXP 	line2: autoDraw = True
26.3334 	EXP 	line3: autoDraw = True
26.3334 	EXP 	line4: autoDraw = True
27.3331 	INFO 	Keyboard events cleared
27.3325 	EXP 	probe: autoDraw = True
27.9503 	EXP 	New trial (rep=2, index=3): <Trial 11 (3 in rep 2) data={'pos': -150, 'corr_resp': 'z', 'thisN': 11, 'thisTrialN': 3, 'thisRepN': 2}>
27.9520 	DATA 	Keypress: c
27.9653 	EXP 	fixation: autoDraw = False
27.9653 	EXP 	line1: autoDraw = False
27.9653 	EXP 	line2: autoDraw = False
27.9653 	EXP 	line3: autoDraw = False
27.9653 	EXP 	line4: autoDraw = False
27.9653 	EXP 	probe: autoDraw = False
27.9653 	EXP 	fixation: autoDraw = True
28.9645 	EXP 	fixation: autoDraw = False
28.9645 	EXP 	line1: autoDraw = True
28.9645 	EXP 	line2: autoDraw = True
28.9645 	EXP 	line3: autoDraw = True
28.9645 	EXP 	line4: autoDraw = True
29.9643 	INFO 	Keyboard events cleared
29.9636 	EXP 	probe: autoDraw = True
30.4477 	EXP 	New trial (rep=3, index=0): <Trial 12 (0 in rep 3) data={'pos': -50, 'corr_resp': 'x', 'thisN': 12, 'thisTrialN': 0, 'thisRepN': 3}>
30.4493 	DATA 	Keypress: z
30.4629 	EXP 	fixation: autoDraw = False
30.4629 	EXP 	line1: autoDraw = False
30.4629 	EXP 	line2: autoDraw = False
30.4629 	EXP 	line3: autoDraw = False
30.4629 	EXP 	line4: autoDraw = False
30.4629 	EXP 	probe: autoDraw = False
30.4629 	EXP 	fixation: autoDraw = True
31.4622 	EXP 	fixation: autoDraw = False
31.4622 	EXP 	line1: autoDraw = True
31.4622 	EXP 	line2: autoDraw = True
31.4622 	EXP 	line3: autoDraw = True
31.4622 	EXP 	line4: autoDraw = True
32.4620 	INFO 	Keyboard events cleared
32.4614 	EXP 	probe: autoDraw = True
32.9960 	EXP 	New trial (rep=3, index=1): <Trial 13 (1 in rep 3) data={'pos': 150, 'corr_resp': 'v', 'thisN': 13, 'thisTrialN': 1, 'thisRepN': 3}>
32.9976 	DATA 	Keypress: x
33.0109 	EXP 	fixation: autoDraw = False
33.0109 	EXP 	line1: autoDraw = False
33.0109 	EXP 	line2: autoDraw = False
33.0109 	EXP 	line3: autoDraw = False
33.0109 	EXP 	line4: autoDraw = False
33.0109 	EXP 	probe: autoDraw = False
33.0109 	EXP 	fixation: autoDraw = True
34.0099 	EXP 	fixation: autoDraw = False
34.0099 	EXP 	line1: autoDraw = True
34.0099 	EXP 	line2: autoDraw = True
34.0099 	EXP 	line3: autoDraw = True
34.0099 	EXP 	line4: autoDraw = True
35.0090 	INFO 	Keyboard events cleared
35.0085 	EXP 	probe: autoDraw = True
35.6092 	EXP 	New trial (rep=3, index=2): <Trial 14 (2 in rep 3) data={'pos': 50, 'corr_resp': 'c', 'thisN': 14, 'thisTrialN': 2, 'thisRepN': 3}>
35.6105 	DATA 	Keypress: v
35.6245 	EXP 	fixation: autoDraw = False
35.6245 	EXP 	line1: autoDraw = False
35.6245 	EXP 	line2: autoDraw = False
35.6245 	EXP 	line3: autoDraw = False
35.6245 	EXP 	line4: autoDraw = False
35.6245 	EXP 	probe: autoDraw = False
35.6245 	EXP 	fixation: autoDraw = True
36.6236 	EXP 	fixation: autoDraw = False
36.6236 	EXP 	line1: autoDraw = True
36.6236 	EXP 	line2: autoDraw = True
36.6236 	EXP 	line3: autoDraw = True
36.6236 	EXP 	line4: autoDraw = True
37.6235 	INFO 	Keyboard events cleared
37.6229 	EXP 	probe: autoDraw = True
38.1570 	EXP 	New trial (rep=3, index=3): <Trial 15 (3 in rep 3) data={'pos': -150, 'corr_resp': 'z', 'thisN': 15, 'thisTrialN': 3, 'thisRepN': 3}>
38.1583 	DATA 	Keypress: c
38.1725 	EXP 	fixation: autoDraw = False
38.1725 	EXP 	line1: autoDraw = False
38.1725 	EXP 	line2: autoDraw = False
38.1725 	EXP 	line3: autoDraw = False
38.1725 	EXP 	line4: autoDraw = False
38.1725 	EXP 	probe: autoDraw = False
38.1725 	EXP 	fixation: autoDraw = True
39.1716 	EXP 	fixation: autoDraw = False
39.1716 	EXP 	line1: autoDraw = True
39.1716 	EXP 	line2: autoDraw = True
39.1716 	EXP 	line3: autoDraw = True
39.1716 	EXP 	line4: autoDraw = True
40.1718 	INFO 	Keyboard events cleared
40.1711 	EXP 	probe: autoDraw = True
40.6558 	EXP 	New trial (rep=4, index=0): <Trial 16 (0 in rep 4) data={'pos': -50, 'corr_resp': 'x', 'thisN': 16, 'thisTrialN': 0, 'thisRepN': 4}>
40.6575 	DATA 	Keypress: z
40.6709 	EXP 	fixation: autoDraw = False
40.6709 	EXP 	line1: autoDraw = False
40.6709 	EXP 	line2: autoDraw = False
40.6709 	EXP 	line3: autoDraw = False
40.6709 	EXP 	line4: autoDraw = False
40.6709 	EXP 	probe: autoDraw = False
40.6709 	EXP 	fixation: autoDraw = True
41.6698 	EXP 	line1: autoDraw = True
41.6698 	EXP 	line2: autoDraw = True
41.6698 	EXP 	line3: autoDraw = True
41.6698 	EXP 	line4: autoDraw = True
41.6864 	EXP 	fixation: autoDraw = False
42.6696 	INFO 	Keyboard events cleared
42.6691 	EXP 	probe: autoDraw = True
43.1206 	EXP 	New trial (rep=4, index=1): <Trial 17 (1 in rep 4) data={'pos': 150, 'corr_resp': 'v', 'thisN': 17, 'thisTrialN': 1, 'thisRepN': 4}>
43.1223 	DATA 	Keypress: x
43.1353 	EXP 	fixation: autoDraw = False
43.1353 	EXP 	line1: autoDraw = False
43.1353 	EXP 	line2: autoDraw = False
43.1353 	EXP 	line3: autoDraw = False
43.1353 	EXP 	line4: autoDraw = False
43.1353 	EXP 	probe: autoDraw = False
43.1353 	EXP 	fixation: autoDraw = True
44.1344 	EXP 	fixation: autoDraw = False
44.1344 	EXP 	line1: autoDraw = True
44.1344 	EXP 	line2: autoDraw = True
44.1344 	EXP 	line3: autoDraw = True
44.1344 	EXP 	line4: autoDraw = True
45.1341 	INFO 	Keyboard events cleared
45.1336 	EXP 	probe: autoDraw = True
45.6013 	EXP 	New trial (rep=4, index=2): <Trial 18 (2 in rep 4) data={'pos': 50, 'corr_resp': 'c', 'thisN': 18, 'thisTrialN': 2, 'thisRepN': 4}>
45.6026 	DATA 	Keypress: v
45.6165 	EXP 	fixation: autoDraw = False
45.6165 	EXP 	line1: autoDraw = False
45.6165 	EXP 	line2: autoDraw = False
45.6165 	EXP 	line3: autoDraw = False
45.6165 	EXP 	line4: autoDraw = False
45.6165 	EXP 	probe: autoDraw = False
45.6165 	EXP 	fixation: autoDraw = True
46.6156 	EXP 	fixation: autoDraw = False
46.6156 	EXP 	line1: autoDraw = True
46.6156 	EXP 	line2: autoDraw = True
46.6156 	EXP 	line3: autoDraw = True
46.6156 	EXP 	line4: autoDraw = True
47.6153 	INFO 	Keyboard events cleared
47.6147 	EXP 	probe: autoDraw = True
48.1324 	EXP 	New trial (rep=4, index=3): <Trial 19 (3 in rep 4) data={'pos': -150, 'corr_resp': 'z', 'thisN': 19, 'thisTrialN': 3, 'thisRepN': 4}>
48.1336 	DATA 	Keypress: c
48.1476 	EXP 	fixation: autoDraw = False
48.1476 	EXP 	line1: autoDraw = False
48.1476 	EXP 	line2: autoDraw = False
48.1476 	EXP 	line3: autoDraw = False
48.1476 	EXP 	line4: autoDraw = False
48.1476 	EXP 	probe: autoDraw = False
48.1476 	EXP 	fixation: autoDraw = True
49.1469 	EXP 	fixation: autoDraw = False
49.1469 	EXP 	line1: autoDraw = True
49.1469 	EXP 	line2: autoDraw = True
49.1469 	EXP 	line3: autoDraw = True
49.1469 	EXP 	line4: autoDraw = True
50.1464 	INFO 	Keyboard events cleared
50.1458 	EXP 	probe: autoDraw = True
50.5968 	EXP 	New trial (rep=5, index=0): <Trial 20 (0 in rep 5) data={'pos': -50, 'corr_resp': 'x', 'thisN': 20, 'thisTrialN': 0, 'thisRepN': 5}>
50.5981 	DATA 	Keypress: z
50.6121 	EXP 	fixation: autoDraw = False
50.6121 	EXP 	line1: autoDraw = False
50.6121 	EXP 	line2: autoDraw = False
50.6121 	EXP 	line3: autoDraw = False
50.6121 	EXP 	line4: autoDraw = False
50.6121 	EXP 	probe: autoDraw = False
50.6121 	EXP 	fixation: autoDraw = True
51.6113 	EXP 	fixation: autoDraw = False
51.6113 	EXP 	line1: autoDraw = True
51.6113 	EXP 	line2: autoDraw = True
51.6113 	EXP 	line3: autoDraw = True
51.6113 	EXP 	line4: autoDraw = True
52.6112 	INFO 	Keyboard events cleared
52.6105 	EXP 	probe: autoDraw = True
53.1287 	EXP 	New trial (rep=5, index=1): <Trial 21 (1 in rep 5) data={'pos': 150, 'corr_resp': 'v', 'thisN': 21, 'thisTrialN': 1, 'thisRepN': 5}>
53.1306 	DATA 	Keypress: x
53.1432 	EXP 	fixation: autoDraw = False
53.1432 	EXP 	line1: autoDraw = False
53.1432 	EXP 	line2: autoDraw = False
53.1432 	EXP 	line3: autoDraw = False
53.1432 	EXP 	line4: autoDraw = False
53.1432 	EXP 	probe: autoDraw = False
53.1432 	EXP 	fixation: autoDraw = True
54.1424 	EXP 	fixation: autoDraw = False
54.1424 	EXP 	line1: autoDraw = True
54.1424 	EXP 	line2: autoDraw = True
54.1424 	EXP 	line3: autoDraw = True
54.1424 	EXP 	line4: autoDraw = True
55.1421 	INFO 	Keyboard events cleared
55.1416 	EXP 	probe: autoDraw = True
55.6260 	EXP 	New trial (rep=5, index=2): <Trial 22 (2 in rep 5) data={'pos': 50, 'corr_resp': 'c', 'thisN': 22, 'thisTrialN': 2, 'thisRepN': 5}>
55.6274 	DATA 	Keypress: v
55.6412 	EXP 	fixation: autoDraw = False
55.6412 	EXP 	line1: autoDraw = False
55.6412 	EXP 	line2: autoDraw = False
55.6412 	EXP 	line3: autoDraw = False
55.6412 	EXP 	line4: autoDraw = False
55.6412 	EXP 	probe: autoDraw = False
55.6412 	EXP 	fixation: autoDraw = True
56.6404 	EXP 	line1: autoDraw = True
56.6404 	EXP 	line2: autoDraw = True
56.6404 	EXP 	line3: autoDraw = True
56.6404 	EXP 	line4: autoDraw = True
56.6569 	EXP 	fixation: autoDraw = False
57.6399 	INFO 	Keyboard events cleared
57.6395 	EXP 	probe: autoDraw = True
58.1913 	DATA 	Keypress: c
58.2068 	EXP 	New trial (rep=5, index=3): <Trial 23 (3 in rep 5) data={'pos': -150, 'corr_resp': 'z', 'thisN': 23, 'thisTrialN': 3, 'thisRepN': 5}>
58.2221 	EXP 	fixation: autoDraw = False
58.2221 	EXP 	line1: autoDraw = False
58.2221 	EXP 	line2: autoDraw = False
58.2221 	EXP 	line3: autoDraw = False
58.2221 	EXP 	line4: autoDraw = False
58.2221 	EXP 	probe: autoDraw = False
58.2221 	EXP 	fixation: autoDraw = True
59.2213 	EXP 	fixation: autoDraw = False
59.2213 	EXP 	line1: autoDraw = True
59.2213 	EXP 	line2: autoDraw = True
59.2213 	EXP 	line3: autoDraw = True
59.2213 	EXP 	line4: autoDraw = True
60.2209 	INFO 	Keyboard events cleared
60.2205 	EXP 	probe: autoDraw = True
60.7047 	EXP 	New trial (rep=6, index=0): <Trial 24 (0 in rep 6) data={'pos': -50, 'corr_resp': 'x', 'thisN': 24, 'thisTrialN': 0, 'thisRepN': 6}>
60.7061 	DATA 	Keypress: z
60.7201 	EXP 	fixation: autoDraw = False
60.7201 	EXP 	line1: autoDraw = False
60.7201 	EXP 	line2: autoDraw = False
60.7201 	EXP 	line3: autoDraw = False
60.7201 	EXP 	line4: autoDraw = False
60.7201 	EXP 	probe: autoDraw = False
60.7201 	EXP 	fixation: autoDraw = True
61.7193 	EXP 	fixation: autoDraw = False
61.7193 	EXP 	line1: autoDraw = True
61.7193 	EXP 	line2: autoDraw = True
61.7193 	EXP 	line3: autoDraw = True
61.7193 	EXP 	line4: autoDraw = True
62.7187 	INFO 	Keyboard events cleared
62.7183 	EXP 	probe: autoDraw = True
63.1194 	EXP 	New trial (rep=6, index=1): <Trial 25 (1 in rep 6) data={'pos': 150, 'corr_resp': 'v', 'thisN': 25, 'thisTrialN': 1, 'thisRepN': 6}>
63.1209 	DATA 	Keypress: x
63.1347 	EXP 	fixation: autoDraw = False
63.1347 	EXP 	line1: autoDraw = False
63.1347 	EXP 	line2: autoDraw = False
63.1347 	EXP 	line3: autoDraw = False
63.1347 	EXP 	line4: autoDraw = False
63.1347 	EXP 	probe: autoDraw = False
63.1347 	EXP 	fixation: autoDraw = True
64.1339 	EXP 	line1: autoDraw = True
64.1339 	EXP 	line2: autoDraw = True
64.1339 	EXP 	line3: autoDraw = True
64.1339 	EXP 	line4: autoDraw = True
64.1503 	EXP 	fixation: autoDraw = False
65.1333 	INFO 	Keyboard events cleared
65.1328 	EXP 	probe: autoDraw = True
65.5840 	EXP 	New trial (rep=6, index=2): <Trial 26 (2 in rep 6) data={'pos': 50, 'corr_resp': 'c', 'thisN': 26, 'thisTrialN': 2, 'thisRepN': 6}>
65.5854 	DATA 	Keypress: v
65.5991 	EXP 	fixation: autoDraw = False
65.5991 	EXP 	line1: autoDraw = False
65.5991 	EXP 	line2: autoDraw = False
65.5991 	EXP 	line3: autoDraw = False
65.5991 	EXP 	line4: autoDraw = False
65.5991 	EXP 	probe: autoDraw = False
65.5991 	EXP 	fixation: autoDraw = True
66.5981 	EXP 	line1: autoDraw = True
66.5981 	EXP 	line2: autoDraw = True
66.5981 	EXP 	line3: autoDraw = True
66.5981 	EXP 	line4: autoDraw = True
66.6146 	EXP 	fixation: autoDraw = False
67.5977 	INFO 	Keyboard events cleared
67.5973 	EXP 	probe: autoDraw = True
68.0655 	EXP 	New trial (rep=6, index=3): <Trial 27 (3 in rep 6) data={'pos': -150, 'corr_resp': 'z', 'thisN': 27, 'thisTrialN': 3, 'thisRepN': 6}>
68.0672 	DATA 	Keypress: c
68.0803 	EXP 	fixation: autoDraw = False
68.0803 	EXP 	line1: autoDraw = False
68.0803 	EXP 	line2: autoDraw = False
68.0803 	EXP 	line3: autoDraw = False
68.0803 	EXP 	line4: autoDraw = False
68.0803 	EXP 	probe: autoDraw = False
68.0803 	EXP 	fixation: autoDraw = True
69.0793 	EXP 	fixation: autoDraw = False
69.0793 	EXP 	line1: autoDraw = True
69.0793 	EXP 	line2: autoDraw = True
69.0793 	EXP 	line3: autoDraw = True
69.0793 	EXP 	line4: autoDraw = True
70.0791 	INFO 	Keyboard events cleared
70.0785 	EXP 	probe: autoDraw = True
70.4796 	EXP 	New trial (rep=7, index=0): <Trial 28 (0 in rep 7) data={'pos': -50, 'corr_resp': 'x', 'thisN': 28, 'thisTrialN': 0, 'thisRepN': 7}>
70.4810 	DATA 	Keypress: z
70.4949 	EXP 	fixation: autoDraw = False
70.4949 	EXP 	line1: autoDraw = False
70.4949 	EXP 	line2: autoDraw = False
70.4949 	EXP 	line3: autoDraw = False
70.4949 	EXP 	line4: autoDraw = False
70.4949 	EXP 	probe: autoDraw = False
70.4949 	EXP 	fixation: autoDraw = True
71.4939 	EXP 	fixation: autoDraw = False
71.4939 	EXP 	line1: autoDraw = True
71.4939 	EXP 	line2: autoDraw = True
71.4939 	EXP 	line3: autoDraw = True
71.4939 	EXP 	line4: autoDraw = True
72.4938 	INFO 	Keyboard events cleared
72.4931 	EXP 	probe: autoDraw = True
72.8776 	EXP 	New trial (rep=7, index=1): <Trial 29 (1 in rep 7) data={'pos': 150, 'corr_resp': 'v', 'thisN': 29, 'thisTrialN': 1, 'thisRepN': 7}>
72.8788 	DATA 	Keypress: x
72.8926 	EXP 	fixation: autoDraw = False
72.8926 	EXP 	line1: autoDraw = False
72.8926 	EXP 	line2: autoDraw = False
72.8926 	EXP 	line3: autoDraw = False
72.8926 	EXP 	line4: autoDraw = False
72.8926 	EXP 	probe: autoDraw = False
72.8926 	EXP 	fixation: autoDraw = True
73.8918 	EXP 	fixation: autoDraw = False
73.8918 	EXP 	line1: autoDraw = True
73.8918 	EXP 	line2: autoDraw = True
73.8918 	EXP 	line3: autoDraw = True
73.8918 	EXP 	line4: autoDraw = True
74.8916 	INFO 	Keyboard events cleared
74.8911 	EXP 	probe: autoDraw = True
75.3265 	DATA 	Keypress: v
75.3419 	EXP 	New trial (rep=7, index=2): <Trial 30 (2 in rep 7) data={'pos': 50, 'corr_resp': 'c', 'thisN': 30, 'thisTrialN': 2, 'thisRepN': 7}>
75.3573 	EXP 	fixation: autoDraw = False
75.3573 	EXP 	line1: autoDraw = False
75.3573 	EXP 	line2: autoDraw = False
75.3573 	EXP 	line3: autoDraw = False
75.3573 	EXP 	line4: autoDraw = False
75.3573 	EXP 	probe: autoDraw = False
75.3573 	EXP 	fixation: autoDraw = True
76.3564 	EXP 	fixation: autoDraw = False
76.3564 	EXP 	line1: autoDraw = True
76.3564 	EXP 	line2: autoDraw = True
76.3564 	EXP 	line3: autoDraw = True
76.3564 	EXP 	line4: autoDraw = True
77.3560 	INFO 	Keyboard events cleared
77.3554 	EXP 	probe: autoDraw = True
77.8397 	EXP 	New trial (rep=7, index=3): <Trial 31 (3 in rep 7) data={'pos': -150, 'corr_resp': 'z', 'thisN': 31, 'thisTrialN': 3, 'thisRepN': 7}>
77.8410 	DATA 	Keypress: c
77.8550 	EXP 	fixation: autoDraw = False
77.8550 	EXP 	line1: autoDraw = False
77.8550 	EXP 	line2: autoDraw = False
77.8550 	EXP 	line3: autoDraw = False
77.8550 	EXP 	line4: autoDraw = False
77.8550 	EXP 	probe: autoDraw = False
77.8550 	EXP 	fixation: autoDraw = True
78.8542 	EXP 	fixation: autoDraw = False
78.8542 	EXP 	line1: autoDraw = True
78.8542 	EXP 	line2: autoDraw = True
78.8542 	EXP 	line3: autoDraw = True
78.8542 	EXP 	line4: autoDraw = True
79.8541 	INFO 	Keyboard events cleared
79.8534 	EXP 	probe: autoDraw = True
80.2550 	EXP 	New trial (rep=8, index=0): <Trial 32 (0 in rep 8) data={'pos': -50, 'corr_resp': 'x', 'thisN': 32, 'thisTrialN': 0, 'thisRepN': 8}>
80.2569 	DATA 	Keypress: z
80.2697 	EXP 	fixation: autoDraw = False
80.2697 	EXP 	line1: autoDraw = False
80.2697 	EXP 	line2: autoDraw = False
80.2697 	EXP 	line3: autoDraw = False
80.2697 	EXP 	line4: autoDraw = False
80.2697 	EXP 	probe: autoDraw = False
80.2697 	EXP 	fixation: autoDraw = True
81.2689 	EXP 	line1: autoDraw = True
81.2689 	EXP 	line2: autoDraw = True
81.2689 	EXP 	line3: autoDraw = True
81.2689 	EXP 	line4: autoDraw = True
81.2854 	EXP 	fixation: autoDraw = False
82.2688 	INFO 	Keyboard events cleared
82.2680 	EXP 	probe: autoDraw = True
82.6687 	EXP 	New trial (rep=8, index=1): <Trial 33 (1 in rep 8) data={'pos': 150, 'corr_resp': 'v', 'thisN': 33, 'thisTrialN': 1, 'thisRepN': 8}>
82.6700 	DATA 	Keypress: x
82.6842 	EXP 	fixation: autoDraw = False
82.6842 	EXP 	line1: autoDraw = False
82.6842 	EXP 	line2: autoDraw = False
82.6842 	EXP 	line3: autoDraw = False
82.6842 	EXP 	line4: autoDraw = False
82.6842 	EXP 	probe: autoDraw = False
82.6842 	EXP 	fixation: autoDraw = True
83.6833 	EXP 	fixation: autoDraw = False
83.6833 	EXP 	line1: autoDraw = True
83.6833 	EXP 	line2: autoDraw = True
83.6833 	EXP 	line3: autoDraw = True
83.6833 	EXP 	line4: autoDraw = True
84.6830 	INFO 	Keyboard events cleared
84.6824 	EXP 	probe: autoDraw = True
85.1503 	EXP 	New trial (rep=8, index=2): <Trial 34 (2 in rep 8) data={'pos': 50, 'corr_resp': 'c', 'thisN': 34, 'thisTrialN': 2, 'thisRepN': 8}>
85.1520 	DATA 	Keypress: v
85.1654 	EXP 	fixation: autoDraw = False
85.1654 	EXP 	line1: autoDraw = False
85.1654 	EXP 	line2: autoDraw = False
85.1654 	EXP 	line3: autoDraw = False
85.1654 	EXP 	line4: autoDraw = False
85.1654 	EXP 	probe: autoDraw = False
85.1654 	EXP 	fixation: autoDraw = True
86.1644 	EXP 	fixation: autoDraw = False
86.1644 	EXP 	line1: autoDraw = True
86.1644 	EXP 	line2: autoDraw = True
86.1644 	EXP 	line3: autoDraw = True
86.1644 	EXP 	line4: autoDraw = True
87.1643 	INFO 	Keyboard events cleared
87.1636 	EXP 	probe: autoDraw = True
87.7151 	EXP 	New trial (rep=8, index=3): <Trial 35 (3 in rep 8) data={'pos': -150, 'corr_resp': 'z', 'thisN': 35, 'thisTrialN': 3, 'thisRepN': 8}>
87.7170 	DATA 	Keypress: c
87.7300 	EXP 	fixation: autoDraw = False
87.7300 	EXP 	line1: autoDraw = False
87.7300 	EXP 	line2: autoDraw = False
87.7300 	EXP 	line3: autoDraw = False
87.7300 	EXP 	line4: autoDraw = False
87.7300 	EXP 	probe: autoDraw = False
87.7300 	EXP 	fixation: autoDraw = True
88.7290 	EXP 	line1: autoDraw = True
88.7290 	EXP 	line2: autoDraw = True
88.7290 	EXP 	line3: autoDraw = True
88.7290 	EXP 	line4: autoDraw = True
88.7456 	EXP 	fixation: autoDraw = False
89.7288 	INFO 	Keyboard events cleared
89.7282 	EXP 	probe: autoDraw = True
90.1467 	EXP 	New trial (rep=9, index=0): <Trial 36 (0 in rep 9) data={'pos': -50, 'corr_resp': 'x', 'thisN': 36, 'thisTrialN': 0, 'thisRepN': 9}>
90.1487 	DATA 	Keypress: z
90.1610 	EXP 	fixation: autoDraw = False
90.1610 	EXP 	line1: autoDraw = False
90.1610 	EXP 	line2: autoDraw = False
90.1610 	EXP 	line3: autoDraw = False
90.1610 	EXP 	line4: autoDraw = False
90.1610 	EXP 	probe: autoDraw = False
90.1610 	EXP 	fixation: autoDraw = True
91.1600 	EXP 	fixation: autoDraw = False
91.1600 	EXP 	line1: autoDraw = True
91.1600 	EXP 	line2: autoDraw = True
91.1600 	EXP 	line3: autoDraw = True
91.1600 	EXP 	line4: autoDraw = True
92.1600 	INFO 	Keyboard events cleared
92.1592 	EXP 	probe: autoDraw = True
92.4779 	EXP 	New trial (rep=9, index=1): <Trial 37 (1 in rep 9) data={'pos': 150, 'corr_resp': 'v', 'thisN': 37, 'thisTrialN': 1, 'thisRepN': 9}>
92.4804 	DATA 	Keypress: x
92.4924 	EXP 	fixation: autoDraw = False
92.4924 	EXP 	line1: autoDraw = False
92.4924 	EXP 	line2: autoDraw = False
92.4924 	EXP 	line3: autoDraw = False
92.4924 	EXP 	line4: autoDraw = False
92.4924 	EXP 	probe: autoDraw = False
92.4924 	EXP 	fixation: autoDraw = True
93.4915 	EXP 	line1: autoDraw = True
93.4915 	EXP 	line2: autoDraw = True
93.4915 	EXP 	line3: autoDraw = True
93.4915 	EXP 	line4: autoDraw = True
93.5082 	EXP 	fixation: autoDraw = False
94.4914 	INFO 	Keyboard events cleared
94.4908 	EXP 	probe: autoDraw = True
94.9588 	EXP 	New trial (rep=9, index=2): <Trial 38 (2 in rep 9) data={'pos': 50, 'corr_resp': 'c', 'thisN': 38, 'thisTrialN': 2, 'thisRepN': 9}>
94.9607 	DATA 	Keypress: v
94.9735 	EXP 	fixation: autoDraw = False
94.9735 	EXP 	line1: autoDraw = False
94.9735 	EXP 	line2: autoDraw = False
94.9735 	EXP 	line3: autoDraw = False
94.9735 	EXP 	line4: autoDraw = False
94.9735 	EXP 	probe: autoDraw = False
94.9735 	EXP 	fixation: autoDraw = True
95.9725 	EXP 	fixation: autoDraw = False
95.9725 	EXP 	line1: autoDraw = True
95.9725 	EXP 	line2: autoDraw = True
95.9725 	EXP 	line3: autoDraw = True
95.9725 	EXP 	line4: autoDraw = True
96.9721 	INFO 	Keyboard events cleared
96.9717 	EXP 	probe: autoDraw = True
97.5058 	EXP 	New trial (rep=9, index=3): <Trial 39 (3 in rep 9) data={'pos': -150, 'corr_resp': 'z', 'thisN': 39, 'thisTrialN': 3, 'thisRepN': 9}>
97.5071 	DATA 	Keypress: c
97.5212 	EXP 	fixation: autoDraw = False
97.5212 	EXP 	line1: autoDraw = False
97.5212 	EXP 	line2: autoDraw = False
97.5212 	EXP 	line3: autoDraw = False
97.5212 	EXP 	line4: autoDraw = False
97.5212 	EXP 	probe: autoDraw = False
97.5212 	EXP 	fixation: autoDraw = True
98.5204 	EXP 	fixation: autoDraw = False
98.5204 	EXP 	line1: autoDraw = True
98.5204 	EXP 	line2: autoDraw = True
98.5204 	EXP 	line3: autoDraw = True
98.5204 	EXP 	line4: autoDraw = True
99.5203 	INFO 	Keyboard events cleared
99.5196 	EXP 	probe: autoDraw = True
99.9546 	EXP 	New trial (rep=10, index=0): <Trial 40 (0 in rep 10) data={'pos': -50, 'corr_resp': 'x', 'thisN': 40, 'thisTrialN': 0, 'thisRepN': 10}>
99.9566 	DATA 	Keypress: z
99.9691 	EXP 	fixation: autoDraw = False
99.9691 	EXP 	line1: autoDraw = False
99.9691 	EXP 	line2: autoDraw = False
99.9691 	EXP 	line3: autoDraw = False
99.9691 	EXP 	line4: autoDraw = False
99.9691 	EXP 	probe: autoDraw = False
99.9691 	EXP 	fixation: autoDraw = True
100.9682 	EXP 	fixation: autoDraw = False
100.9682 	EXP 	line1: autoDraw = True
100.9682 	EXP 	line2: autoDraw = True
100.9682 	EXP 	line3: autoDraw = True
100.9682 	EXP 	line4: autoDraw = True
101.9680 	INFO 	Keyboard events cleared
101.9674 	EXP 	probe: autoDraw = True
102.4025 	EXP 	New trial (rep=10, index=1): <Trial 41 (1 in rep 10) data={'pos': 150, 'corr_resp': 'v', 'thisN': 41, 'thisTrialN': 1, 'thisRepN': 10}>
102.4045 	DATA 	Keypress: x
102.4170 	EXP 	fixation: autoDraw = False
102.4170 	EXP 	line1: autoDraw = False
102.4170 	EXP 	line2: autoDraw = False
102.4170 	EXP 	line3: autoDraw = False
102.4170 	EXP 	line4: autoDraw = False
102.4170 	EXP 	probe: autoDraw = False
102.4170 	EXP 	fixation: autoDraw = True
103.4161 	EXP 	fixation: autoDraw = False
103.4161 	EXP 	line1: autoDraw = True
103.4161 	EXP 	line2: autoDraw = True
103.4161 	EXP 	line3: autoDraw = True
103.4161 	EXP 	line4: autoDraw = True
104.4159 	INFO 	Keyboard events cleared
104.4152 	EXP 	probe: autoDraw = True
104.8336 	EXP 	New trial (rep=10, index=2): <Trial 42 (2 in rep 10) data={'pos': 50, 'corr_resp': 'c', 'thisN': 42, 'thisTrialN': 2, 'thisRepN': 10}>
104.8355 	DATA 	Keypress: v
104.8482 	EXP 	fixation: autoDraw = False
104.8482 	EXP 	line1: autoDraw = False
104.8482 	EXP 	line2: autoDraw = False
104.8482 	EXP 	line3: autoDraw = False
104.8482 	EXP 	line4: autoDraw = False
104.8482 	EXP 	probe: autoDraw = False
104.8482 	EXP 	fixation: autoDraw = True
105.8473 	EXP 	fixation: autoDraw = False
105.8473 	EXP 	line1: autoDraw = True
105.8473 	EXP 	line2: autoDraw = True
105.8473 	EXP 	line3: autoDraw = True
105.8473 	EXP 	line4: autoDraw = True
106.8470 	INFO 	Keyboard events cleared
106.8464 	EXP 	probe: autoDraw = True
107.2475 	EXP 	New trial (rep=10, index=3): <Trial 43 (3 in rep 10) data={'pos': -150, 'corr_resp': 'z', 'thisN': 43, 'thisTrialN': 3, 'thisRepN': 10}>
107.2489 	DATA 	Keypress: c
107.2627 	EXP 	fixation: autoDraw = False
107.2627 	EXP 	line1: autoDraw = False
107.2627 	EXP 	line2: autoDraw = False
107.2627 	EXP 	line3: autoDraw = False
107.2627 	EXP 	line4: autoDraw = False
107.2627 	EXP 	probe: autoDraw = False
107.2627 	EXP 	fixation: autoDraw = True
108.2619 	EXP 	fixation: autoDraw = False
108.2619 	EXP 	line1: autoDraw = True
108.2619 	EXP 	line2: autoDraw = True
108.2619 	EXP 	line3: autoDraw = True
108.2619 	EXP 	line4: autoDraw = True
109.2616 	INFO 	Keyboard events cleared
109.2609 	EXP 	probe: autoDraw = True
109.6131 	EXP 	New trial (rep=11, index=0): <Trial 44 (0 in rep 11) data={'pos': -50, 'corr_resp': 'x', 'thisN': 44, 'thisTrialN': 0, 'thisRepN': 11}>
109.6153 	DATA 	Keypress: z
109.6274 	EXP 	fixation: autoDraw = False
109.6274 	EXP 	line1: autoDraw = False
109.6274 	EXP 	line2: autoDraw = False
109.6274 	EXP 	line3: autoDraw = False
109.6274 	EXP 	line4: autoDraw = False
109.6274 	EXP 	probe: autoDraw = False
109.6274 	EXP 	fixation: autoDraw = True
110.6266 	EXP 	fixation: autoDraw = False
110.6266 	EXP 	line1: autoDraw = True
110.6266 	EXP 	line2: autoDraw = True
110.6266 	EXP 	line3: autoDraw = True
110.6266 	EXP 	line4: autoDraw = True
111.6263 	INFO 	Keyboard events cleared
111.6257 	EXP 	probe: autoDraw = True
112.0770 	EXP 	New trial (rep=11, index=1): <Trial 45 (1 in rep 11) data={'pos': 150, 'corr_resp': 'v', 'thisN': 45, 'thisTrialN': 1, 'thisRepN': 11}>
112.0788 	DATA 	Keypress: x
112.0918 	EXP 	fixation: autoDraw = False
112.0918 	EXP 	line1: autoDraw = False
112.0918 	EXP 	line2: autoDraw = False
112.0918 	EXP 	line3: autoDraw = False
112.0918 	EXP 	line4: autoDraw = False
112.0918 	EXP 	probe: autoDraw = False
112.0918 	EXP 	fixation: autoDraw = True
113.0910 	EXP 	fixation: autoDraw = False
113.0910 	EXP 	line1: autoDraw = True
113.0910 	EXP 	line2: autoDraw = True
113.0910 	EXP 	line3: autoDraw = True
113.0910 	EXP 	line4: autoDraw = True
114.0908 	INFO 	Keyboard events cleared
114.0901 	EXP 	probe: autoDraw = True
114.4442 	DATA 	Keypress: v
114.4584 	EXP 	New trial (rep=11, index=2): <Trial 46 (2 in rep 11) data={'pos': 50, 'corr_resp': 'c', 'thisN': 46, 'thisTrialN': 2, 'thisRepN': 11}>
114.4733 	EXP 	fixation: autoDraw = False
114.4733 	EXP 	line1: autoDraw = False
114.4733 	EXP 	line2: autoDraw = False
114.4733 	EXP 	line3: autoDraw = False
114.4733 	EXP 	line4: autoDraw = False
114.4733 	EXP 	probe: autoDraw = False
114.4733 	EXP 	fixation: autoDraw = True
115.4723 	EXP 	fixation: autoDraw = False
115.4723 	EXP 	line1: autoDraw = True
115.4723 	EXP 	line2: autoDraw = True
115.4723 	EXP 	line3: autoDraw = True
115.4723 	EXP 	line4: autoDraw = True
116.4721 	INFO 	Keyboard events cleared
116.4715 	EXP 	probe: autoDraw = True
116.8062 	EXP 	New trial (rep=11, index=3): <Trial 47 (3 in rep 11) data={'pos': -150, 'corr_resp': 'z', 'thisN': 47, 'thisTrialN': 3, 'thisRepN': 11}>
116.8081 	DATA 	Keypress: c
116.8211 	EXP 	fixation: autoDraw = False
116.8211 	EXP 	line1: autoDraw = False
116.8211 	EXP 	line2: autoDraw = False
116.8211 	EXP 	line3: autoDraw = False
116.8211 	EXP 	line4: autoDraw = False
116.8211 	EXP 	probe: autoDraw = False
116.8211 	EXP 	fixation: autoDraw = True
117.8201 	EXP 	fixation: autoDraw = False
117.8201 	EXP 	line1: autoDraw = True
117.8201 	EXP 	line2: autoDraw = True
117.8201 	EXP 	line3: autoDraw = True
117.8201 	EXP 	line4: autoDraw = True
118.8199 	INFO 	Keyboard events cleared
118.8193 	EXP 	probe: autoDraw = True
119.1206 	EXP 	New trial (rep=12, index=0): <Trial 48 (0 in rep 12) data={'pos': -50, 'corr_resp': 'x', 'thisN': 48, 'thisTrialN': 0, 'thisRepN': 12}>
119.1223 	DATA 	Keypress: z
119.1356 	EXP 	fixation: autoDraw = False
119.1356 	EXP 	line1: autoDraw = False
119.1356 	EXP 	line2: autoDraw = False
119.1356 	EXP 	line3: autoDraw = False
119.1356 	EXP 	line4: autoDraw = False
119.1356 	EXP 	probe: autoDraw = False
119.1356 	EXP 	fixation: autoDraw = True
120.1349 	EXP 	fixation: autoDraw = False
120.1349 	EXP 	line1: autoDraw = True
120.1349 	EXP 	line2: autoDraw = True
120.1349 	EXP 	line3: autoDraw = True
120.1349 	EXP 	line4: autoDraw = True
121.1347 	INFO 	Keyboard events cleared
121.1341 	EXP 	probe: autoDraw = True
121.4191 	EXP 	New trial (rep=12, index=1): <Trial 49 (1 in rep 12) data={'pos': 150, 'corr_resp': 'v', 'thisN': 49, 'thisTrialN': 1, 'thisRepN': 12}>
121.4211 	DATA 	Keypress: x
121.4338 	EXP 	fixation: autoDraw = False
121.4338 	EXP 	line1: autoDraw = False
121.4338 	EXP 	line2: autoDraw = False
121.4338 	EXP 	line3: autoDraw = False
121.4338 	EXP 	line4: autoDraw = False
121.4338 	EXP 	probe: autoDraw = False
121.4338 	EXP 	fixation: autoDraw = True
122.4328 	EXP 	fixation: autoDraw = False
122.4328 	EXP 	line1: autoDraw = True
122.4328 	EXP 	line2: autoDraw = True
122.4328 	EXP 	line3: autoDraw = True
122.4328 	EXP 	line4: autoDraw = True
123.4327 	INFO 	Keyboard events cleared
123.4320 	EXP 	probe: autoDraw = True
123.7007 	EXP 	New trial (rep=12, index=2): <Trial 50 (2 in rep 12) data={'pos': 50, 'corr_resp': 'c', 'thisN': 50, 'thisTrialN': 2, 'thisRepN': 12}>
123.7027 	DATA 	Keypress: v
123.7151 	EXP 	fixation: autoDraw = False
123.7151 	EXP 	line1: autoDraw = False
123.7151 	EXP 	line2: autoDraw = False
123.7151 	EXP 	line3: autoDraw = False
123.7151 	EXP 	line4: autoDraw = False
123.7151 	EXP 	probe: autoDraw = False
123.7151 	EXP 	fixation: autoDraw = True
123.8500 	DATA 	Keypress: c
124.7141 	EXP 	fixation: autoDraw = False
124.7141 	EXP 	line1: autoDraw = True
124.7141 	EXP 	line2: autoDraw = True
124.7141 	EXP 	line3: autoDraw = True
124.7141 	EXP 	line4: autoDraw = True
125.7141 	INFO 	Keyboard events cleared
125.7134 	EXP 	probe: autoDraw = True
126.0982 	EXP 	New trial (rep=12, index=3): <Trial 51 (3 in rep 12) data={'pos': -150, 'corr_resp': 'z', 'thisN': 51, 'thisTrialN': 3, 'thisRepN': 12}>
126.1002 	DATA 	Keypress: c
126.1130 	EXP 	fixation: autoDraw = False
126.1130 	EXP 	line1: autoDraw = False
126.1130 	EXP 	line2: autoDraw = False
126.1130 	EXP 	line3: autoDraw = False
126.1130 	EXP 	line4: autoDraw = False
126.1130 	EXP 	probe: autoDraw = False
126.1130 	EXP 	fixation: autoDraw = True
127.1121 	EXP 	line1: autoDraw = True
127.1121 	EXP 	line2: autoDraw = True
127.1121 	EXP 	line3: autoDraw = True
127.1121 	EXP 	line4: autoDraw = True
127.1288 	EXP 	fixation: autoDraw = False
128.1120 	INFO 	Keyboard events cleared
128.1114 	EXP 	probe: autoDraw = True
128.4468 	EXP 	New trial (rep=13, index=0): <Trial 52 (0 in rep 13) data={'pos': -50, 'corr_resp': 'x', 'thisN': 52, 'thisTrialN': 0, 'thisRepN': 13}>
128.4488 	DATA 	Keypress: z
128.4610 	EXP 	fixation: autoDraw = False
128.4610 	EXP 	line1: autoDraw = False
128.4610 	EXP 	line2: autoDraw = False
128.4610 	EXP 	line3: autoDraw = False
128.4610 	EXP 	line4: autoDraw = False
128.4610 	EXP 	probe: autoDraw = False
128.4610 	EXP 	fixation: autoDraw = True
129.4603 	EXP 	fixation: autoDraw = False
129.4603 	EXP 	line1: autoDraw = True
129.4603 	EXP 	line2: autoDraw = True
129.4603 	EXP 	line3: autoDraw = True
129.4603 	EXP 	line4: autoDraw = True
130.4599 	INFO 	Keyboard events cleared
130.4593 	EXP 	probe: autoDraw = True
130.7268 	EXP 	New trial (rep=13, index=1): <Trial 53 (1 in rep 13) data={'pos': 150, 'corr_resp': 'v', 'thisN': 53, 'thisTrialN': 1, 'thisRepN': 13}>
130.7281 	DATA 	Keypress: x
130.7423 	EXP 	fixation: autoDraw = False
130.7423 	EXP 	line1: autoDraw = False
130.7423 	EXP 	line2: autoDraw = False
130.7423 	EXP 	line3: autoDraw = False
130.7423 	EXP 	line4: autoDraw = False
130.7423 	EXP 	probe: autoDraw = False
130.7423 	EXP 	fixation: autoDraw = True
131.7413 	EXP 	fixation: autoDraw = False
131.7413 	EXP 	line1: autoDraw = True
131.7413 	EXP 	line2: autoDraw = True
131.7413 	EXP 	line3: autoDraw = True
131.7413 	EXP 	line4: autoDraw = True
132.7410 	INFO 	Keyboard events cleared
132.7405 	EXP 	probe: autoDraw = True
133.0083 	EXP 	New trial (rep=13, index=2): <Trial 54 (2 in rep 13) data={'pos': 50, 'corr_resp': 'c', 'thisN': 54, 'thisTrialN': 2, 'thisRepN': 13}>
133.0095 	DATA 	Keypress: v
133.0236 	EXP 	fixation: autoDraw = False
133.0236 	EXP 	line1: autoDraw = False
133.0236 	EXP 	line2: autoDraw = False
133.0236 	EXP 	line3: autoDraw = False
133.0236 	EXP 	line4: autoDraw = False
133.0236 	EXP 	probe: autoDraw = False
133.0236 	EXP 	fixation: autoDraw = True
134.0227 	EXP 	fixation: autoDraw = False
134.0227 	EXP 	line1: autoDraw = True
134.0227 	EXP 	line2: autoDraw = True
134.0227 	EXP 	line3: autoDraw = True
134.0227 	EXP 	line4: autoDraw = True
135.0224 	INFO 	Keyboard events cleared
135.0218 	EXP 	probe: autoDraw = True
135.3067 	EXP 	New trial (rep=13, index=3): <Trial 55 (3 in rep 13) data={'pos': -150, 'corr_resp': 'z', 'thisN': 55, 'thisTrialN': 3, 'thisRepN': 13}>
135.3083 	DATA 	Keypress: c
135.3215 	EXP 	fixation: autoDraw = False
135.3215 	EXP 	line1: autoDraw = False
135.3215 	EXP 	line2: autoDraw = False
135.3215 	EXP 	line3: autoDraw = False
135.3215 	EXP 	line4: autoDraw = False
135.3215 	EXP 	probe: autoDraw = False
135.3215 	EXP 	fixation: autoDraw = True
136.3208 	EXP 	fixation: autoDraw = False
136.3208 	EXP 	line1: autoDraw = True
136.3208 	EXP 	line2: autoDraw = True
136.3208 	EXP 	line3: autoDraw = True
136.3208 	EXP 	line4: autoDraw = True
137.3206 	INFO 	Keyboard events cleared
137.3200 	EXP 	probe: autoDraw = True
137.5886 	EXP 	New trial (rep=14, index=0): <Trial 56 (0 in rep 14) data={'pos': -50, 'corr_resp': 'x', 'thisN': 56, 'thisTrialN': 0, 'thisRepN': 14}>
137.5904 	DATA 	Keypress: z
137.6031 	EXP 	fixation: autoDraw = False
137.6031 	EXP 	line1: autoDraw = False
137.6031 	EXP 	line2: autoDraw = False
137.6031 	EXP 	line3: autoDraw = False
137.6031 	EXP 	line4: autoDraw = False
137.6031 	EXP 	probe: autoDraw = False
137.6031 	EXP 	fixation: autoDraw = True
138.6022 	EXP 	line1: autoDraw = True
138.6022 	EXP 	line2: autoDraw = True
138.6022 	EXP 	line3: autoDraw = True
138.6022 	EXP 	line4: autoDraw = True
138.6187 	EXP 	fixation: autoDraw = False
139.6017 	INFO 	Keyboard events cleared
139.6011 	EXP 	probe: autoDraw = True
139.8361 	EXP 	New trial (rep=14, index=1): <Trial 57 (1 in rep 14) data={'pos': 150, 'corr_resp': 'v', 'thisN': 57, 'thisTrialN': 1, 'thisRepN': 14}>
139.8377 	DATA 	Keypress: x
139.8509 	EXP 	fixation: autoDraw = False
139.8509 	EXP 	line1: autoDraw = False
139.8509 	EXP 	line2: autoDraw = False
139.8509 	EXP 	line3: autoDraw = False
139.8509 	EXP 	line4: autoDraw = False
139.8509 	EXP 	probe: autoDraw = False
139.8509 	EXP 	fixation: autoDraw = True
140.8501 	EXP 	fixation: autoDraw = False
140.8501 	EXP 	line1: autoDraw = True
140.8501 	EXP 	line2: autoDraw = True
140.8501 	EXP 	line3: autoDraw = True
140.8501 	EXP 	line4: autoDraw = True
141.8499 	INFO 	Keyboard events cleared
141.8493 	EXP 	probe: autoDraw = True
142.1010 	EXP 	New trial (rep=14, index=2): <Trial 58 (2 in rep 14) data={'pos': 50, 'corr_resp': 'c', 'thisN': 58, 'thisTrialN': 2, 'thisRepN': 14}>
142.1029 	DATA 	Keypress: v
142.1157 	EXP 	fixation: autoDraw = False
142.1157 	EXP 	line1: autoDraw = False
142.1157 	EXP 	line2: autoDraw = False
142.1157 	EXP 	line3: autoDraw = False
142.1157 	EXP 	line4: autoDraw = False
142.1157 	EXP 	probe: autoDraw = False
142.1157 	EXP 	fixation: autoDraw = True
143.1149 	EXP 	fixation: autoDraw = False
143.1149 	EXP 	line1: autoDraw = True
143.1149 	EXP 	line2: autoDraw = True
143.1149 	EXP 	line3: autoDraw = True
143.1149 	EXP 	line4: autoDraw = True
144.1147 	INFO 	Keyboard events cleared
144.1140 	EXP 	probe: autoDraw = True
144.3982 	EXP 	New trial (rep=14, index=3): <Trial 59 (3 in rep 14) data={'pos': -150, 'corr_resp': 'z', 'thisN': 59, 'thisTrialN': 3, 'thisRepN': 14}>
144.3994 	DATA 	Keypress: c
144.4138 	EXP 	fixation: autoDraw = False
144.4138 	EXP 	line1: autoDraw = False
144.4138 	EXP 	line2: autoDraw = False
144.4138 	EXP 	line3: autoDraw = False
144.4138 	EXP 	line4: autoDraw = False
144.4138 	EXP 	probe: autoDraw = False
144.4138 	EXP 	fixation: autoDraw = True
145.4129 	EXP 	line1: autoDraw = True
145.4129 	EXP 	line2: autoDraw = True
145.4129 	EXP 	line3: autoDraw = True
145.4129 	EXP 	line4: autoDraw = True
145.4295 	EXP 	fixation: autoDraw = False
146.4123 	INFO 	Keyboard events cleared
146.4118 	EXP 	probe: autoDraw = True
146.6979 	DATA 	Keypress: z
146.7132 	EXP 	New trial (rep=15, index=0): <Trial 60 (0 in rep 15) data={'pos': -50, 'corr_resp': 'x', 'thisN': 60, 'thisTrialN': 0, 'thisRepN': 15}>
146.7283 	EXP 	fixation: autoDraw = False
146.7283 	EXP 	line1: autoDraw = False
146.7283 	EXP 	line2: autoDraw = False
146.7283 	EXP 	line3: autoDraw = False
146.7283 	EXP 	line4: autoDraw = False
146.7283 	EXP 	probe: autoDraw = False
146.7283 	EXP 	fixation: autoDraw = True
147.7275 	EXP 	fixation: autoDraw = False
147.7275 	EXP 	line1: autoDraw = True
147.7275 	EXP 	line2: autoDraw = True
147.7275 	EXP 	line3: autoDraw = True
147.7275 	EXP 	line4: autoDraw = True
148.7275 	INFO 	Keyboard events cleared
148.7267 	EXP 	probe: autoDraw = True
149.0137 	DATA 	Keypress: x
149.0285 	EXP 	New trial (rep=15, index=1): <Trial 61 (1 in rep 15) data={'pos': 150, 'corr_resp': 'v', 'thisN': 61, 'thisTrialN': 1, 'thisRepN': 15}>
149.0429 	EXP 	fixation: autoDraw = False
149.0429 	EXP 	line1: autoDraw = False
149.0429 	EXP 	line2: autoDraw = False
149.0429 	EXP 	line3: autoDraw = False
149.0429 	EXP 	line4: autoDraw = False
149.0429 	EXP 	probe: autoDraw = False
149.0429 	EXP 	fixation: autoDraw = True
150.0421 	EXP 	fixation: autoDraw = False
150.0421 	EXP 	line1: autoDraw = True
150.0421 	EXP 	line2: autoDraw = True
150.0421 	EXP 	line3: autoDraw = True
150.0421 	EXP 	line4: autoDraw = True
151.0419 	INFO 	Keyboard events cleared
151.0413 	EXP 	probe: autoDraw = True
151.3089 	EXP 	New trial (rep=15, index=2): <Trial 62 (2 in rep 15) data={'pos': 50, 'corr_resp': 'c', 'thisN': 62, 'thisTrialN': 2, 'thisRepN': 15}>
151.3103 	DATA 	Keypress: v
151.3241 	EXP 	fixation: autoDraw = False
151.3241 	EXP 	line1: autoDraw = False
151.3241 	EXP 	line2: autoDraw = False
151.3241 	EXP 	line3: autoDraw = False
151.3241 	EXP 	line4: autoDraw = False
151.3241 	EXP 	probe: autoDraw = False
151.3241 	EXP 	fixation: autoDraw = True
152.3233 	EXP 	fixation: autoDraw = False
152.3233 	EXP 	line1: autoDraw = True
152.3233 	EXP 	line2: autoDraw = True
152.3233 	EXP 	line3: autoDraw = True
152.3233 	EXP 	line4: autoDraw = True
153.3233 	INFO 	Keyboard events cleared
153.3226 	EXP 	probe: autoDraw = True
153.5437 	DATA 	Keypress: c
153.5575 	EXP 	New trial (rep=15, index=3): <Trial 63 (3 in rep 15) data={'pos': -150, 'corr_resp': 'z', 'thisN': 63, 'thisTrialN': 3, 'thisRepN': 15}>
153.5725 	EXP 	fixation: autoDraw = False
153.5725 	EXP 	line1: autoDraw = False
153.5725 	EXP 	line2: autoDraw = False
153.5725 	EXP 	line3: autoDraw = False
153.5725 	EXP 	line4: autoDraw = False
153.5725 	EXP 	probe: autoDraw = False
153.5725 	EXP 	fixation: autoDraw = True
154.5714 	EXP 	line1: autoDraw = True
154.5714 	EXP 	line2: autoDraw = True
154.5714 	EXP 	line3: autoDraw = True
154.5714 	EXP 	line4: autoDraw = True
154.5883 	EXP 	fixation: autoDraw = False
155.5713 	INFO 	Keyboard events cleared
155.5707 	EXP 	probe: autoDraw = True
155.8391 	EXP 	New trial (rep=16, index=0): <Trial 64 (0 in rep 16) data={'pos': -50, 'corr_resp': 'x', 'thisN': 64, 'thisTrialN': 0, 'thisRepN': 16}>
155.8409 	DATA 	Keypress: z
155.8537 	EXP 	fixation: autoDraw = False
155.8537 	EXP 	line1: autoDraw = False
155.8537 	EXP 	line2: autoDraw = False
155.8537 	EXP 	line3: autoDraw = False
155.8537 	EXP 	line4: autoDraw = False
155.8537 	EXP 	probe: autoDraw = False
155.8537 	EXP 	fixation: autoDraw = True
156.8528 	EXP 	fixation: autoDraw = False
156.8528 	EXP 	line1: autoDraw = True
156.8528 	EXP 	line2: autoDraw = True
156.8528 	EXP 	line3: autoDraw = True
156.8528 	EXP 	line4: autoDraw = True
157.8523 	INFO 	Keyboard events cleared
157.8519 	EXP 	probe: autoDraw = True
158.1198 	EXP 	New trial (rep=16, index=1): <Trial 65 (1 in rep 16) data={'pos': 150, 'corr_resp': 'v', 'thisN': 65, 'thisTrialN': 1, 'thisRepN': 16}>
158.1212 	DATA 	Keypress: x
158.1352 	EXP 	fixation: autoDraw = False
158.1352 	EXP 	line1: autoDraw = False
158.1352 	EXP 	line2: autoDraw = False
158.1352 	EXP 	line3: autoDraw = False
158.1352 	EXP 	line4: autoDraw = False
158.1352 	EXP 	probe: autoDraw = False
158.1352 	EXP 	fixation: autoDraw = True
159.1342 	EXP 	line1: autoDraw = True
159.1342 	EXP 	line2: autoDraw = True
159.1342 	EXP 	line3: autoDraw = True
159.1342 	EXP 	line4: autoDraw = True
159.1509 	EXP 	fixation: autoDraw = False
160.1341 	INFO 	Keyboard events cleared
160.1334 	EXP 	probe: autoDraw = True
160.4185 	EXP 	New trial (rep=16, index=2): <Trial 66 (2 in rep 16) data={'pos': 50, 'corr_resp': 'c', 'thisN': 66, 'thisTrialN': 2, 'thisRepN': 16}>
160.4205 	DATA 	Keypress: v
160.4331 	EXP 	fixation: autoDraw = False
160.4331 	EXP 	line1: autoDraw = False
160.4331 	EXP 	line2: autoDraw = False
160.4331 	EXP 	line3: autoDraw = False
160.4331 	EXP 	line4: autoDraw = False
160.4331 	EXP 	probe: autoDraw = False
160.4331 	EXP 	fixation: autoDraw = True
161.4322 	EXP 	fixation: autoDraw = False
161.4322 	EXP 	line1: autoDraw = True
161.4322 	EXP 	line2: autoDraw = True
161.4322 	EXP 	line3: autoDraw = True
161.4322 	EXP 	line4: autoDraw = True
162.4319 	INFO 	Keyboard events cleared
162.4312 	EXP 	probe: autoDraw = True
162.6663 	EXP 	New trial (rep=16, index=3): <Trial 67 (3 in rep 16) data={'pos': -150, 'corr_resp': 'z', 'thisN': 67, 'thisTrialN': 3, 'thisRepN': 16}>
162.6679 	DATA 	Keypress: c
162.6810 	EXP 	fixation: autoDraw = False
162.6810 	EXP 	line1: autoDraw = False
162.6810 	EXP 	line2: autoDraw = False
162.6810 	EXP 	line3: autoDraw = False
162.6810 	EXP 	line4: autoDraw = False
162.6810 	EXP 	probe: autoDraw = False
162.6810 	EXP 	fixation: autoDraw = True
163.6803 	EXP 	fixation: autoDraw = False
163.6803 	EXP 	line1: autoDraw = True
163.6803 	EXP 	line2: autoDraw = True
163.6803 	EXP 	line3: autoDraw = True
163.6803 	EXP 	line4: autoDraw = True
164.6797 	INFO 	Keyboard events cleared
164.6793 	EXP 	probe: autoDraw = True
164.9472 	EXP 	New trial (rep=17, index=0): <Trial 68 (0 in rep 17) data={'pos': -50, 'corr_resp': 'x', 'thisN': 68, 'thisTrialN': 0, 'thisRepN': 17}>
164.9485 	DATA 	Keypress: z
164.9624 	EXP 	fixation: autoDraw = False
164.9624 	EXP 	line1: autoDraw = False
164.9624 	EXP 	line2: autoDraw = False
164.9624 	EXP 	line3: autoDraw = False
164.9624 	EXP 	line4: autoDraw = False
164.9624 	EXP 	probe: autoDraw = False
164.9624 	EXP 	fixation: autoDraw = True
165.9617 	EXP 	fixation: autoDraw = False
165.9617 	EXP 	line1: autoDraw = True
165.9617 	EXP 	line2: autoDraw = True
165.9617 	EXP 	line3: autoDraw = True
165.9617 	EXP 	line4: autoDraw = True
166.9611 	INFO 	Keyboard events cleared
166.9606 	EXP 	probe: autoDraw = True
167.2451 	EXP 	New trial (rep=17, index=1): <Trial 69 (1 in rep 17) data={'pos': 150, 'corr_resp': 'v', 'thisN': 69, 'thisTrialN': 1, 'thisRepN': 17}>
167.2463 	DATA 	Keypress: x
167.2603 	EXP 	fixation: autoDraw = False
167.2603 	EXP 	line1: autoDraw = False
167.2603 	EXP 	line2: autoDraw = False
167.2603 	EXP 	line3: autoDraw = False
167.2603 	EXP 	line4: autoDraw = False
167.2603 	EXP 	probe: autoDraw = False
167.2603 	EXP 	fixation: autoDraw = True
168.2595 	EXP 	fixation: autoDraw = False
168.2595 	EXP 	line1: autoDraw = True
168.2595 	EXP 	line2: autoDraw = True
168.2595 	EXP 	line3: autoDraw = True
168.2595 	EXP 	line4: autoDraw = True
169.2593 	INFO 	Keyboard events cleared
169.2587 	EXP 	probe: autoDraw = True
169.5449 	DATA 	Keypress: v
169.5601 	EXP 	New trial (rep=17, index=2): <Trial 70 (2 in rep 17) data={'pos': 50, 'corr_resp': 'c', 'thisN': 70, 'thisTrialN': 2, 'thisRepN': 17}>
169.5750 	EXP 	fixation: autoDraw = False
169.5750 	EXP 	line1: autoDraw = False
169.5750 	EXP 	line2: autoDraw = False
169.5750 	EXP 	line3: autoDraw = False
169.5750 	EXP 	line4: autoDraw = False
169.5750 	EXP 	probe: autoDraw = False
169.5750 	EXP 	fixation: autoDraw = True
170.5743 	EXP 	fixation: autoDraw = False
170.5743 	EXP 	line1: autoDraw = True
170.5743 	EXP 	line2: autoDraw = True
170.5743 	EXP 	line3: autoDraw = True
170.5743 	EXP 	line4: autoDraw = True
171.5740 	INFO 	Keyboard events cleared
171.5735 	EXP 	probe: autoDraw = True
171.6583 	EXP 	New trial (rep=17, index=3): <Trial 71 (3 in rep 17) data={'pos': -150, 'corr_resp': 'z', 'thisN': 71, 'thisTrialN': 3, 'thisRepN': 17}>
171.6601 	DATA 	Keypress: c
171.6731 	EXP 	fixation: autoDraw = False
171.6731 	EXP 	line1: autoDraw = False
171.6731 	EXP 	line2: autoDraw = False
171.6731 	EXP 	line3: autoDraw = False
171.6731 	EXP 	line4: autoDraw = False
171.6731 	EXP 	probe: autoDraw = False
171.6731 	EXP 	fixation: autoDraw = True
172.6724 	EXP 	fixation: autoDraw = False
172.6724 	EXP 	line1: autoDraw = True
172.6724 	EXP 	line2: autoDraw = True
172.6724 	EXP 	line3: autoDraw = True
172.6724 	EXP 	line4: autoDraw = True
173.6721 	INFO 	Keyboard events cleared
173.6715 	EXP 	probe: autoDraw = True
173.9566 	EXP 	New trial (rep=18, index=0): <Trial 72 (0 in rep 18) data={'pos': -50, 'corr_resp': 'x', 'thisN': 72, 'thisTrialN': 0, 'thisRepN': 18}>
173.9584 	DATA 	Keypress: z
173.9712 	EXP 	fixation: autoDraw = False
173.9712 	EXP 	line1: autoDraw = False
173.9712 	EXP 	line2: autoDraw = False
173.9712 	EXP 	line3: autoDraw = False
173.9712 	EXP 	line4: autoDraw = False
173.9712 	EXP 	probe: autoDraw = False
173.9712 	EXP 	fixation: autoDraw = True
174.9705 	EXP 	fixation: autoDraw = False
174.9705 	EXP 	line1: autoDraw = True
174.9705 	EXP 	line2: autoDraw = True
174.9705 	EXP 	line3: autoDraw = True
174.9705 	EXP 	line4: autoDraw = True
175.9701 	INFO 	Keyboard events cleared
175.9694 	EXP 	probe: autoDraw = True
176.1544 	EXP 	New trial (rep=18, index=1): <Trial 73 (1 in rep 18) data={'pos': 150, 'corr_resp': 'v', 'thisN': 73, 'thisTrialN': 1, 'thisRepN': 18}>
176.1560 	DATA 	Keypress: x
176.1692 	EXP 	fixation: autoDraw = False
176.1692 	EXP 	line1: autoDraw = False
176.1692 	EXP 	line2: autoDraw = False
176.1692 	EXP 	line3: autoDraw = False
176.1692 	EXP 	line4: autoDraw = False
176.1692 	EXP 	probe: autoDraw = False
176.1692 	EXP 	fixation: autoDraw = True
177.1685 	EXP 	fixation: autoDraw = False
177.1685 	EXP 	line1: autoDraw = True
177.1685 	EXP 	line2: autoDraw = True
177.1685 	EXP 	line3: autoDraw = True
177.1685 	EXP 	line4: autoDraw = True
178.1680 	INFO 	Keyboard events cleared
178.1675 	EXP 	probe: autoDraw = True
178.4187 	EXP 	New trial (rep=18, index=2): <Trial 74 (2 in rep 18) data={'pos': 50, 'corr_resp': 'c', 'thisN': 74, 'thisTrialN': 2, 'thisRepN': 18}>
178.4200 	DATA 	Keypress: v
178.4338 	EXP 	fixation: autoDraw = False
178.4338 	EXP 	line1: autoDraw = False
178.4338 	EXP 	line2: autoDraw = False
178.4338 	EXP 	line3: autoDraw = False
178.4338 	EXP 	line4: autoDraw = False
178.4338 	EXP 	probe: autoDraw = False
178.4338 	EXP 	fixation: autoDraw = True
179.4332 	EXP 	fixation: autoDraw = False
179.4332 	EXP 	line1: autoDraw = True
179.4332 	EXP 	line2: autoDraw = True
179.4332 	EXP 	line3: autoDraw = True
179.4332 	EXP 	line4: autoDraw = True
180.4328 	INFO 	Keyboard events cleared
180.4322 	EXP 	probe: autoDraw = True
180.7009 	EXP 	New trial (rep=18, index=3): <Trial 75 (3 in rep 18) data={'pos': -150, 'corr_resp': 'z', 'thisN': 75, 'thisTrialN': 3, 'thisRepN': 18}>
180.7029 	DATA 	Keypress: c
180.7155 	EXP 	fixation: autoDraw = False
180.7155 	EXP 	line1: autoDraw = False
180.7155 	EXP 	line2: autoDraw = False
180.7155 	EXP 	line3: autoDraw = False
180.7155 	EXP 	line4: autoDraw = False
180.7155 	EXP 	probe: autoDraw = False
180.7155 	EXP 	fixation: autoDraw = True
181.7146 	EXP 	fixation: autoDraw = False
181.7146 	EXP 	line1: autoDraw = True
181.7146 	EXP 	line2: autoDraw = True
181.7146 	EXP 	line3: autoDraw = True
181.7146 	EXP 	line4: autoDraw = True
182.7141 	INFO 	Keyboard events cleared
182.7136 	EXP 	probe: autoDraw = True
182.9485 	EXP 	New trial (rep=19, index=0): <Trial 76 (0 in rep 19) data={'pos': -50, 'corr_resp': 'x', 'thisN': 76, 'thisTrialN': 0, 'thisRepN': 19}>
182.9502 	DATA 	Keypress: z
182.9634 	EXP 	fixation: autoDraw = False
182.9634 	EXP 	line1: autoDraw = False
182.9634 	EXP 	line2: autoDraw = False
182.9634 	EXP 	line3: autoDraw = False
182.9634 	EXP 	line4: autoDraw = False
182.9634 	EXP 	probe: autoDraw = False
182.9634 	EXP 	fixation: autoDraw = True
183.9624 	EXP 	fixation: autoDraw = False
183.9624 	EXP 	line1: autoDraw = True
183.9624 	EXP 	line2: autoDraw = True
183.9624 	EXP 	line3: autoDraw = True
183.9624 	EXP 	line4: autoDraw = True
184.9622 	INFO 	Keyboard events cleared
184.9616 	EXP 	probe: autoDraw = True
185.2465 	EXP 	New trial (rep=19, index=1): <Trial 77 (1 in rep 19) data={'pos': 150, 'corr_resp': 'v', 'thisN': 77, 'thisTrialN': 1, 'thisRepN': 19}>
185.2482 	DATA 	Keypress: x
185.2613 	EXP 	fixation: autoDraw = False
185.2613 	EXP 	line1: autoDraw = False
185.2613 	EXP 	line2: autoDraw = False
185.2613 	EXP 	line3: autoDraw = False
185.2613 	EXP 	line4: autoDraw = False
185.2613 	EXP 	probe: autoDraw = False
185.2613 	EXP 	fixation: autoDraw = True
186.2604 	EXP 	fixation: autoDraw = False
186.2604 	EXP 	line1: autoDraw = True
186.2604 	EXP 	line2: autoDraw = True
186.2604 	EXP 	line3: autoDraw = True
186.2604 	EXP 	line4: autoDraw = True
187.2601 	INFO 	Keyboard events cleared
187.2595 	EXP 	probe: autoDraw = True
187.4944 	EXP 	New trial (rep=19, index=2): <Trial 78 (2 in rep 19) data={'pos': 50, 'corr_resp': 'c', 'thisN': 78, 'thisTrialN': 2, 'thisRepN': 19}>
187.4960 	DATA 	Keypress: v
187.5094 	EXP 	fixation: autoDraw = False
187.5094 	EXP 	line1: autoDraw = False
187.5094 	EXP 	line2: autoDraw = False
187.5094 	EXP 	line3: autoDraw = False
187.5094 	EXP 	line4: autoDraw = False
187.5094 	EXP 	probe: autoDraw = False
187.5094 	EXP 	fixation: autoDraw = True
188.5085 	EXP 	fixation: autoDraw = False
188.5085 	EXP 	line1: autoDraw = True
188.5085 	EXP 	line2: autoDraw = True
188.5085 	EXP 	line3: autoDraw = True
188.5085 	EXP 	line4: autoDraw = True
189.5084 	INFO 	Keyboard events cleared
189.5077 	EXP 	probe: autoDraw = True
189.7264 	EXP 	New trial (rep=19, index=3): <Trial 79 (3 in rep 19) data={'pos': -150, 'corr_resp': 'z', 'thisN': 79, 'thisTrialN': 3, 'thisRepN': 19}>
189.7284 	DATA 	Keypress: c
189.7408 	EXP 	fixation: autoDraw = False
189.7408 	EXP 	line1: autoDraw = False
189.7408 	EXP 	line2: autoDraw = False
189.7408 	EXP 	line3: autoDraw = False
189.7408 	EXP 	line4: autoDraw = False
189.7408 	EXP 	probe: autoDraw = False
189.7408 	EXP 	fixation: autoDraw = True
190.7399 	EXP 	fixation: autoDraw = False
190.7399 	EXP 	line1: autoDraw = True
190.7399 	EXP 	line2: autoDraw = True
190.7399 	EXP 	line3: autoDraw = True
190.7399 	EXP 	line4: autoDraw = True
191.7398 	INFO 	Keyboard events cleared
191.7392 	EXP 	probe: autoDraw = True
192.0127 	EXP 	Imported Mot_SeqLearning.csv as conditions, 4 conditions, 2 params
192.0141 	EXP 	New trial (rep=0, index=0): <Trial 0 (0 in rep 0) data={'pos': 50, 'corr_resp': 'c', 'thisN': 0, 'thisTrialN': 0, 'thisRepN': 0}>
192.0155 	DATA 	Keypress: z
192.0221 	EXP 	fixation: autoDraw = False
192.0221 	EXP 	line1: autoDraw = False
192.0221 	EXP 	line2: autoDraw = False
192.0221 	EXP 	line3: autoDraw = False
192.0221 	EXP 	line4: autoDraw = False
192.0221 	EXP 	probe: autoDraw = False
192.0221 	EXP 	fixation: autoDraw = True
193.0213 	EXP 	fixation: autoDraw = False
193.0213 	EXP 	line1: autoDraw = True
193.0213 	EXP 	line2: autoDraw = True
193.0213 	EXP 	line3: autoDraw = True
193.0213 	EXP 	line4: autoDraw = True
194.0210 	INFO 	Keyboard events cleared
194.0205 	EXP 	probe: autoDraw = True
194.7212 	EXP 	New trial (rep=0, index=1): <Trial 1 (1 in rep 0) data={'pos': 150, 'corr_resp': 'v', 'thisN': 1, 'thisTrialN': 1, 'thisRepN': 0}>
194.7225 	DATA 	Keypress: c
194.7363 	EXP 	fixation: autoDraw = False
194.7363 	EXP 	line1: autoDraw = False
194.7363 	EXP 	line2: autoDraw = False
194.7363 	EXP 	line3: autoDraw = False
194.7363 	EXP 	line4: autoDraw = False
194.7363 	EXP 	probe: autoDraw = False
194.7363 	EXP 	fixation: autoDraw = True
195.7357 	EXP 	fixation: autoDraw = False
195.7357 	EXP 	line1: autoDraw = True
195.7357 	EXP 	line2: autoDraw = True
195.7357 	EXP 	line3: autoDraw = True
195.7357 	EXP 	line4: autoDraw = True
196.7352 	INFO 	Keyboard events cleared
196.7348 	EXP 	probe: autoDraw = True
197.1691 	EXP 	New trial (rep=1, index=2): <Trial 2 (2 in rep 1) data={'pos': 150, 'corr_resp': 'v', 'thisN': 2, 'thisTrialN': 2, 'thisRepN': 1}>
197.1705 	DATA 	Keypress: v
197.1843 	EXP 	fixation: autoDraw = False
197.1843 	EXP 	line1: autoDraw = False
197.1843 	EXP 	line2: autoDraw = False
197.1843 	EXP 	line3: autoDraw = False
197.1843 	EXP 	line4: autoDraw = False
197.1843 	EXP 	probe: autoDraw = False
197.1843 	EXP 	fixation: autoDraw = True
198.1836 	EXP 	fixation: autoDraw = False
198.1836 	EXP 	line1: autoDraw = True
198.1836 	EXP 	line2: autoDraw = True
198.1836 	EXP 	line3: autoDraw = True
198.1836 	EXP 	line4: autoDraw = True
199.1832 	INFO 	Keyboard events cleared
199.1826 	EXP 	probe: autoDraw = True
199.7338 	EXP 	New trial (rep=0, index=3): <Trial 3 (3 in rep 0) data={'pos': -150, 'corr_resp': 'z', 'thisN': 3, 'thisTrialN': 3, 'thisRepN': 0}>
199.7354 	DATA 	Keypress: v
199.7488 	EXP 	fixation: autoDraw = False
199.7488 	EXP 	line1: autoDraw = False
199.7488 	EXP 	line2: autoDraw = False
199.7488 	EXP 	line3: autoDraw = False
199.7488 	EXP 	line4: autoDraw = False
199.7488 	EXP 	probe: autoDraw = False
199.7488 	EXP 	fixation: autoDraw = True
200.7479 	EXP 	fixation: autoDraw = False
200.7479 	EXP 	line1: autoDraw = True
200.7479 	EXP 	line2: autoDraw = True
200.7479 	EXP 	line3: autoDraw = True
200.7479 	EXP 	line4: autoDraw = True
201.7478 	INFO 	Keyboard events cleared
201.7471 	EXP 	probe: autoDraw = True
202.2985 	EXP 	New trial (rep=1, index=4): <Trial 4 (4 in rep 1) data={'pos': 50, 'corr_resp': 'c', 'thisN': 4, 'thisTrialN': 4, 'thisRepN': 1}>
202.3004 	DATA 	Keypress: z
202.3131 	EXP 	fixation: autoDraw = False
202.3131 	EXP 	line1: autoDraw = False
202.3131 	EXP 	line2: autoDraw = False
202.3131 	EXP 	line3: autoDraw = False
202.3131 	EXP 	line4: autoDraw = False
202.3131 	EXP 	probe: autoDraw = False
202.3131 	EXP 	fixation: autoDraw = True
203.3121 	EXP 	line1: autoDraw = True
203.3121 	EXP 	line2: autoDraw = True
203.3121 	EXP 	line3: autoDraw = True
203.3121 	EXP 	line4: autoDraw = True
203.3287 	EXP 	fixation: autoDraw = False
204.3122 	INFO 	Keyboard events cleared
204.3116 	EXP 	probe: autoDraw = True
204.9457 	EXP 	New trial (rep=1, index=5): <Trial 5 (5 in rep 1) data={'pos': -150, 'corr_resp': 'z', 'thisN': 5, 'thisTrialN': 5, 'thisRepN': 1}>
204.9471 	DATA 	Keypress: c
204.9607 	EXP 	fixation: autoDraw = False
204.9607 	EXP 	line1: autoDraw = False
204.9607 	EXP 	line2: autoDraw = False
204.9607 	EXP 	line3: autoDraw = False
204.9607 	EXP 	line4: autoDraw = False
204.9607 	EXP 	probe: autoDraw = False
204.9607 	EXP 	fixation: autoDraw = True
205.9598 	EXP 	fixation: autoDraw = False
205.9598 	EXP 	line1: autoDraw = True
205.9598 	EXP 	line2: autoDraw = True
205.9598 	EXP 	line3: autoDraw = True
205.9598 	EXP 	line4: autoDraw = True
206.9598 	INFO 	Keyboard events cleared
206.9591 	EXP 	probe: autoDraw = True
207.2941 	EXP 	New trial (rep=2, index=6): <Trial 6 (6 in rep 2) data={'pos': 150, 'corr_resp': 'v', 'thisN': 6, 'thisTrialN': 6, 'thisRepN': 2}>
207.2961 	DATA 	Keypress: z
207.3088 	EXP 	fixation: autoDraw = False
207.3088 	EXP 	line1: autoDraw = False
207.3088 	EXP 	line2: autoDraw = False
207.3088 	EXP 	line3: autoDraw = False
207.3088 	EXP 	line4: autoDraw = False
207.3088 	EXP 	probe: autoDraw = False
207.3088 	EXP 	fixation: autoDraw = True
208.3079 	EXP 	fixation: autoDraw = False
208.3079 	EXP 	line1: autoDraw = True
208.3079 	EXP 	line2: autoDraw = True
208.3079 	EXP 	line3: autoDraw = True
208.3079 	EXP 	line4: autoDraw = True
209.3078 	INFO 	Keyboard events cleared
209.3071 	EXP 	probe: autoDraw = True
209.6924 	EXP 	New trial (rep=0, index=7): <Trial 7 (7 in rep 0) data={'pos': -50, 'corr_resp': 'x', 'thisN': 7, 'thisTrialN': 7, 'thisRepN': 0}>
209.6947 	DATA 	Keypress: v
209.7068 	EXP 	fixation: autoDraw = False
209.7068 	EXP 	line1: autoDraw = False
209.7068 	EXP 	line2: autoDraw = False
209.7068 	EXP 	line3: autoDraw = False
209.7068 	EXP 	line4: autoDraw = False
209.7068 	EXP 	probe: autoDraw = False
209.7068 	EXP 	fixation: autoDraw = True
210.7060 	EXP 	line1: autoDraw = True
210.7060 	EXP 	line2: autoDraw = True
210.7060 	EXP 	line3: autoDraw = True
210.7060 	EXP 	line4: autoDraw = True
210.7226 	EXP 	fixation: autoDraw = False
211.7056 	INFO 	Keyboard events cleared
211.7050 	EXP 	probe: autoDraw = True
212.2898 	EXP 	New trial (rep=2, index=8): <Trial 8 (8 in rep 2) data={'pos': 50, 'corr_resp': 'c', 'thisN': 8, 'thisTrialN': 8, 'thisRepN': 2}>
212.2917 	DATA 	Keypress: x
212.3044 	EXP 	fixation: autoDraw = False
212.3044 	EXP 	line1: autoDraw = False
212.3044 	EXP 	line2: autoDraw = False
212.3044 	EXP 	line3: autoDraw = False
212.3044 	EXP 	line4: autoDraw = False
212.3044 	EXP 	probe: autoDraw = False
212.3044 	EXP 	fixation: autoDraw = True
213.3037 	EXP 	fixation: autoDraw = False
213.3037 	EXP 	line1: autoDraw = True
213.3037 	EXP 	line2: autoDraw = True
213.3037 	EXP 	line3: autoDraw = True
213.3037 	EXP 	line4: autoDraw = True
214.3033 	INFO 	Keyboard events cleared
214.3026 	EXP 	probe: autoDraw = True
214.8706 	EXP 	New trial (rep=3, index=9): <Trial 9 (9 in rep 3) data={'pos': 150, 'corr_resp': 'v', 'thisN': 9, 'thisTrialN': 9, 'thisRepN': 3}>
214.8723 	DATA 	Keypress: c
214.8855 	EXP 	fixation: autoDraw = False
214.8855 	EXP 	line1: autoDraw = False
214.8855 	EXP 	line2: autoDraw = False
214.8855 	EXP 	line3: autoDraw = False
214.8855 	EXP 	line4: autoDraw = False
214.8855 	EXP 	probe: autoDraw = False
214.8855 	EXP 	fixation: autoDraw = True
215.8848 	EXP 	fixation: autoDraw = False
215.8848 	EXP 	line1: autoDraw = True
215.8848 	EXP 	line2: autoDraw = True
215.8848 	EXP 	line3: autoDraw = True
215.8848 	EXP 	line4: autoDraw = True
216.8844 	INFO 	Keyboard events cleared
216.8837 	EXP 	probe: autoDraw = True
217.3851 	EXP 	New trial (rep=4, index=10): <Trial 10 (10 in rep 4) data={'pos': 150, 'corr_resp': 'v', 'thisN': 10, 'thisTrialN': 10, 'thisRepN': 4}>
217.3868 	DATA 	Keypress: v
217.4000 	EXP 	fixation: autoDraw = False
217.4000 	EXP 	line1: autoDraw = False
217.4000 	EXP 	line2: autoDraw = False
217.4000 	EXP 	line3: autoDraw = False
217.4000 	EXP 	line4: autoDraw = False
217.4000 	EXP 	probe: autoDraw = False
217.4000 	EXP 	fixation: autoDraw = True
218.3991 	EXP 	fixation: autoDraw = False
218.3991 	EXP 	line1: autoDraw = True
218.3991 	EXP 	line2: autoDraw = True
218.3991 	EXP 	line3: autoDraw = True
218.3991 	EXP 	line4: autoDraw = True
219.3986 	INFO 	Keyboard events cleared
219.3981 	EXP 	probe: autoDraw = True
219.8991 	EXP 	New trial (rep=5, index=11): <Trial 11 (11 in rep 5) data={'pos': 150, 'corr_resp': 'v', 'thisN': 11, 'thisTrialN': 11, 'thisRepN': 5}>
219.9004 	DATA 	Keypress: v
219.9144 	EXP 	fixation: autoDraw = False
219.9144 	EXP 	line1: autoDraw = False
219.9144 	EXP 	line2: autoDraw = False
219.9144 	EXP 	line3: autoDraw = False
219.9144 	EXP 	line4: autoDraw = False
219.9144 	EXP 	probe: autoDraw = False
219.9144 	EXP 	fixation: autoDraw = True
220.9136 	EXP 	fixation: autoDraw = False
220.9136 	EXP 	line1: autoDraw = True
220.9136 	EXP 	line2: autoDraw = True
220.9136 	EXP 	line3: autoDraw = True
220.9136 	EXP 	line4: autoDraw = True
221.9133 	INFO 	Keyboard events cleared
221.9127 	EXP 	probe: autoDraw = True
222.3642 	EXP 	New trial (rep=1, index=12): <Trial 12 (12 in rep 1) data={'pos': -50, 'corr_resp': 'x', 'thisN': 12, 'thisTrialN': 12, 'thisRepN': 1}>
222.3658 	DATA 	Keypress: v
222.3789 	EXP 	fixation: autoDraw = False
222.3789 	EXP 	line1: autoDraw = False
222.3789 	EXP 	line2: autoDraw = False
222.3789 	EXP 	line3: autoDraw = False
222.3789 	EXP 	line4: autoDraw = False
222.3789 	EXP 	probe: autoDraw = False
222.3789 	EXP 	fixation: autoDraw = True
223.3780 	EXP 	fixation: autoDraw = False
223.3780 	EXP 	line1: autoDraw = True
223.3780 	EXP 	line2: autoDraw = True
223.3780 	EXP 	line3: autoDraw = True
223.3780 	EXP 	line4: autoDraw = True
224.3777 	INFO 	Keyboard events cleared
224.3772 	EXP 	probe: autoDraw = True
224.9131 	DATA 	Keypress: x
224.9285 	EXP 	New trial (rep=3, index=13): <Trial 13 (13 in rep 3) data={'pos': 50, 'corr_resp': 'c', 'thisN': 13, 'thisTrialN': 13, 'thisRepN': 3}>
224.9435 	EXP 	fixation: autoDraw = False
224.9435 	EXP 	line1: autoDraw = False
224.9435 	EXP 	line2: autoDraw = False
224.9435 	EXP 	line3: autoDraw = False
224.9435 	EXP 	line4: autoDraw = False
224.9435 	EXP 	probe: autoDraw = False
224.9435 	EXP 	fixation: autoDraw = True
225.9426 	EXP 	line1: autoDraw = True
225.9426 	EXP 	line2: autoDraw = True
225.9426 	EXP 	line3: autoDraw = True
225.9426 	EXP 	line4: autoDraw = True
225.9592 	EXP 	fixation: autoDraw = False
226.9422 	INFO 	Keyboard events cleared
226.9417 	EXP 	probe: autoDraw = True
227.5261 	EXP 	New trial (rep=2, index=14): <Trial 14 (14 in rep 2) data={'pos': -50, 'corr_resp': 'x', 'thisN': 14, 'thisTrialN': 14, 'thisRepN': 2}>
227.5276 	DATA 	Keypress: c
227.5411 	EXP 	fixation: autoDraw = False
227.5411 	EXP 	line1: autoDraw = False
227.5411 	EXP 	line2: autoDraw = False
227.5411 	EXP 	line3: autoDraw = False
227.5411 	EXP 	line4: autoDraw = False
227.5411 	EXP 	probe: autoDraw = False
227.5411 	EXP 	fixation: autoDraw = True
228.5403 	EXP 	fixation: autoDraw = False
228.5403 	EXP 	line1: autoDraw = True
228.5403 	EXP 	line2: autoDraw = True
228.5403 	EXP 	line3: autoDraw = True
228.5403 	EXP 	line4: autoDraw = True
229.5399 	INFO 	Keyboard events cleared
229.5393 	EXP 	probe: autoDraw = True
230.1072 	EXP 	New trial (rep=2, index=15): <Trial 15 (15 in rep 2) data={'pos': -150, 'corr_resp': 'z', 'thisN': 15, 'thisTrialN': 15, 'thisRepN': 2}>
230.1088 	DATA 	Keypress: x
230.1223 	EXP 	fixation: autoDraw = False
230.1223 	EXP 	line1: autoDraw = False
230.1223 	EXP 	line2: autoDraw = False
230.1223 	EXP 	line3: autoDraw = False
230.1223 	EXP 	line4: autoDraw = False
230.1223 	EXP 	probe: autoDraw = False
230.1223 	EXP 	fixation: autoDraw = True
231.1206 	EXP 	line1: autoDraw = True
231.1206 	EXP 	line2: autoDraw = True
231.1206 	EXP 	line3: autoDraw = True
231.1206 	EXP 	line4: autoDraw = True
231.1373 	EXP 	fixation: autoDraw = False
232.1205 	INFO 	Keyboard events cleared
232.1199 	EXP 	probe: autoDraw = True
232.5882 	EXP 	New trial (rep=3, index=16): <Trial 16 (16 in rep 3) data={'pos': -150, 'corr_resp': 'z', 'thisN': 16, 'thisTrialN': 16, 'thisRepN': 3}>
232.5903 	DATA 	Keypress: z
232.6026 	EXP 	fixation: autoDraw = False
232.6026 	EXP 	line1: autoDraw = False
232.6026 	EXP 	line2: autoDraw = False
232.6026 	EXP 	line3: autoDraw = False
232.6026 	EXP 	line4: autoDraw = False
232.6026 	EXP 	probe: autoDraw = False
232.6026 	EXP 	fixation: autoDraw = True
233.6018 	EXP 	fixation: autoDraw = False
233.6018 	EXP 	line1: autoDraw = True
233.6018 	EXP 	line2: autoDraw = True
233.6018 	EXP 	line3: autoDraw = True
233.6018 	EXP 	line4: autoDraw = True
234.6019 	INFO 	Keyboard events cleared
234.6011 	EXP 	probe: autoDraw = True
235.0525 	EXP 	New trial (rep=3, index=17): <Trial 17 (17 in rep 3) data={'pos': -50, 'corr_resp': 'x', 'thisN': 17, 'thisTrialN': 17, 'thisRepN': 3}>
235.0542 	DATA 	Keypress: z
235.0674 	EXP 	fixation: autoDraw = False
235.0674 	EXP 	line1: autoDraw = False
235.0674 	EXP 	line2: autoDraw = False
235.0674 	EXP 	line3: autoDraw = False
235.0674 	EXP 	line4: autoDraw = False
235.0674 	EXP 	probe: autoDraw = False
235.0674 	EXP 	fixation: autoDraw = True
236.0663 	EXP 	line1: autoDraw = True
236.0663 	EXP 	line2: autoDraw = True
236.0663 	EXP 	line3: autoDraw = True
236.0663 	EXP 	line4: autoDraw = True
236.0830 	EXP 	fixation: autoDraw = False
237.0667 	INFO 	Keyboard events cleared
237.0654 	EXP 	probe: autoDraw = True
237.5352 	DATA 	Keypress: x
237.5502 	EXP 	New trial (rep=4, index=18): <Trial 18 (18 in rep 4) data={'pos': -150, 'corr_resp': 'z', 'thisN': 18, 'thisTrialN': 18, 'thisRepN': 4}>
237.5650 	EXP 	fixation: autoDraw = False
237.5650 	EXP 	line1: autoDraw = False
237.5650 	EXP 	line2: autoDraw = False
237.5650 	EXP 	line3: autoDraw = False
237.5650 	EXP 	line4: autoDraw = False
237.5650 	EXP 	probe: autoDraw = False
237.5650 	EXP 	fixation: autoDraw = True
238.5644 	EXP 	fixation: autoDraw = False
238.5644 	EXP 	line1: autoDraw = True
238.5644 	EXP 	line2: autoDraw = True
238.5644 	EXP 	line3: autoDraw = True
238.5644 	EXP 	line4: autoDraw = True
239.5638 	INFO 	Keyboard events cleared
239.5633 	EXP 	probe: autoDraw = True
239.9649 	EXP 	New trial (rep=4, index=19): <Trial 19 (19 in rep 4) data={'pos': 50, 'corr_resp': 'c', 'thisN': 19, 'thisTrialN': 19, 'thisRepN': 4}>
239.9670 	DATA 	Keypress: z
239.9796 	EXP 	fixation: autoDraw = False
239.9796 	EXP 	line1: autoDraw = False
239.9796 	EXP 	line2: autoDraw = False
239.9796 	EXP 	line3: autoDraw = False
239.9796 	EXP 	line4: autoDraw = False
239.9796 	EXP 	probe: autoDraw = False
239.9796 	EXP 	fixation: autoDraw = True
240.9786 	EXP 	fixation: autoDraw = False
240.9786 	EXP 	line1: autoDraw = True
240.9786 	EXP 	line2: autoDraw = True
240.9786 	EXP 	line3: autoDraw = True
240.9786 	EXP 	line4: autoDraw = True
241.9782 	INFO 	Keyboard events cleared
241.9778 	EXP 	probe: autoDraw = True
242.3622 	EXP 	New trial (rep=5, index=20): <Trial 20 (20 in rep 5) data={'pos': -150, 'corr_resp': 'z', 'thisN': 20, 'thisTrialN': 20, 'thisRepN': 5}>
242.3636 	DATA 	Keypress: c
242.3774 	EXP 	fixation: autoDraw = False
242.3774 	EXP 	line1: autoDraw = False
242.3774 	EXP 	line2: autoDraw = False
242.3774 	EXP 	line3: autoDraw = False
242.3774 	EXP 	line4: autoDraw = False
242.3774 	EXP 	probe: autoDraw = False
242.3774 	EXP 	fixation: autoDraw = True
243.3768 	EXP 	fixation: autoDraw = False
243.3768 	EXP 	line1: autoDraw = True
243.3768 	EXP 	line2: autoDraw = True
243.3768 	EXP 	line3: autoDraw = True
243.3768 	EXP 	line4: autoDraw = True
244.3763 	INFO 	Keyboard events cleared
244.3758 	EXP 	probe: autoDraw = True
244.7939 	EXP 	New trial (rep=6, index=21): <Trial 21 (21 in rep 6) data={'pos': 150, 'corr_resp': 'v', 'thisN': 21, 'thisTrialN': 21, 'thisRepN': 6}>
244.7953 	DATA 	Keypress: z
244.8087 	EXP 	fixation: autoDraw = False
244.8087 	EXP 	line1: autoDraw = False
244.8087 	EXP 	line2: autoDraw = False
244.8087 	EXP 	line3: autoDraw = False
244.8087 	EXP 	line4: autoDraw = False
244.8087 	EXP 	probe: autoDraw = False
244.8087 	EXP 	fixation: autoDraw = True
245.8078 	EXP 	line1: autoDraw = True
245.8078 	EXP 	line2: autoDraw = True
245.8078 	EXP 	line3: autoDraw = True
245.8078 	EXP 	line4: autoDraw = True
245.8244 	EXP 	fixation: autoDraw = False
246.8075 	INFO 	Keyboard events cleared
246.8070 	EXP 	probe: autoDraw = True
247.3579 	EXP 	New trial (rep=4, index=22): <Trial 22 (22 in rep 4) data={'pos': -50, 'corr_resp': 'x', 'thisN': 22, 'thisTrialN': 22, 'thisRepN': 4}>
247.3591 	DATA 	Keypress: v
247.3732 	EXP 	fixation: autoDraw = False
247.3732 	EXP 	line1: autoDraw = False
247.3732 	EXP 	line2: autoDraw = False
247.3732 	EXP 	line3: autoDraw = False
247.3732 	EXP 	line4: autoDraw = False
247.3732 	EXP 	probe: autoDraw = False
247.3732 	EXP 	fixation: autoDraw = True
248.3723 	EXP 	fixation: autoDraw = False
248.3723 	EXP 	line1: autoDraw = True
248.3723 	EXP 	line2: autoDraw = True
248.3723 	EXP 	line3: autoDraw = True
248.3723 	EXP 	line4: autoDraw = True
249.3719 	INFO 	Keyboard events cleared
249.3715 	EXP 	probe: autoDraw = True
249.8562 	EXP 	New trial (rep=7, index=23): <Trial 23 (23 in rep 7) data={'pos': 150, 'corr_resp': 'v', 'thisN': 23, 'thisTrialN': 23, 'thisRepN': 7}>
249.8574 	DATA 	Keypress: x
249.8712 	EXP 	fixation: autoDraw = False
249.8712 	EXP 	line1: autoDraw = False
249.8712 	EXP 	line2: autoDraw = False
249.8712 	EXP 	line3: autoDraw = False
249.8712 	EXP 	line4: autoDraw = False
249.8712 	EXP 	probe: autoDraw = False
249.8712 	EXP 	fixation: autoDraw = True
250.8700 	EXP 	line1: autoDraw = True
250.8700 	EXP 	line2: autoDraw = True
250.8700 	EXP 	line3: autoDraw = True
250.8700 	EXP 	line4: autoDraw = True
250.8868 	EXP 	fixation: autoDraw = False
251.8698 	INFO 	Keyboard events cleared
251.8693 	EXP 	probe: autoDraw = True
252.3536 	EXP 	New trial (rep=8, index=24): <Trial 24 (24 in rep 8) data={'pos': 150, 'corr_resp': 'v', 'thisN': 24, 'thisTrialN': 24, 'thisRepN': 8}>
252.3549 	DATA 	Keypress: v
252.3689 	EXP 	fixation: autoDraw = False
252.3689 	EXP 	line1: autoDraw = False
252.3689 	EXP 	line2: autoDraw = False
252.3689 	EXP 	line3: autoDraw = False
252.3689 	EXP 	line4: autoDraw = False
252.3689 	EXP 	probe: autoDraw = False
252.3689 	EXP 	fixation: autoDraw = True
253.3679 	EXP 	fixation: autoDraw = False
253.3679 	EXP 	line1: autoDraw = True
253.3679 	EXP 	line2: autoDraw = True
253.3679 	EXP 	line3: autoDraw = True
253.3679 	EXP 	line4: autoDraw = True
254.3676 	INFO 	Keyboard events cleared
254.3671 	EXP 	probe: autoDraw = True
254.8845 	EXP 	New trial (rep=5, index=25): <Trial 25 (25 in rep 5) data={'pos': -50, 'corr_resp': 'x', 'thisN': 25, 'thisTrialN': 25, 'thisRepN': 5}>
254.8860 	DATA 	Keypress: v
254.9001 	EXP 	fixation: autoDraw = False
254.9001 	EXP 	line1: autoDraw = False
254.9001 	EXP 	line2: autoDraw = False
254.9001 	EXP 	line3: autoDraw = False
254.9001 	EXP 	line4: autoDraw = False
254.9001 	EXP 	probe: autoDraw = False
254.9001 	EXP 	fixation: autoDraw = True
255.8992 	EXP 	fixation: autoDraw = False
255.8992 	EXP 	line1: autoDraw = True
255.8992 	EXP 	line2: autoDraw = True
255.8992 	EXP 	line3: autoDraw = True
255.8992 	EXP 	line4: autoDraw = True
256.8985 	INFO 	Keyboard events cleared
256.8980 	EXP 	probe: autoDraw = True
257.4989 	EXP 	New trial (rep=5, index=26): <Trial 26 (26 in rep 5) data={'pos': 50, 'corr_resp': 'c', 'thisN': 26, 'thisTrialN': 26, 'thisRepN': 5}>
257.5003 	DATA 	Keypress: x
257.5142 	EXP 	fixation: autoDraw = False
257.5142 	EXP 	line1: autoDraw = False
257.5142 	EXP 	line2: autoDraw = False
257.5142 	EXP 	line3: autoDraw = False
257.5142 	EXP 	line4: autoDraw = False
257.5142 	EXP 	probe: autoDraw = False
257.5142 	EXP 	fixation: autoDraw = True
258.5133 	EXP 	fixation: autoDraw = False
258.5133 	EXP 	line1: autoDraw = True
258.5133 	EXP 	line2: autoDraw = True
258.5133 	EXP 	line3: autoDraw = True
258.5133 	EXP 	line4: autoDraw = True
259.5131 	INFO 	Keyboard events cleared
259.5126 	EXP 	probe: autoDraw = True
259.9637 	EXP 	New trial (rep=6, index=27): <Trial 27 (27 in rep 6) data={'pos': -150, 'corr_resp': 'z', 'thisN': 27, 'thisTrialN': 27, 'thisRepN': 6}>
259.9650 	DATA 	Keypress: c
259.9790 	EXP 	fixation: autoDraw = False
259.9790 	EXP 	line1: autoDraw = False
259.9790 	EXP 	line2: autoDraw = False
259.9790 	EXP 	line3: autoDraw = False
259.9790 	EXP 	line4: autoDraw = False
259.9790 	EXP 	probe: autoDraw = False
259.9790 	EXP 	fixation: autoDraw = True
260.9782 	EXP 	fixation: autoDraw = False
260.9782 	EXP 	line1: autoDraw = True
260.9782 	EXP 	line2: autoDraw = True
260.9782 	EXP 	line3: autoDraw = True
260.9782 	EXP 	line4: autoDraw = True
261.9774 	INFO 	Keyboard events cleared
261.9769 	EXP 	probe: autoDraw = True
262.4449 	EXP 	New trial (rep=7, index=28): <Trial 28 (28 in rep 7) data={'pos': -150, 'corr_resp': 'z', 'thisN': 28, 'thisTrialN': 28, 'thisRepN': 7}>
262.4462 	DATA 	Keypress: z
262.4599 	EXP 	fixation: autoDraw = False
262.4599 	EXP 	line1: autoDraw = False
262.4599 	EXP 	line2: autoDraw = False
262.4599 	EXP 	line3: autoDraw = False
262.4599 	EXP 	line4: autoDraw = False
262.4599 	EXP 	probe: autoDraw = False
262.4599 	EXP 	fixation: autoDraw = True
263.4590 	EXP 	fixation: autoDraw = False
263.4590 	EXP 	line1: autoDraw = True
263.4590 	EXP 	line2: autoDraw = True
263.4590 	EXP 	line3: autoDraw = True
263.4590 	EXP 	line4: autoDraw = True
264.4593 	INFO 	Keyboard events cleared
264.4584 	EXP 	probe: autoDraw = True
264.8771 	EXP 	New trial (rep=6, index=29): <Trial 29 (29 in rep 6) data={'pos': 50, 'corr_resp': 'c', 'thisN': 29, 'thisTrialN': 29, 'thisRepN': 6}>
264.8794 	DATA 	Keypress: z
264.8917 	EXP 	fixation: autoDraw = False
264.8917 	EXP 	line1: autoDraw = False
264.8917 	EXP 	line2: autoDraw = False
264.8917 	EXP 	line3: autoDraw = False
264.8917 	EXP 	line4: autoDraw = False
264.8917 	EXP 	probe: autoDraw = False
264.8917 	EXP 	fixation: autoDraw = True
265.8906 	EXP 	line1: autoDraw = True
265.8906 	EXP 	line2: autoDraw = True
265.8906 	EXP 	line3: autoDraw = True
265.8906 	EXP 	line4: autoDraw = True
265.9072 	EXP 	fixation: autoDraw = False
266.8900 	INFO 	Keyboard events cleared
266.8895 	EXP 	probe: autoDraw = True
267.4407 	EXP 	New trial (rep=8, index=30): <Trial 30 (30 in rep 8) data={'pos': -150, 'corr_resp': 'z', 'thisN': 30, 'thisTrialN': 30, 'thisRepN': 8}>
267.4423 	DATA 	Keypress: c
267.4555 	EXP 	fixation: autoDraw = False
267.4555 	EXP 	line1: autoDraw = False
267.4555 	EXP 	line2: autoDraw = False
267.4555 	EXP 	line3: autoDraw = False
267.4555 	EXP 	line4: autoDraw = False
267.4555 	EXP 	probe: autoDraw = False
267.4555 	EXP 	fixation: autoDraw = True
268.4547 	EXP 	fixation: autoDraw = False
268.4547 	EXP 	line1: autoDraw = True
268.4547 	EXP 	line2: autoDraw = True
268.4547 	EXP 	line3: autoDraw = True
268.4547 	EXP 	line4: autoDraw = True
269.4544 	INFO 	Keyboard events cleared
269.4540 	EXP 	probe: autoDraw = True
269.9216 	EXP 	New trial (rep=9, index=31): <Trial 31 (31 in rep 9) data={'pos': 150, 'corr_resp': 'v', 'thisN': 31, 'thisTrialN': 31, 'thisRepN': 9}>
269.9228 	DATA 	Keypress: z
269.9368 	EXP 	fixation: autoDraw = False
269.9368 	EXP 	line1: autoDraw = False
269.9368 	EXP 	line2: autoDraw = False
269.9368 	EXP 	line3: autoDraw = False
269.9368 	EXP 	line4: autoDraw = False
269.9368 	EXP 	probe: autoDraw = False
269.9368 	EXP 	fixation: autoDraw = True
270.9362 	EXP 	fixation: autoDraw = False
270.9362 	EXP 	line1: autoDraw = True
270.9362 	EXP 	line2: autoDraw = True
270.9362 	EXP 	line3: autoDraw = True
270.9362 	EXP 	line4: autoDraw = True
271.9361 	INFO 	Keyboard events cleared
271.9356 	EXP 	probe: autoDraw = True
272.4535 	EXP 	New trial (rep=6, index=32): <Trial 32 (32 in rep 6) data={'pos': -50, 'corr_resp': 'x', 'thisN': 32, 'thisTrialN': 32, 'thisRepN': 6}>
272.4553 	DATA 	Keypress: v
272.4683 	EXP 	fixation: autoDraw = False
272.4683 	EXP 	line1: autoDraw = False
272.4683 	EXP 	line2: autoDraw = False
272.4683 	EXP 	line3: autoDraw = False
272.4683 	EXP 	line4: autoDraw = False
272.4683 	EXP 	probe: autoDraw = False
272.4683 	EXP 	fixation: autoDraw = True
273.4677 	EXP 	fixation: autoDraw = False
273.4677 	EXP 	line1: autoDraw = True
273.4677 	EXP 	line2: autoDraw = True
273.4677 	EXP 	line3: autoDraw = True
273.4677 	EXP 	line4: autoDraw = True
274.4675 	INFO 	Keyboard events cleared
274.4669 	EXP 	probe: autoDraw = True
274.8849 	EXP 	New trial (rep=9, index=33): <Trial 33 (33 in rep 9) data={'pos': -150, 'corr_resp': 'z', 'thisN': 33, 'thisTrialN': 33, 'thisRepN': 9}>
274.8866 	DATA 	Keypress: x
274.8998 	EXP 	fixation: autoDraw = False
274.8998 	EXP 	line1: autoDraw = False
274.8998 	EXP 	line2: autoDraw = False
274.8998 	EXP 	line3: autoDraw = False
274.8998 	EXP 	line4: autoDraw = False
274.8998 	EXP 	probe: autoDraw = False
274.8998 	EXP 	fixation: autoDraw = True
275.8989 	EXP 	fixation: autoDraw = False
275.8989 	EXP 	line1: autoDraw = True
275.8989 	EXP 	line2: autoDraw = True
275.8989 	EXP 	line3: autoDraw = True
275.8989 	EXP 	line4: autoDraw = True
276.8987 	INFO 	Keyboard events cleared
276.8982 	EXP 	probe: autoDraw = True
277.3324 	EXP 	New trial (rep=10, index=34): <Trial 34 (34 in rep 10) data={'pos': 150, 'corr_resp': 'v', 'thisN': 34, 'thisTrialN': 34, 'thisRepN': 10}>
277.3337 	DATA 	Keypress: z
277.3476 	EXP 	fixation: autoDraw = False
277.3476 	EXP 	line1: autoDraw = False
277.3476 	EXP 	line2: autoDraw = False
277.3476 	EXP 	line3: autoDraw = False
277.3476 	EXP 	line4: autoDraw = False
277.3476 	EXP 	probe: autoDraw = False
277.3476 	EXP 	fixation: autoDraw = True
278.3468 	EXP 	fixation: autoDraw = False
278.3468 	EXP 	line1: autoDraw = True
278.3468 	EXP 	line2: autoDraw = True
278.3468 	EXP 	line3: autoDraw = True
278.3468 	EXP 	line4: autoDraw = True
279.3465 	INFO 	Keyboard events cleared
279.3459 	EXP 	probe: autoDraw = True
279.7970 	EXP 	New trial (rep=7, index=35): <Trial 35 (35 in rep 7) data={'pos': -50, 'corr_resp': 'x', 'thisN': 35, 'thisTrialN': 35, 'thisRepN': 7}>
279.7984 	DATA 	Keypress: v
279.8123 	EXP 	fixation: autoDraw = False
279.8123 	EXP 	line1: autoDraw = False
279.8123 	EXP 	line2: autoDraw = False
279.8123 	EXP 	line3: autoDraw = False
279.8123 	EXP 	line4: autoDraw = False
279.8123 	EXP 	probe: autoDraw = False
279.8123 	EXP 	fixation: autoDraw = True
280.8114 	EXP 	fixation: autoDraw = False
280.8114 	EXP 	line1: autoDraw = True
280.8114 	EXP 	line2: autoDraw = True
280.8114 	EXP 	line3: autoDraw = True
280.8114 	EXP 	line4: autoDraw = True
281.8111 	INFO 	Keyboard events cleared
281.8104 	EXP 	probe: autoDraw = True
282.2618 	EXP 	New trial (rep=10, index=36): <Trial 36 (36 in rep 10) data={'pos': -150, 'corr_resp': 'z', 'thisN': 36, 'thisTrialN': 36, 'thisRepN': 10}>
282.2637 	DATA 	Keypress: x
282.2770 	EXP 	fixation: autoDraw = False
282.2770 	EXP 	line1: autoDraw = False
282.2770 	EXP 	line2: autoDraw = False
282.2770 	EXP 	line3: autoDraw = False
282.2770 	EXP 	line4: autoDraw = False
282.2770 	EXP 	probe: autoDraw = False
282.2770 	EXP 	fixation: autoDraw = True
283.2759 	EXP 	line1: autoDraw = True
283.2759 	EXP 	line2: autoDraw = True
283.2759 	EXP 	line3: autoDraw = True
283.2759 	EXP 	line4: autoDraw = True
283.2926 	EXP 	fixation: autoDraw = False
284.2756 	INFO 	Keyboard events cleared
284.2749 	EXP 	probe: autoDraw = True
284.6095 	EXP 	New trial (rep=8, index=37): <Trial 37 (37 in rep 8) data={'pos': -50, 'corr_resp': 'x', 'thisN': 37, 'thisTrialN': 37, 'thisRepN': 8}>
284.6109 	DATA 	Keypress: z
284.6246 	EXP 	fixation: autoDraw = False
284.6246 	EXP 	line1: autoDraw = False
284.6246 	EXP 	line2: autoDraw = False
284.6246 	EXP 	line3: autoDraw = False
284.6246 	EXP 	line4: autoDraw = False
284.6246 	EXP 	probe: autoDraw = False
284.6246 	EXP 	fixation: autoDraw = True
285.6238 	EXP 	fixation: autoDraw = False
285.6238 	EXP 	line1: autoDraw = True
285.6238 	EXP 	line2: autoDraw = True
285.6238 	EXP 	line3: autoDraw = True
285.6238 	EXP 	line4: autoDraw = True
286.6238 	INFO 	Keyboard events cleared
286.6230 	EXP 	probe: autoDraw = True
287.0413 	EXP 	New trial (rep=7, index=38): <Trial 38 (38 in rep 7) data={'pos': 50, 'corr_resp': 'c', 'thisN': 38, 'thisTrialN': 38, 'thisRepN': 7}>
287.0433 	DATA 	Keypress: x
287.0560 	EXP 	fixation: autoDraw = False
287.0560 	EXP 	line1: autoDraw = False
287.0560 	EXP 	line2: autoDraw = False
287.0560 	EXP 	line3: autoDraw = False
287.0560 	EXP 	line4: autoDraw = False
287.0560 	EXP 	probe: autoDraw = False
287.0560 	EXP 	fixation: autoDraw = True
288.0551 	EXP 	line1: autoDraw = True
288.0551 	EXP 	line2: autoDraw = True
288.0551 	EXP 	line3: autoDraw = True
288.0551 	EXP 	line4: autoDraw = True
288.0718 	EXP 	fixation: autoDraw = False
289.0551 	INFO 	Keyboard events cleared
289.0542 	EXP 	probe: autoDraw = True
289.5397 	EXP 	New trial (rep=8, index=39): <Trial 39 (39 in rep 8) data={'pos': 50, 'corr_resp': 'c', 'thisN': 39, 'thisTrialN': 39, 'thisRepN': 8}>
289.5422 	DATA 	Keypress: v
289.5538 	EXP 	fixation: autoDraw = False
289.5538 	EXP 	line1: autoDraw = False
289.5538 	EXP 	line2: autoDraw = False
289.5538 	EXP 	line3: autoDraw = False
289.5538 	EXP 	line4: autoDraw = False
289.5538 	EXP 	probe: autoDraw = False
289.5538 	EXP 	fixation: autoDraw = True
290.5529 	EXP 	fixation: autoDraw = False
290.5529 	EXP 	line1: autoDraw = True
290.5529 	EXP 	line2: autoDraw = True
290.5529 	EXP 	line3: autoDraw = True
290.5529 	EXP 	line4: autoDraw = True
291.5526 	INFO 	Keyboard events cleared
291.5520 	EXP 	probe: autoDraw = True
292.0862 	EXP 	New trial (rep=9, index=40): <Trial 40 (40 in rep 9) data={'pos': -50, 'corr_resp': 'x', 'thisN': 40, 'thisTrialN': 40, 'thisRepN': 9}>
292.0875 	DATA 	Keypress: c
292.1014 	EXP 	fixation: autoDraw = False
292.1014 	EXP 	line1: autoDraw = False
292.1014 	EXP 	line2: autoDraw = False
292.1014 	EXP 	line3: autoDraw = False
292.1014 	EXP 	line4: autoDraw = False
292.1014 	EXP 	probe: autoDraw = False
292.1014 	EXP 	fixation: autoDraw = True
293.1005 	EXP 	fixation: autoDraw = False
293.1005 	EXP 	line1: autoDraw = True
293.1005 	EXP 	line2: autoDraw = True
293.1005 	EXP 	line3: autoDraw = True
293.1005 	EXP 	line4: autoDraw = True
294.1003 	INFO 	Keyboard events cleared
294.0997 	EXP 	probe: autoDraw = True
294.6020 	EXP 	New trial (rep=11, index=41): <Trial 41 (41 in rep 11) data={'pos': -150, 'corr_resp': 'z', 'thisN': 41, 'thisTrialN': 41, 'thisRepN': 11}>
294.6038 	DATA 	Keypress: x
294.6161 	EXP 	fixation: autoDraw = False
294.6161 	EXP 	line1: autoDraw = False
294.6161 	EXP 	line2: autoDraw = False
294.6161 	EXP 	line3: autoDraw = False
294.6161 	EXP 	line4: autoDraw = False
294.6161 	EXP 	probe: autoDraw = False
294.6161 	EXP 	fixation: autoDraw = True
295.6151 	EXP 	fixation: autoDraw = False
295.6151 	EXP 	line1: autoDraw = True
295.6151 	EXP 	line2: autoDraw = True
295.6151 	EXP 	line3: autoDraw = True
295.6151 	EXP 	line4: autoDraw = True
296.6146 	INFO 	Keyboard events cleared
296.6140 	EXP 	probe: autoDraw = True
297.0652 	EXP 	New trial (rep=12, index=42): <Trial 42 (42 in rep 12) data={'pos': -150, 'corr_resp': 'z', 'thisN': 42, 'thisTrialN': 42, 'thisRepN': 12}>
297.0666 	DATA 	Keypress: z
297.0805 	EXP 	fixation: autoDraw = False
297.0805 	EXP 	line1: autoDraw = False
297.0805 	EXP 	line2: autoDraw = False
297.0805 	EXP 	line3: autoDraw = False
297.0805 	EXP 	line4: autoDraw = False
297.0805 	EXP 	probe: autoDraw = False
297.0805 	EXP 	fixation: autoDraw = True
298.0796 	EXP 	fixation: autoDraw = False
298.0796 	EXP 	line1: autoDraw = True
298.0796 	EXP 	line2: autoDraw = True
298.0796 	EXP 	line3: autoDraw = True
298.0796 	EXP 	line4: autoDraw = True
299.0796 	INFO 	Keyboard events cleared
299.0788 	EXP 	probe: autoDraw = True
299.5139 	EXP 	New trial (rep=13, index=43): <Trial 43 (43 in rep 13) data={'pos': -150, 'corr_resp': 'z', 'thisN': 43, 'thisTrialN': 43, 'thisRepN': 13}>
299.5163 	DATA 	Keypress: z
299.5284 	EXP 	fixation: autoDraw = False
299.5284 	EXP 	line1: autoDraw = False
299.5284 	EXP 	line2: autoDraw = False
299.5284 	EXP 	line3: autoDraw = False
299.5284 	EXP 	line4: autoDraw = False
299.5284 	EXP 	probe: autoDraw = False
299.5284 	EXP 	fixation: autoDraw = True
300.5273 	EXP 	line1: autoDraw = True
300.5273 	EXP 	line2: autoDraw = True
300.5273 	EXP 	line3: autoDraw = True
300.5273 	EXP 	line4: autoDraw = True
300.5439 	EXP 	fixation: autoDraw = False
301.5270 	INFO 	Keyboard events cleared
301.5264 	EXP 	probe: autoDraw = True
301.9107 	EXP 	New trial (rep=9, index=44): <Trial 44 (44 in rep 9) data={'pos': 50, 'corr_resp': 'c', 'thisN': 44, 'thisTrialN': 44, 'thisRepN': 9}>
301.9120 	DATA 	Keypress: z
301.9261 	EXP 	fixation: autoDraw = False
301.9261 	EXP 	line1: autoDraw = False
301.9261 	EXP 	line2: autoDraw = False
301.9261 	EXP 	line3: autoDraw = False
301.9261 	EXP 	line4: autoDraw = False
301.9261 	EXP 	probe: autoDraw = False
301.9261 	EXP 	fixation: autoDraw = True
302.9255 	EXP 	fixation: autoDraw = False
302.9255 	EXP 	line1: autoDraw = True
302.9255 	EXP 	line2: autoDraw = True
302.9255 	EXP 	line3: autoDraw = True
302.9255 	EXP 	line4: autoDraw = True
303.9248 	INFO 	Keyboard events cleared
303.9243 	EXP 	probe: autoDraw = True
304.5922 	EXP 	New trial (rep=10, index=45): <Trial 45 (45 in rep 10) data={'pos': -50, 'corr_resp': 'x', 'thisN': 45, 'thisTrialN': 45, 'thisRepN': 10}>
304.5935 	DATA 	Keypress: c
304.6070 	EXP 	fixation: autoDraw = False
304.6070 	EXP 	line1: autoDraw = False
304.6070 	EXP 	line2: autoDraw = False
304.6070 	EXP 	line3: autoDraw = False
304.6070 	EXP 	line4: autoDraw = False
304.6070 	EXP 	probe: autoDraw = False
304.6070 	EXP 	fixation: autoDraw = True
305.6057 	EXP 	line1: autoDraw = True
305.6057 	EXP 	line2: autoDraw = True
305.6057 	EXP 	line3: autoDraw = True
305.6057 	EXP 	line4: autoDraw = True
305.6222 	EXP 	fixation: autoDraw = False
306.6052 	INFO 	Keyboard events cleared
306.6048 	EXP 	probe: autoDraw = True
307.0890 	EXP 	New trial (rep=11, index=46): <Trial 46 (46 in rep 11) data={'pos': 150, 'corr_resp': 'v', 'thisN': 46, 'thisTrialN': 46, 'thisRepN': 11}>
307.0902 	DATA 	Keypress: x
307.1044 	EXP 	fixation: autoDraw = False
307.1044 	EXP 	line1: autoDraw = False
307.1044 	EXP 	line2: autoDraw = False
307.1044 	EXP 	line3: autoDraw = False
307.1044 	EXP 	line4: autoDraw = False
307.1044 	EXP 	probe: autoDraw = False
307.1044 	EXP 	fixation: autoDraw = True
308.1034 	EXP 	fixation: autoDraw = False
308.1034 	EXP 	line1: autoDraw = True
308.1034 	EXP 	line2: autoDraw = True
308.1034 	EXP 	line3: autoDraw = True
308.1034 	EXP 	line4: autoDraw = True
309.1034 	INFO 	Keyboard events cleared
309.1029 	EXP 	probe: autoDraw = True
309.6370 	EXP 	New trial (rep=14, index=47): <Trial 47 (47 in rep 14) data={'pos': -150, 'corr_resp': 'z', 'thisN': 47, 'thisTrialN': 47, 'thisRepN': 14}>
309.6385 	DATA 	Keypress: v
309.6522 	EXP 	fixation: autoDraw = False
309.6522 	EXP 	line1: autoDraw = False
309.6522 	EXP 	line2: autoDraw = False
309.6522 	EXP 	line3: autoDraw = False
309.6522 	EXP 	line4: autoDraw = False
309.6522 	EXP 	probe: autoDraw = False
309.6522 	EXP 	fixation: autoDraw = True
310.6512 	EXP 	fixation: autoDraw = False
310.6512 	EXP 	line1: autoDraw = True
310.6512 	EXP 	line2: autoDraw = True
310.6512 	EXP 	line3: autoDraw = True
310.6512 	EXP 	line4: autoDraw = True
311.6510 	INFO 	Keyboard events cleared
311.6506 	EXP 	probe: autoDraw = True
312.0682 	EXP 	New trial (rep=10, index=48): <Trial 48 (48 in rep 10) data={'pos': 50, 'corr_resp': 'c', 'thisN': 48, 'thisTrialN': 48, 'thisRepN': 10}>
312.0694 	DATA 	Keypress: z
312.0833 	EXP 	fixation: autoDraw = False
312.0833 	EXP 	line1: autoDraw = False
312.0833 	EXP 	line2: autoDraw = False
312.0833 	EXP 	line3: autoDraw = False
312.0833 	EXP 	line4: autoDraw = False
312.0833 	EXP 	probe: autoDraw = False
312.0833 	EXP 	fixation: autoDraw = True
313.0824 	EXP 	fixation: autoDraw = False
313.0824 	EXP 	line1: autoDraw = True
313.0824 	EXP 	line2: autoDraw = True
313.0824 	EXP 	line3: autoDraw = True
313.0824 	EXP 	line4: autoDraw = True
314.0822 	INFO 	Keyboard events cleared
314.0817 	EXP 	probe: autoDraw = True
314.7990 	EXP 	New trial (rep=12, index=49): <Trial 49 (49 in rep 12) data={'pos': 150, 'corr_resp': 'v', 'thisN': 49, 'thisTrialN': 49, 'thisRepN': 12}>
314.8003 	DATA 	Keypress: c
314.8145 	EXP 	fixation: autoDraw = False
314.8145 	EXP 	line1: autoDraw = False
314.8145 	EXP 	line2: autoDraw = False
314.8145 	EXP 	line3: autoDraw = False
314.8145 	EXP 	line4: autoDraw = False
314.8145 	EXP 	probe: autoDraw = False
314.8145 	EXP 	fixation: autoDraw = True
315.8134 	EXP 	line1: autoDraw = True
315.8134 	EXP 	line2: autoDraw = True
315.8134 	EXP 	line3: autoDraw = True
315.8134 	EXP 	line4: autoDraw = True
315.8300 	EXP 	fixation: autoDraw = False
316.8131 	INFO 	Keyboard events cleared
316.8126 	EXP 	probe: autoDraw = True
317.3471 	EXP 	New trial (rep=11, index=50): <Trial 50 (50 in rep 11) data={'pos': -50, 'corr_resp': 'x', 'thisN': 50, 'thisTrialN': 50, 'thisRepN': 11}>
317.3484 	DATA 	Keypress: v
317.3622 	EXP 	fixation: autoDraw = False
317.3622 	EXP 	line1: autoDraw = False
317.3622 	EXP 	line2: autoDraw = False
317.3622 	EXP 	line3: autoDraw = False
317.3622 	EXP 	line4: autoDraw = False
317.3622 	EXP 	probe: autoDraw = False
317.3622 	EXP 	fixation: autoDraw = True
318.3613 	EXP 	fixation: autoDraw = False
318.3613 	EXP 	line1: autoDraw = True
318.3613 	EXP 	line2: autoDraw = True
318.3613 	EXP 	line3: autoDraw = True
318.3613 	EXP 	line4: autoDraw = True
319.3608 	INFO 	Keyboard events cleared
319.3604 	EXP 	probe: autoDraw = True
319.7784 	EXP 	New trial (rep=15, index=51): <Trial 51 (51 in rep 15) data={'pos': -150, 'corr_resp': 'z', 'thisN': 51, 'thisTrialN': 51, 'thisRepN': 15}>
319.7800 	DATA 	Keypress: x
319.7935 	EXP 	fixation: autoDraw = False
319.7935 	EXP 	line1: autoDraw = False
319.7935 	EXP 	line2: autoDraw = False
319.7935 	EXP 	line3: autoDraw = False
319.7935 	EXP 	line4: autoDraw = False
319.7935 	EXP 	probe: autoDraw = False
319.7935 	EXP 	fixation: autoDraw = True
320.7924 	EXP 	line1: autoDraw = True
320.7924 	EXP 	line2: autoDraw = True
320.7924 	EXP 	line3: autoDraw = True
320.7924 	EXP 	line4: autoDraw = True
320.8089 	EXP 	fixation: autoDraw = False
321.7920 	INFO 	Keyboard events cleared
321.7914 	EXP 	probe: autoDraw = True
322.2431 	EXP 	New trial (rep=12, index=52): <Trial 52 (52 in rep 12) data={'pos': -50, 'corr_resp': 'x', 'thisN': 52, 'thisTrialN': 52, 'thisRepN': 12}>
322.2448 	DATA 	Keypress: z
322.2579 	EXP 	fixation: autoDraw = False
322.2579 	EXP 	line1: autoDraw = False
322.2579 	EXP 	line2: autoDraw = False
322.2579 	EXP 	line3: autoDraw = False
322.2579 	EXP 	line4: autoDraw = False
322.2579 	EXP 	probe: autoDraw = False
322.2579 	EXP 	fixation: autoDraw = True
323.2569 	EXP 	fixation: autoDraw = False
323.2569 	EXP 	line1: autoDraw = True
323.2569 	EXP 	line2: autoDraw = True
323.2569 	EXP 	line3: autoDraw = True
323.2569 	EXP 	line4: autoDraw = True
324.2564 	INFO 	Keyboard events cleared
324.2560 	EXP 	probe: autoDraw = True
324.6906 	EXP 	New trial (rep=16, index=53): <Trial 53 (53 in rep 16) data={'pos': -150, 'corr_resp': 'z', 'thisN': 53, 'thisTrialN': 53, 'thisRepN': 16}>
324.6918 	DATA 	Keypress: x
324.7058 	EXP 	fixation: autoDraw = False
324.7058 	EXP 	line1: autoDraw = False
324.7058 	EXP 	line2: autoDraw = False
324.7058 	EXP 	line3: autoDraw = False
324.7058 	EXP 	line4: autoDraw = False
324.7058 	EXP 	probe: autoDraw = False
324.7058 	EXP 	fixation: autoDraw = True
325.7052 	EXP 	fixation: autoDraw = False
325.7052 	EXP 	line1: autoDraw = True
325.7052 	EXP 	line2: autoDraw = True
325.7052 	EXP 	line3: autoDraw = True
325.7052 	EXP 	line4: autoDraw = True
326.7046 	INFO 	Keyboard events cleared
326.7040 	EXP 	probe: autoDraw = True
327.1554 	EXP 	New trial (rep=11, index=54): <Trial 54 (54 in rep 11) data={'pos': 50, 'corr_resp': 'c', 'thisN': 54, 'thisTrialN': 54, 'thisRepN': 11}>
327.1573 	DATA 	Keypress: z
327.1702 	EXP 	fixation: autoDraw = False
327.1702 	EXP 	line1: autoDraw = False
327.1702 	EXP 	line2: autoDraw = False
327.1702 	EXP 	line3: autoDraw = False
327.1702 	EXP 	line4: autoDraw = False
327.1702 	EXP 	probe: autoDraw = False
327.1702 	EXP 	fixation: autoDraw = True
328.1693 	EXP 	fixation: autoDraw = False
328.1693 	EXP 	line1: autoDraw = True
328.1693 	EXP 	line2: autoDraw = True
328.1693 	EXP 	line3: autoDraw = True
328.1693 	EXP 	line4: autoDraw = True
329.1693 	INFO 	Keyboard events cleared
329.1687 	EXP 	probe: autoDraw = True
329.7869 	EXP 	New trial (rep=13, index=55): <Trial 55 (55 in rep 13) data={'pos': -50, 'corr_resp': 'x', 'thisN': 55, 'thisTrialN': 55, 'thisRepN': 13}>
329.7888 	DATA 	Keypress: c
329.8014 	EXP 	fixation: autoDraw = False
329.8014 	EXP 	line1: autoDraw = False
329.8014 	EXP 	line2: autoDraw = False
329.8014 	EXP 	line3: autoDraw = False
329.8014 	EXP 	line4: autoDraw = False
329.8014 	EXP 	probe: autoDraw = False
329.8014 	EXP 	fixation: autoDraw = True
330.8006 	EXP 	fixation: autoDraw = False
330.8006 	EXP 	line1: autoDraw = True
330.8006 	EXP 	line2: autoDraw = True
330.8006 	EXP 	line3: autoDraw = True
330.8006 	EXP 	line4: autoDraw = True
331.8005 	INFO 	Keyboard events cleared
331.8000 	EXP 	probe: autoDraw = True
332.3181 	EXP 	New trial (rep=14, index=56): <Trial 56 (56 in rep 14) data={'pos': -50, 'corr_resp': 'x', 'thisN': 56, 'thisTrialN': 56, 'thisRepN': 14}>
332.3195 	DATA 	Keypress: x
332.3330 	EXP 	fixation: autoDraw = False
332.3330 	EXP 	line1: autoDraw = False
332.3330 	EXP 	line2: autoDraw = False
332.3330 	EXP 	line3: autoDraw = False
332.3330 	EXP 	line4: autoDraw = False
332.3330 	EXP 	probe: autoDraw = False
332.3330 	EXP 	fixation: autoDraw = True
333.3324 	EXP 	fixation: autoDraw = False
333.3324 	EXP 	line1: autoDraw = True
333.3324 	EXP 	line2: autoDraw = True
333.3324 	EXP 	line3: autoDraw = True
333.3324 	EXP 	line4: autoDraw = True
334.3318 	INFO 	Keyboard events cleared
334.3313 	EXP 	probe: autoDraw = True
334.7327 	EXP 	New trial (rep=13, index=57): <Trial 57 (57 in rep 13) data={'pos': 150, 'corr_resp': 'v', 'thisN': 57, 'thisTrialN': 57, 'thisRepN': 13}>
334.7344 	DATA 	Keypress: x
334.7476 	EXP 	fixation: autoDraw = False
334.7476 	EXP 	line1: autoDraw = False
334.7476 	EXP 	line2: autoDraw = False
334.7476 	EXP 	line3: autoDraw = False
334.7476 	EXP 	line4: autoDraw = False
334.7476 	EXP 	probe: autoDraw = False
334.7476 	EXP 	fixation: autoDraw = True
335.7465 	EXP 	line1: autoDraw = True
335.7465 	EXP 	line2: autoDraw = True
335.7465 	EXP 	line3: autoDraw = True
335.7465 	EXP 	line4: autoDraw = True
335.7632 	EXP 	fixation: autoDraw = False
336.7466 	INFO 	Keyboard events cleared
336.7459 	EXP 	probe: autoDraw = True
337.3143 	EXP 	New trial (rep=12, index=58): <Trial 58 (58 in rep 12) data={'pos': 50, 'corr_resp': 'c', 'thisN': 58, 'thisTrialN': 58, 'thisRepN': 12}>
337.3163 	DATA 	Keypress: v
337.3287 	EXP 	fixation: autoDraw = False
337.3287 	EXP 	line1: autoDraw = False
337.3287 	EXP 	line2: autoDraw = False
337.3287 	EXP 	line3: autoDraw = False
337.3287 	EXP 	line4: autoDraw = False
337.3287 	EXP 	probe: autoDraw = False
337.3287 	EXP 	fixation: autoDraw = True
338.3279 	EXP 	fixation: autoDraw = False
338.3279 	EXP 	line1: autoDraw = True
338.3279 	EXP 	line2: autoDraw = True
338.3279 	EXP 	line3: autoDraw = True
338.3279 	EXP 	line4: autoDraw = True
339.3273 	INFO 	Keyboard events cleared
339.3269 	EXP 	probe: autoDraw = True
339.8116 	EXP 	New trial (rep=17, index=59): <Trial 59 (59 in rep 17) data={'pos': -150, 'corr_resp': 'z', 'thisN': 59, 'thisTrialN': 59, 'thisRepN': 17}>
339.8130 	DATA 	Keypress: c
339.8265 	EXP 	fixation: autoDraw = False
339.8265 	EXP 	line1: autoDraw = False
339.8265 	EXP 	line2: autoDraw = False
339.8265 	EXP 	line3: autoDraw = False
339.8265 	EXP 	line4: autoDraw = False
339.8265 	EXP 	probe: autoDraw = False
339.8265 	EXP 	fixation: autoDraw = True
340.8256 	EXP 	fixation: autoDraw = False
340.8256 	EXP 	line1: autoDraw = True
340.8256 	EXP 	line2: autoDraw = True
340.8256 	EXP 	line3: autoDraw = True
340.8256 	EXP 	line4: autoDraw = True
341.8244 	INFO 	Keyboard events cleared
341.8240 	EXP 	probe: autoDraw = True
342.3419 	EXP 	New trial (rep=13, index=60): <Trial 60 (60 in rep 13) data={'pos': 50, 'corr_resp': 'c', 'thisN': 60, 'thisTrialN': 60, 'thisRepN': 13}>
342.3432 	DATA 	Keypress: z
342.3570 	EXP 	fixation: autoDraw = False
342.3570 	EXP 	line1: autoDraw = False
342.3570 	EXP 	line2: autoDraw = False
342.3570 	EXP 	line3: autoDraw = False
342.3570 	EXP 	line4: autoDraw = False
342.3570 	EXP 	probe: autoDraw = False
342.3570 	EXP 	fixation: autoDraw = True
343.3561 	EXP 	fixation: autoDraw = False
343.3561 	EXP 	line1: autoDraw = True
343.3561 	EXP 	line2: autoDraw = True
343.3561 	EXP 	line3: autoDraw = True
343.3561 	EXP 	line4: autoDraw = True
344.3557 	INFO 	Keyboard events cleared
344.3552 	EXP 	probe: autoDraw = True
344.8895 	EXP 	New trial (rep=14, index=61): <Trial 61 (61 in rep 14) data={'pos': 50, 'corr_resp': 'c', 'thisN': 61, 'thisTrialN': 61, 'thisRepN': 14}>
344.8908 	DATA 	Keypress: c
344.9048 	EXP 	fixation: autoDraw = False
344.9048 	EXP 	line1: autoDraw = False
344.9048 	EXP 	line2: autoDraw = False
344.9048 	EXP 	line3: autoDraw = False
344.9048 	EXP 	line4: autoDraw = False
344.9048 	EXP 	probe: autoDraw = False
344.9048 	EXP 	fixation: autoDraw = True
345.9041 	EXP 	fixation: autoDraw = False
345.9041 	EXP 	line1: autoDraw = True
345.9041 	EXP 	line2: autoDraw = True
345.9041 	EXP 	line3: autoDraw = True
345.9041 	EXP 	line4: autoDraw = True
346.9034 	INFO 	Keyboard events cleared
346.9029 	EXP 	probe: autoDraw = True
347.5369 	EXP 	New trial (rep=14, index=62): <Trial 62 (62 in rep 14) data={'pos': 150, 'corr_resp': 'v', 'thisN': 62, 'thisTrialN': 62, 'thisRepN': 14}>
347.5382 	DATA 	Keypress: c
347.5526 	EXP 	fixation: autoDraw = False
347.5526 	EXP 	line1: autoDraw = False
347.5526 	EXP 	line2: autoDraw = False
347.5526 	EXP 	line3: autoDraw = False
347.5526 	EXP 	line4: autoDraw = False
347.5526 	EXP 	probe: autoDraw = False
347.5526 	EXP 	fixation: autoDraw = True
348.5515 	EXP 	fixation: autoDraw = False
348.5515 	EXP 	line1: autoDraw = True
348.5515 	EXP 	line2: autoDraw = True
348.5515 	EXP 	line3: autoDraw = True
348.5515 	EXP 	line4: autoDraw = True
349.5513 	INFO 	Keyboard events cleared
349.5508 	EXP 	probe: autoDraw = True
350.1022 	EXP 	New trial (rep=15, index=63): <Trial 63 (63 in rep 15) data={'pos': 50, 'corr_resp': 'c', 'thisN': 63, 'thisTrialN': 63, 'thisRepN': 15}>
350.1041 	DATA 	Keypress: v
350.1169 	EXP 	fixation: autoDraw = False
350.1169 	EXP 	line1: autoDraw = False
350.1169 	EXP 	line2: autoDraw = False
350.1169 	EXP 	line3: autoDraw = False
350.1169 	EXP 	line4: autoDraw = False
350.1169 	EXP 	probe: autoDraw = False
350.1169 	EXP 	fixation: autoDraw = True
351.1162 	EXP 	fixation: autoDraw = False
351.1162 	EXP 	line1: autoDraw = True
351.1162 	EXP 	line2: autoDraw = True
351.1162 	EXP 	line3: autoDraw = True
351.1162 	EXP 	line4: autoDraw = True
352.1158 	INFO 	Keyboard events cleared
352.1152 	EXP 	probe: autoDraw = True
352.6499 	EXP 	New trial (rep=15, index=64): <Trial 64 (64 in rep 15) data={'pos': 150, 'corr_resp': 'v', 'thisN': 64, 'thisTrialN': 64, 'thisRepN': 15}>
352.6515 	DATA 	Keypress: c
352.6647 	EXP 	fixation: autoDraw = False
352.6647 	EXP 	line1: autoDraw = False
352.6647 	EXP 	line2: autoDraw = False
352.6647 	EXP 	line3: autoDraw = False
352.6647 	EXP 	line4: autoDraw = False
352.6647 	EXP 	probe: autoDraw = False
352.6647 	EXP 	fixation: autoDraw = True
353.6639 	EXP 	fixation: autoDraw = False
353.6639 	EXP 	line1: autoDraw = True
353.6639 	EXP 	line2: autoDraw = True
353.6639 	EXP 	line3: autoDraw = True
353.6639 	EXP 	line4: autoDraw = True
354.6638 	INFO 	Keyboard events cleared
354.6631 	EXP 	probe: autoDraw = True
355.1812 	EXP 	New trial (rep=18, index=65): <Trial 65 (65 in rep 18) data={'pos': -150, 'corr_resp': 'z', 'thisN': 65, 'thisTrialN': 65, 'thisRepN': 18}>
355.1830 	DATA 	Keypress: v
355.1961 	EXP 	fixation: autoDraw = False
355.1961 	EXP 	line1: autoDraw = False
355.1961 	EXP 	line2: autoDraw = False
355.1961 	EXP 	line3: autoDraw = False
355.1961 	EXP 	line4: autoDraw = False
355.1961 	EXP 	probe: autoDraw = False
355.1961 	EXP 	fixation: autoDraw = True
356.1951 	EXP 	fixation: autoDraw = False
356.1951 	EXP 	line1: autoDraw = True
356.1951 	EXP 	line2: autoDraw = True
356.1951 	EXP 	line3: autoDraw = True
356.1951 	EXP 	line4: autoDraw = True
357.1949 	INFO 	Keyboard events cleared
357.1944 	EXP 	probe: autoDraw = True
357.6957 	EXP 	New trial (rep=15, index=66): <Trial 66 (66 in rep 15) data={'pos': -50, 'corr_resp': 'x', 'thisN': 66, 'thisTrialN': 66, 'thisRepN': 15}>
357.6969 	DATA 	Keypress: z
357.7108 	EXP 	fixation: autoDraw = False
357.7108 	EXP 	line1: autoDraw = False
357.7108 	EXP 	line2: autoDraw = False
357.7108 	EXP 	line3: autoDraw = False
357.7108 	EXP 	line4: autoDraw = False
357.7108 	EXP 	probe: autoDraw = False
357.7108 	EXP 	fixation: autoDraw = True
358.7100 	EXP 	fixation: autoDraw = False
358.7100 	EXP 	line1: autoDraw = True
358.7100 	EXP 	line2: autoDraw = True
358.7100 	EXP 	line3: autoDraw = True
358.7100 	EXP 	line4: autoDraw = True
359.7100 	INFO 	Keyboard events cleared
359.7093 	EXP 	probe: autoDraw = True
360.1940 	EXP 	New trial (rep=16, index=67): <Trial 67 (67 in rep 16) data={'pos': 50, 'corr_resp': 'c', 'thisN': 67, 'thisTrialN': 67, 'thisRepN': 16}>
360.1959 	DATA 	Keypress: x
360.2087 	EXP 	fixation: autoDraw = False
360.2087 	EXP 	line1: autoDraw = False
360.2087 	EXP 	line2: autoDraw = False
360.2087 	EXP 	line3: autoDraw = False
360.2087 	EXP 	line4: autoDraw = False
360.2087 	EXP 	probe: autoDraw = False
360.2087 	EXP 	fixation: autoDraw = True
361.2079 	EXP 	fixation: autoDraw = False
361.2079 	EXP 	line1: autoDraw = True
361.2079 	EXP 	line2: autoDraw = True
361.2079 	EXP 	line3: autoDraw = True
361.2079 	EXP 	line4: autoDraw = True
362.2076 	INFO 	Keyboard events cleared
362.2071 	EXP 	probe: autoDraw = True
362.6750 	EXP 	New trial (rep=17, index=68): <Trial 68 (68 in rep 17) data={'pos': 50, 'corr_resp': 'c', 'thisN': 68, 'thisTrialN': 68, 'thisRepN': 17}>
362.6767 	DATA 	Keypress: c
362.6899 	EXP 	fixation: autoDraw = False
362.6899 	EXP 	line1: autoDraw = False
362.6899 	EXP 	line2: autoDraw = False
362.6899 	EXP 	line3: autoDraw = False
362.6899 	EXP 	line4: autoDraw = False
362.6899 	EXP 	probe: autoDraw = False
362.6899 	EXP 	fixation: autoDraw = True
363.6892 	EXP 	fixation: autoDraw = False
363.6892 	EXP 	line1: autoDraw = True
363.6892 	EXP 	line2: autoDraw = True
363.6892 	EXP 	line3: autoDraw = True
363.6892 	EXP 	line4: autoDraw = True
364.6885 	INFO 	Keyboard events cleared
364.6880 	EXP 	probe: autoDraw = True
365.4565 	EXP 	New trial (rep=19, index=69): <Trial 69 (69 in rep 19) data={'pos': -150, 'corr_resp': 'z', 'thisN': 69, 'thisTrialN': 69, 'thisRepN': 19}>
365.4592 	DATA 	Keypress: c
365.4707 	EXP 	fixation: autoDraw = False
365.4707 	EXP 	line1: autoDraw = False
365.4707 	EXP 	line2: autoDraw = False
365.4707 	EXP 	line3: autoDraw = False
365.4707 	EXP 	line4: autoDraw = False
365.4707 	EXP 	probe: autoDraw = False
365.4707 	EXP 	fixation: autoDraw = True
366.4700 	EXP 	fixation: autoDraw = False
366.4700 	EXP 	line1: autoDraw = True
366.4700 	EXP 	line2: autoDraw = True
366.4700 	EXP 	line3: autoDraw = True
366.4700 	EXP 	line4: autoDraw = True
367.4690 	INFO 	Keyboard events cleared
367.4683 	EXP 	probe: autoDraw = True
367.9029 	EXP 	New trial (rep=16, index=70): <Trial 70 (70 in rep 16) data={'pos': 150, 'corr_resp': 'v', 'thisN': 70, 'thisTrialN': 70, 'thisRepN': 16}>
367.9045 	DATA 	Keypress: z
367.9181 	EXP 	fixation: autoDraw = False
367.9181 	EXP 	line1: autoDraw = False
367.9181 	EXP 	line2: autoDraw = False
367.9181 	EXP 	line3: autoDraw = False
367.9181 	EXP 	line4: autoDraw = False
367.9181 	EXP 	probe: autoDraw = False
367.9181 	EXP 	fixation: autoDraw = True
368.9172 	EXP 	line1: autoDraw = True
368.9172 	EXP 	line2: autoDraw = True
368.9172 	EXP 	line3: autoDraw = True
368.9172 	EXP 	line4: autoDraw = True
368.9337 	EXP 	fixation: autoDraw = False
369.9169 	INFO 	Keyboard events cleared
369.9164 	EXP 	probe: autoDraw = True
370.4007 	EXP 	New trial (rep=16, index=71): <Trial 71 (71 in rep 16) data={'pos': -50, 'corr_resp': 'x', 'thisN': 71, 'thisTrialN': 71, 'thisRepN': 16}>
370.4019 	DATA 	Keypress: v
370.4160 	EXP 	fixation: autoDraw = False
370.4160 	EXP 	line1: autoDraw = False
370.4160 	EXP 	line2: autoDraw = False
370.4160 	EXP 	line3: autoDraw = False
370.4160 	EXP 	line4: autoDraw = False
370.4160 	EXP 	probe: autoDraw = False
370.4160 	EXP 	fixation: autoDraw = True
371.4150 	EXP 	line1: autoDraw = True
371.4150 	EXP 	line2: autoDraw = True
371.4150 	EXP 	line3: autoDraw = True
371.4150 	EXP 	line4: autoDraw = True
371.4316 	EXP 	fixation: autoDraw = False
372.4147 	INFO 	Keyboard events cleared
372.4140 	EXP 	probe: autoDraw = True
372.8318 	EXP 	New trial (rep=17, index=72): <Trial 72 (72 in rep 17) data={'pos': -50, 'corr_resp': 'x', 'thisN': 72, 'thisTrialN': 72, 'thisRepN': 17}>
372.8331 	DATA 	Keypress: x
372.8470 	EXP 	fixation: autoDraw = False
372.8470 	EXP 	line1: autoDraw = False
372.8470 	EXP 	line2: autoDraw = False
372.8470 	EXP 	line3: autoDraw = False
372.8470 	EXP 	line4: autoDraw = False
372.8470 	EXP 	probe: autoDraw = False
372.8470 	EXP 	fixation: autoDraw = True
373.8460 	EXP 	fixation: autoDraw = False
373.8460 	EXP 	line1: autoDraw = True
373.8460 	EXP 	line2: autoDraw = True
373.8460 	EXP 	line3: autoDraw = True
373.8460 	EXP 	line4: autoDraw = True
374.8460 	INFO 	Keyboard events cleared
374.8454 	EXP 	probe: autoDraw = True
375.2131 	EXP 	New trial (rep=17, index=73): <Trial 73 (73 in rep 17) data={'pos': 150, 'corr_resp': 'v', 'thisN': 73, 'thisTrialN': 73, 'thisRepN': 17}>
375.2143 	DATA 	Keypress: x
375.2283 	EXP 	fixation: autoDraw = False
375.2283 	EXP 	line1: autoDraw = False
375.2283 	EXP 	line2: autoDraw = False
375.2283 	EXP 	line3: autoDraw = False
375.2283 	EXP 	line4: autoDraw = False
375.2283 	EXP 	probe: autoDraw = False
375.2283 	EXP 	fixation: autoDraw = True
376.2275 	EXP 	fixation: autoDraw = False
376.2275 	EXP 	line1: autoDraw = True
376.2275 	EXP 	line2: autoDraw = True
376.2275 	EXP 	line3: autoDraw = True
376.2275 	EXP 	line4: autoDraw = True
377.2271 	INFO 	Keyboard events cleared
377.2266 	EXP 	probe: autoDraw = True
377.6445 	EXP 	New trial (rep=18, index=74): <Trial 74 (74 in rep 18) data={'pos': 50, 'corr_resp': 'c', 'thisN': 74, 'thisTrialN': 74, 'thisRepN': 18}>
377.6464 	DATA 	Keypress: v
377.6593 	EXP 	fixation: autoDraw = False
377.6593 	EXP 	line1: autoDraw = False
377.6593 	EXP 	line2: autoDraw = False
377.6593 	EXP 	line3: autoDraw = False
377.6593 	EXP 	line4: autoDraw = False
377.6593 	EXP 	probe: autoDraw = False
377.6593 	EXP 	fixation: autoDraw = True
378.6584 	EXP 	fixation: autoDraw = False
378.6584 	EXP 	line1: autoDraw = True
378.6584 	EXP 	line2: autoDraw = True
378.6584 	EXP 	line3: autoDraw = True
378.6584 	EXP 	line4: autoDraw = True
379.6583 	INFO 	Keyboard events cleared
379.6578 	EXP 	probe: autoDraw = True
380.1752 	EXP 	New trial (rep=18, index=75): <Trial 75 (75 in rep 18) data={'pos': 150, 'corr_resp': 'v', 'thisN': 75, 'thisTrialN': 75, 'thisRepN': 18}>
380.1764 	DATA 	Keypress: c
380.1906 	EXP 	fixation: autoDraw = False
380.1906 	EXP 	line1: autoDraw = False
380.1906 	EXP 	line2: autoDraw = False
380.1906 	EXP 	line3: autoDraw = False
380.1906 	EXP 	line4: autoDraw = False
380.1906 	EXP 	probe: autoDraw = False
380.1906 	EXP 	fixation: autoDraw = True
381.1900 	EXP 	fixation: autoDraw = False
381.1900 	EXP 	line1: autoDraw = True
381.1900 	EXP 	line2: autoDraw = True
381.1900 	EXP 	line3: autoDraw = True
381.1900 	EXP 	line4: autoDraw = True
382.1891 	INFO 	Keyboard events cleared
382.1887 	EXP 	probe: autoDraw = True
382.6065 	EXP 	New trial (rep=19, index=76): <Trial 76 (76 in rep 19) data={'pos': 150, 'corr_resp': 'v', 'thisN': 76, 'thisTrialN': 76, 'thisRepN': 19}>
382.6078 	DATA 	Keypress: v
382.6218 	EXP 	fixation: autoDraw = False
382.6218 	EXP 	line1: autoDraw = False
382.6218 	EXP 	line2: autoDraw = False
382.6218 	EXP 	line3: autoDraw = False
382.6218 	EXP 	line4: autoDraw = False
382.6218 	EXP 	probe: autoDraw = False
382.6218 	EXP 	fixation: autoDraw = True
383.6210 	EXP 	fixation: autoDraw = False
383.6210 	EXP 	line1: autoDraw = True
383.6210 	EXP 	line2: autoDraw = True
383.6210 	EXP 	line3: autoDraw = True
383.6210 	EXP 	line4: autoDraw = True
384.6209 	INFO 	Keyboard events cleared
384.6202 	EXP 	probe: autoDraw = True
385.1049 	EXP 	New trial (rep=18, index=77): <Trial 77 (77 in rep 18) data={'pos': -50, 'corr_resp': 'x', 'thisN': 77, 'thisTrialN': 77, 'thisRepN': 18}>
385.1068 	DATA 	Keypress: v
385.1196 	EXP 	fixation: autoDraw = False
385.1196 	EXP 	line1: autoDraw = False
385.1196 	EXP 	line2: autoDraw = False
385.1196 	EXP 	line3: autoDraw = False
385.1196 	EXP 	line4: autoDraw = False
385.1196 	EXP 	probe: autoDraw = False
385.1196 	EXP 	fixation: autoDraw = True
386.1190 	EXP 	fixation: autoDraw = False
386.1190 	EXP 	line1: autoDraw = True
386.1190 	EXP 	line2: autoDraw = True
386.1190 	EXP 	line3: autoDraw = True
386.1190 	EXP 	line4: autoDraw = True
387.1191 	INFO 	Keyboard events cleared
387.1183 	EXP 	probe: autoDraw = True
387.6695 	EXP 	New trial (rep=19, index=78): <Trial 78 (78 in rep 19) data={'pos': -50, 'corr_resp': 'x', 'thisN': 78, 'thisTrialN': 78, 'thisRepN': 19}>
387.6713 	DATA 	Keypress: x
387.6840 	EXP 	fixation: autoDraw = False
387.6840 	EXP 	line1: autoDraw = False
387.6840 	EXP 	line2: autoDraw = False
387.6840 	EXP 	line3: autoDraw = False
387.6840 	EXP 	line4: autoDraw = False
387.6840 	EXP 	probe: autoDraw = False
387.6840 	EXP 	fixation: autoDraw = True
388.6831 	EXP 	fixation: autoDraw = False
388.6831 	EXP 	line1: autoDraw = True
388.6831 	EXP 	line2: autoDraw = True
388.6831 	EXP 	line3: autoDraw = True
388.6831 	EXP 	line4: autoDraw = True
389.6831 	INFO 	Keyboard events cleared
389.6824 	EXP 	probe: autoDraw = True
390.0846 	EXP 	New trial (rep=19, index=79): <Trial 79 (79 in rep 19) data={'pos': 50, 'corr_resp': 'c', 'thisN': 79, 'thisTrialN': 79, 'thisRepN': 19}>
390.0870 	DATA 	Keypress: x
390.0989 	EXP 	fixation: autoDraw = False
390.0989 	EXP 	line1: autoDraw = False
390.0989 	EXP 	line2: autoDraw = False
390.0989 	EXP 	line3: autoDraw = False
390.0989 	EXP 	line4: autoDraw = False
390.0989 	EXP 	probe: autoDraw = False
390.0989 	EXP 	fixation: autoDraw = True
391.0979 	EXP 	line1: autoDraw = True
391.0979 	EXP 	line2: autoDraw = True
391.0979 	EXP 	line3: autoDraw = True
391.0979 	EXP 	line4: autoDraw = True
391.1146 	EXP 	fixation: autoDraw = False
392.0978 	INFO 	Keyboard events cleared
392.0971 	EXP 	probe: autoDraw = True
392.6663 	DATA 	Keypress: c
392.6801 	EXP 	fixation: autoDraw = False
392.6801 	EXP 	line1: autoDraw = False
392.6801 	EXP 	line2: autoDraw = False
392.6801 	EXP 	line3: autoDraw = False
392.6801 	EXP 	line4: autoDraw = False
392.6801 	EXP 	probe: autoDraw = False
392.6803 	EXP 	Motor Seq Learning main code: status = STOPPED
392.7653 	INFO 	saved data to 'C:\\Users\\DELL\\OneDrive\\Desktop\\PsychoPy\\4 Motor Sequence Learning\\data/0001_Motor Seq Learning main code_2025-10-02_14h48.33.284.csv'
392.7690 	INFO 	saved data to C:\Users\DELL\OneDrive\Desktop\PsychoPy\4 Motor Sequence Learning\data/0001_Motor Seq Learning main code_2025-10-02_14h48.33.284.psydat
